#Columns,6,,,,,
#Header_Rows,12,,,,,
Field_Name,Sample_Name,IGSN,Material,Partial_Pressure_CO2_ppm,Partial_Pressure_CO2_moles_per_L,Methods_Deviation
Unit,N/A,N/A,N/A,parts per million,moles per liter,N/A
Unit_Basis,N/A,N/A,N/A,as headspace equilibrated gas extraction,as moles of carbon dioxide per liter of water,N/A
MethodID_Analysis,N/A,N/A,N/A,GAS_T_AN_000,GAS_T_AN_000,N/A
MethodID_Inspection,N/A,N/A,N/A,GAS_T_IN_000,GAS_T_IN_000,N/A
MethodID_Storage,N/A,N/A,N/A,GAS_T_ST_000,GAS_T_ST_000,N/A
MethodID_Preservation,N/A,N/A,N/A,GAS_T_PRES_000,GAS_T_PRES_000,N/A
MethodID_Preparation,N/A,N/A,N/A,GAS_T_PREP_000,GAS_T_PREP_000,N/A
MethodID_DataProcessing,N/A,N/A,N/A,GAS_T_DP_000,GAS_T_DP_000,N/A
Analysis_DetectionLimit,-9999,-9999,-9999,7.432,-9999,N/A
Analysis_Precision,-9999,-9999,-9999,-9999,-9999,N/A
Data_Status,N/A,N/A,N/A,ready_to_use,ready_to_use,N/A
#Start_Data,YEP1A_GAS-H2,10.58052/IEPRS01EB,Sediment,2563.822,9.73E-05,N/A
N/A,YEP1A_GAS-S1,10.58052/IEPRS01EB,Sediment,2270.271,8.62E-05,N/A
N/A,YEP1A_GAS-S2,10.58052/IEPRS01EB,Sediment,3026.043,0.000114875,N/A
N/A,YEP1A_GAS-U1,10.58052/IEPRS01EB,Sediment,2119.315,8.05E-05,N/A
N/A,YEP1B_GAS-H1,10.58052/IEPRS01EB,Sediment,2078.136,7.89E-05,N/A
N/A,YEP1B_GAS-H3,10.58052/IEPRS01EB,Sediment,3046.863,0.000115666,N/A
N/A,YEP1B_GAS-S3,10.58052/IEPRS01EB,Sediment,3013.643,0.000114404,N/A
N/A,YEP1B_GAS-U2,10.58052/IEPRS01EB,Sediment,1942.61,7.37E-05,N/A
N/A,YEP1B_GAS-U3,10.58052/IEPRS01EB,Sediment,4930.548,0.000187174,N/A
N/A,YEP1C_GAS-H4,10.58052/IEPRS01EB,Sediment,2855.741,0.00010841,N/A
N/A,YEP1C_GAS-H5,10.58052/IEPRS01EB,Sediment,2184.572,8.29E-05,N/A
N/A,YEP1C_GAS-S4,10.58052/IEPRS01EB,Sediment,2303.181,8.74E-05,N/A
N/A,YEP1C_GAS-S5,10.58052/IEPRS01EB,Sediment,2649.936,0.000100597,N/A
N/A,YEP1C_GAS-U4,10.58052/IEPRS01EB,Sediment,1961.061,7.44E-05,N/A
N/A,YEP1C_GAS-U5,10.58052/IEPRS01EB,Sediment,2486.172,9.44E-05,N/A
N/A,YEP2A_GAS-H1,10.58052/IEPRS01EA,Sediment,6421.339,0.000243768,N/A
N/A,YEP2A_GAS-H2,10.58052/IEPRS01EA,Sediment,6329.623,0.000240286,N/A
N/A,YEP2A_GAS-S1,10.58052/IEPRS01EA,Sediment,7107.472,0.000269815,N/A
N/A,YEP2A_GAS-S2,10.58052/IEPRS01EA,Sediment,-9999,-9999,VI_GAS_004
N/A,YEP2A_GAS-U1,10.58052/IEPRS01EA,Sediment,7563.999,0.000287146,N/A
N/A,YEP2A_GAS-U2,10.58052/IEPRS01EA,Sediment,6886.783,0.000261437,N/A
N/A,YEP2B_GAS-H3,10.58052/IEPRS01EA,Sediment,6811.89,0.000258594,N/A
N/A,YEP2B_GAS-S3,10.58052/IEPRS01EA,Sediment,8799.542,0.000334049,N/A
N/A,YEP2B_GAS-U3,10.58052/IEPRS01EA,Sediment,7307.682,0.000277415,N/A
N/A,YEP2C_GAS-H4,10.58052/IEPRS01EA,Sediment,5603.653,0.000212727,N/A
N/A,YEP2C_GAS-H5,10.58052/IEPRS01EA,Sediment,6015.506,0.000228362,N/A
N/A,YEP2C_GAS-S4,10.58052/IEPRS01EA,Sediment,6981.578,0.000265036,N/A
N/A,YEP2C_GAS-S5,10.58052/IEPRS01EA,Sediment,6883.616,0.000261317,N/A
N/A,YEP2C_GAS-U4,10.58052/IEPRS01EA,Sediment,7011.02,0.000266153,N/A
N/A,YEP2C_GAS-U5,10.58052/IEPRS01EA,Sediment,6748.607,0.000256192,N/A
#End_Data,,,,,,
