#Columns,8,,,,,,,
#Header_Rows,12,,,,,,,
Field_Name,Sample_Name,IGSN,Material,Extractable_NPOC_mg_per_L,Extractable_TN_mg_per_L,Extractable_NPOC_mg_per_kg,Extractable_TN_mg_per_kg,Methods_Deviation
Unit,N/A,N/A,N/A,milligrams per liter,milligrams per liter,milligrams per kilogram,milligrams per kilogram,N/A
Unit_Basis,N/A,N/A,N/A,as extractable dissolvable Carbon,as extractable dissolvable Nitrogen,as extractable milligrams Carbon per kilogram dry sediment ,as extractable milligrams Nitrogen per kilogram dry sediment ,N/A
MethodID_Analysis,N/A,N/A,N/A,NPOC_T_AN_020,TN_T_AN_018,NPOC_T_AN_020,TN_T_AN_018,N/A
MethodID_Inspection,N/A,N/A,N/A,NPOC_T_IN_020,TN_T_IN_018,NPOC_T_IN_020,TN_T_IN_018,N/A
MethodID_Storage,N/A,N/A,N/A,NPOC_T_ST_020,TN_T_ST_018,NPOC_T_ST_020,TN_T_ST_018,N/A
MethodID_Preservation,N/A,N/A,N/A,NPOC_T_PRES_020,TN_T_PRES_018,NPOC_T_PRES_020,TN_T_PRES_018,N/A
MethodID_Preparation,N/A,N/A,N/A,NPOC_T_PREP_020,TN_T_PREP_018,NPOC_T_PREP_020,TN_T_PREP_018,N/A
MethodID_DataProcessing,N/A,N/A,N/A,NPOC_T_DP_020,TN_T_DP_018,NPOC_T_DP_020,TN_T_DP_018,N/A
Analysis_DetectionLimit,-9999,-9999,-9999,0.17,0.015,-9999,-9999,N/A
Analysis_Precision,-9999,-9999,-9999,-9999,-9999,-9999,-9999,N/A
Data_Status,N/A,N/A,N/A,ready_to_use,ready_to_use,ready_to_use,ready_to_use,N/A
#Start_Data,YEP1A_SOC-1,10.58052/IEPRS01EB,Sediment,175.7,30.86,372.48,65.42,TNRERUN_003
N/A,YEP1A_SOC-2,10.58052/IEPRS01EB,Sediment,175.7,30.76,370.66,64.89,TNRERUN_003
N/A,YEP1A_SOC-3,10.58052/IEPRS01EB,Sediment,144.2,26.8,305.11,56.7,TNRERUN_003
N/A,YEP1A_SOC-H2,10.58052/IEPRS01EB,Sediment,101.08,20.51,299.61,60.79,NPOC_TN_000
N/A,YEP1A_SOC-S1,10.58052/IEPRS01EB,Sediment,106.96,20.57,310.72,59.76,N/A
N/A,YEP1A_SOC-S2,10.58052/IEPRS01EB,Sediment,91.42,18.03,276.86,54.6,NPOC_TN_000
N/A,YEP1A_SOC-U1,10.58052/IEPRS01EB,Sediment,121.24,TN_Above_3_ppm_Standard|3.3_ppm_Raw_Not_Corrected|23.09_ppm_Final_Corrected,342.89,TN_Above_3_ppm_Standard|3.3_ppm_Raw_Not_Corrected|65.3_ppm_Final_Corrected,DTL_003
N/A,YEP1B_SOC-1,10.58052/IEPRS01EB,Sediment,157.22,29.72,333.57,63.06,TNRERUN_003
N/A,YEP1B_SOC-2,10.58052/IEPRS01EB,Sediment,166.88,31.7,353.55,67.16,TNRERUN_003
N/A,YEP1B_SOC-3,10.58052/IEPRS01EB,Sediment,159.18,30.6,337.29,64.84,TNRERUN_003
N/A,YEP1B_SOC-H1,10.58052/IEPRS01EB,Sediment,95.97,20.4,316.7,67.32,TNRERUN_003
N/A,YEP1B_SOC-H3,10.58052/IEPRS01EB,Sediment,116.61,23.56,354.08,71.54,TNRERUN_003
N/A,YEP1B_SOC-S3,10.58052/IEPRS01EB,Sediment,103.91,22.18,311.58,66.51,TNRERUN_003
N/A,YEP1B_SOC-U2,10.58052/IEPRS01EB,Sediment,98.17,20.33,307.17,63.61,TNRERUN_003
N/A,YEP1B_SOC-U3,10.58052/IEPRS01EB,Sediment,105.66,23.91,310.07,70.17,TNRERUN_003
N/A,YEP1C_SOC-1,10.58052/IEPRS01EB,Sediment,186.48,34.38,395.3,72.88,TNRERUN_003
N/A,YEP1C_SOC-2,10.58052/IEPRS01EB,Sediment,176.4,34.58,373.53,73.22,TNRERUN_003
N/A,YEP1C_SOC-3,10.58052/IEPRS01EB,Sediment,173.18,33.33,367.01,70.63,TNRERUN_003
N/A,YEP1C_SOC-H4,10.58052/IEPRS01EB,Sediment,116.35,24.25,353.55,73.69,TNRERUN_003
N/A,YEP1C_SOC-H5,10.58052/IEPRS01EB,Sediment,115.25,22.5,351.53,68.63,TNRERUN_003
N/A,YEP1C_SOC-S4,10.58052/IEPRS01EB,Sediment,92.62,20.61,297.85,66.28,TNRERUN_003
N/A,YEP1C_SOC-S5,10.58052/IEPRS01EB,Sediment,100.48,23.77,301.49,71.32,TNRERUN_003
N/A,YEP1C_SOC-U4,10.58052/IEPRS01EB,Sediment,104.76,21.7,316.04,65.46,TNRERUN_003
N/A,YEP1C_SOC-U5,10.58052/IEPRS01EB,Sediment,124.31,24.81,367.8,73.41,TNRERUN_003
N/A,YEP1_SOC-1,10.58052/IEPRS01EB,Liquid>aqueous,144.62,23.6,305.7,49.89,TNRERUN_003
N/A,YEP1_SOC-2,10.58052/IEPRS01EB,Liquid>aqueous,146.58,25.09,309.23,52.93,TNRERUN_003
N/A,YEP1_SOC-3,10.58052/IEPRS01EB,Liquid>aqueous,154.42,24.89,326.09,52.56,TNRERUN_003
N/A,YEP2A_SOC-1,10.58052/IEPRS01EA,Sediment,9.08,1.5,30.96,5.12,NPOC_TN_000
N/A,YEP2A_SOC-2,10.58052/IEPRS01EA,Sediment,11.91,1.79,40.03,6.02,NPOC_TN_000
N/A,YEP2A_SOC-3,10.58052/IEPRS01EA,Sediment,9.59,1.52,32.39,5.13,N/A
N/A,YEP2A_SOC-H1,10.58052/IEPRS01EA,Sediment,9.86,2.59,25.52,6.7,N/A
N/A,YEP2A_SOC-H2,10.58052/IEPRS01EA,Sediment,9.05,2.45,23.59,6.39,N/A
N/A,YEP2A_SOC-S1,10.58052/IEPRS01EA,Sediment,4.67,2.23,12.59,6.01,N/A
N/A,YEP2A_SOC-S2,10.58052/IEPRS01EA,Sediment,4.14,2.35,11.03,6.26,NPOC_TN_000
N/A,YEP2A_SOC-U1,10.58052/IEPRS01EA,Sediment,8.27,2.27,22.39,6.15,N/A
N/A,YEP2A_SOC-U2,10.58052/IEPRS01EA,Sediment,10.11,2.54,26.47,6.65,NPOC_TN_000
N/A,YEP2B_SOC-1,10.58052/IEPRS01EA,Sediment,10.2,1.61,33.8,5.34,NPOC_TN_000
N/A,YEP2B_SOC-2,10.58052/IEPRS01EA,Sediment,9.57,1.53,32.59,5.21,NPOC_TN_000
N/A,YEP2B_SOC-3,10.58052/IEPRS01EA,Sediment,8.92,1.39,29.28,4.56,NPOC_TN_000
N/A,YEP2B_SOC-H3,10.58052/IEPRS01EA,Sediment,10.17,2.89,25.5,7.25,NPOC_TN_000
N/A,YEP2B_SOC-S3,10.58052/IEPRS01EA,Sediment,2.69,2.05,6.92,5.27,NPOC_TN_000
N/A,YEP2B_SOC-U3,10.58052/IEPRS01EA,Sediment,6.99,2.07,17.58,5.21,NPOC_TN_000
N/A,YEP2C_SOC-1,10.58052/IEPRS01EA,Sediment,8.47,1.35,28.67,4.57,N/A
N/A,YEP2C_SOC-2,10.58052/IEPRS01EA,Sediment,11.63,1.8,38.55,5.97,NPOC_TN_000
N/A,YEP2C_SOC-3,10.58052/IEPRS01EA,Sediment,9.92,1.58,32.93,5.25,NPOC_TN_000
N/A,YEP2C_SOC-H4,10.58052/IEPRS01EA,Sediment,9.05,2.53,26.01,7.27,NPOC_TN_000
N/A,YEP2C_SOC-H5,10.58052/IEPRS01EA,Sediment,8.89,2.4,22.62,6.11,NPOC_TN_000
N/A,YEP2C_SOC-S4,10.58052/IEPRS01EA,Sediment,3.38,2.15,8.75,5.56,NPOC_TN_000
N/A,YEP2C_SOC-S5,10.58052/IEPRS01EA,Sediment,3.52,2.19,9.2,5.73,NPOC_TN_000
N/A,YEP2C_SOC-U4,10.58052/IEPRS01EA,Sediment,7.88,2.28,20.7,5.99,NPOC_TN_000
N/A,YEP2C_SOC-U5,10.58052/IEPRS01EA,Sediment,8,2.22,20.89,5.8,NPOC_TN_000
N/A,YEP2_SOC-1,10.58052/IEPRS01EA,Sediment,13.66,1.7,46.5,5.79,NPOC_TN_000
N/A,YEP2_SOC-2,10.58052/IEPRS01EA,Sediment,10.88,1.35,36.97,4.59,NPOC_TN_000
N/A,YEP2_SOC-3,10.58052/IEPRS01EA,Sediment,15.31,1.62,51.98,5.5,NPOC_TN_000
N/A,YEP_OCN-HKA,N/A,Liquid>aqueous,9.34,1.93,-9999,-9999,NPOC_TN_000
N/A,YEP_OCN-HKB,N/A,Liquid>aqueous,9.26,1.91,-9999,-9999,NPOC_TN_000
N/A,YEP_OCN-HKC,N/A,Liquid>aqueous,9.24,1.96,-9999,-9999,NPOC_TN_000
N/A,YEP_OCN-HX1,N/A,Liquid>aqueous,66.72,3.73,-9999,-9999,N/A
N/A,YEP_OCN-HX2,N/A,Liquid>aqueous,65.88,3.31,-9999,-9999,N/A
N/A,YEP_OCN-HX3,N/A,Liquid>aqueous,66.24,3.37,-9999,-9999,N/A
N/A,YEP_OCN-SKA,N/A,Liquid>aqueous,0.28,1.74,-9999,-9999,NPOC_TN_000
N/A,YEP_OCN-SKB,N/A,Liquid>aqueous,0.28,1.74,-9999,-9999,N/A
N/A,YEP_OCN-SKC,N/A,Liquid>aqueous,0.31,1.72,-9999,-9999,NPOC_TN_000
N/A,YEP_OCN-SX1,N/A,Liquid>aqueous,NPOC_Below_0.17_ppm_LOD|0_ppm_Raw_Not_Corrected|0.01_ppm_Final_Corrected,6.74,-9999,-9999,DTL_003; NPOC_CV_030; NPOC_OUTLIER_000
N/A,YEP_OCN-SX2,N/A,Liquid>aqueous,NPOC_Below_0.17_ppm_LOD|0.02_ppm_Raw_Not_Corrected|0.08_ppm_Final_Corrected,6.74,-9999,-9999,DTL_003; NPOC_CV_030
N/A,YEP_OCN-SX3,N/A,Liquid>aqueous,NPOC_Below_0.17_ppm_LOD|0.03_ppm_Raw_Not_Corrected|0.14_ppm_Final_Corrected,6.77,-9999,-9999,DTL_003; NPOC_CV_030
N/A,YEP_OCN-UKA,N/A,Liquid>aqueous,9.51,1.96,-9999,-9999,NPOC_TN_000
N/A,YEP_OCN-UKB,N/A,Liquid>aqueous,9.4,1.97,-9999,-9999,NPOC_TN_000
N/A,YEP_OCN-UKC,N/A,Liquid>aqueous,9.54,1.95,-9999,-9999,NPOC_TN_000
N/A,YEP_OCN-UX1,N/A,Liquid>aqueous,261.12,9.38,-9999,-9999,NPOC_TN_RERUN_007
N/A,YEP_OCN-UX2,N/A,Liquid>aqueous,259.29,9.16,-9999,-9999,NPOC_TN_RERUN_007
N/A,YEP_OCN-UX3,N/A,Liquid>aqueous,261.51,9.22,-9999,-9999,NPOC_TN_RERUN_007
N/A,YEP_OCN-WH1,N/A,Liquid>aqueous,9.72,1.94,-9999,-9999,NPOC_TN_000
N/A,YEP_OCN-WH2,N/A,Liquid>aqueous,9.52,1.93,-9999,-9999,NPOC_TN_000
N/A,YEP_OCN-WS1,N/A,Liquid>aqueous,0.53,1.73,-9999,-9999,NPOC_TN_000
N/A,YEP_OCN-WS2,N/A,Liquid>aqueous,0.48,1.76,-9999,-9999,NPOC_TN_000
N/A,YEP_OCN-WU1,N/A,Liquid>aqueous,9.47,2.04,-9999,-9999,NPOC_TN_000
N/A,YEP_OCN-WU2,N/A,Liquid>aqueous,9.56,2.01,-9999,-9999,N/A
N/A,YEP_SOC_BLK-1,N/A,Liquid>aqueous,0.38,TN_Below_0.1_ppm_Standard|0.05_ppm_Raw_Not_Corrected|0.05_ppm_Final_Corrected,-9999,-9999,NPOC_TN_000; DTL_003
N/A,YEP_SOC_BLK-2,N/A,Liquid>aqueous,0.36,TN_Below_0.1_ppm_Standard|0.05_ppm_Raw_Not_Corrected|0.05_ppm_Final_Corrected,-9999,-9999,NPOC_TN_000; DTL_003
#End_Data,,,,,,,,
