Sample_Name,Calibration_Points,Calibration_Threshold,Calibration_RMSE,Calibration_Order
YEP_MeOH_blank-1,61,0.6,0.042954292,1
YEP_MeOH_blank-2,71,0.6,0.081002302,1
YEP_MeOH_blank-3,73,0.6,0.050213086,1
YEP_MeOH_blank-4,59,0.6,0.083541024,1
YEP_ICR-HKA,328,0.6,0.049141954,1
YEP_ICR-HKB,484,0.6,0.047245547,1
YEP_ICR-HKC,324,0.6,0.049008686,1
YEP_ICR-HX1,419,0.6,0.051544328,1
YEP_ICR-HX2,560,0.6,0.04492948,1
YEP_ICR-HX3,582,0.6,0.043879886,1
YEP_ICR-SX1,20,0.6,0.020686587,1
YEP_ICR-SX2,6,0.6,0.031684063,1
YEP_ICR-SX3,11,0.6,0.029781402,1
YEP_ICR-UKA,246,0.6,0.05525185,1
YEP_ICR-UKB,59,0.6,0.049629372,1
YEP_ICR-UKC,175,0.6,0.049729329,1
YEP_ICR-UX1,207,0.6,0.045326179,1
YEP_ICR-UX2,305,0.6,0.048490468,1
YEP_ICR-UX3,304,0.6,0.060598568,1
YEP_ICR-WH1,259,0.6,0.050091019,1
YEP_ICR-WH2,459,0.6,0.049540208,1
YEP_ICR-WU1,101,0.6,0.045616806,1
YEP_ICR-WU2,428,0.6,0.070915535,1
YEP1_SIR-1,325,0.6,0.049648331,1
YEP1_SIR-2,176,0.6,0.067547912,1
YEP1_SIR-3,274,0.6,0.07323231,1
YEP1A_SIR-1,301,0.6,0.050704269,1
YEP1A_SIR-2,530,0.6,0.054126981,1
YEP1A_SIR-3,540,0.6,0.049384695,1
YEP1A_SIR-H2,159,0.6,0.049818311,1
YEP1A_SIR-S1,461,0.6,0.048751767,1
YEP1A_SIR-S2,216,0.6,0.046643184,1
YEP1A_SIR-U1,432,0.6,0.045261204,1
YEP1B_SIR-1,253,0.6,0.055572661,1
YEP1B_SIR-2,314,0.6,0.04753869,1
YEP1B_SIR-3,285,0.6,0.054889773,1
YEP1B_SIR-H1,123,0.6,0.04513383,1
YEP1B_SIR-H3,459,0.6,0.045511854,1
YEP1B_SIR-S3,186,0.6,0.051938506,1
YEP1B_SIR-U2,211,0.6,0.058756727,1
YEP1B_SIR-U3,134,0.6,0.049381471,1
YEP1C_SIR-1,280,0.6,0.050231749,1
YEP1C_SIR-2,37,0.6,0.035256805,1
YEP1C_SIR-3,296,0.6,0.072402164,1
YEP1C_SIR-H4,190,0.6,0.051596389,1
YEP1C_SIR-H5,294,0.6,0.048809666,1
YEP1C_SIR-S4,131,0.6,0.051574902,1
YEP1C_SIR-S5,74,0.6,0.042064666,1
YEP1C_SIR-U4,241,0.6,0.0517556,1
YEP1C_SIR-U5,232,0.6,0.056349389,1
YEP2_SIR-1,143,0.6,0.042698311,1
YEP2_SIR-2,40,0.6,0.101334635,1
YEP2_SIR-3,122,0.6,0.047486028,1
YEP2A_SIR-1,206,0.6,0.064841824,1
YEP2A_SIR-2,66,0.6,0.045588841,1
YEP2A_SIR-3,203,0.6,0.055018514,1
YEP2A_SIR-H2,441,0.6,0.064200895,1
YEP2A_SIR-S1,241,0.6,0.056783791,1
YEP2A_SIR-S2,106,0.6,0.045634765,1
YEP2A_SIR-S2,522,0.6,0.071165283,1
YEP2A_SIR-U2,252,0.6,0.050004603,1
YEP2B_SIR-1,36,0.6,0.035390227,1
YEP2B_SIR-2,141,0.6,0.049744928,1
YEP2B_SIR-3,50,0.6,0.031938913,1
YEP2B_SIR-H3,382,0.6,0.049176284,1
YEP2B_SIR-S3,16,0.6,0.031330926,1
YEP2B_SIR-S3,385,0.6,0.066746746,1
YEP2B_SIR-U3,250,0.6,0.054467992,1
YEP2C_SIR-1,45,0.6,0.037550871,1
YEP2C_SIR-2,79,0.6,0.0444444,1
YEP2C_SIR-3,87,0.6,0.05144012,1
YEP2C_SIR-H4,213,0.6,0.04846672,1
YEP2C_SIR-H5,490,0.6,0.049294208,1
YEP2C_SIR-S4,27,0.6,0.035218022,1
YEP2C_SIR-S5,32,0.6,0.08103531,1
YEP2C_SIR-U4,319,0.6,0.05117649,1
YEP2C_SIR-U5,245,0.6,0.047769067,1
