Sample_Name,Treatment,Moisture,mean_AImod,median_AImod,mean_DBE,median_DBE,mean_NOSC,median_NOSC,n_peaks
YEP1A_SIR-H2,High Burn + DOC,Dry,0.1566621621394143,0.0256410256410256,7.05950991831972,5,-0.7363442635534897,-0.833333333333333,1714
YEP1A_SIR-S1,Control,Dry,0.19041711306547746,0.0909090909090909,8.270828273014331,7,-0.6199520831003701,-0.714285714285714,4117
YEP1A_SIR-S2,Control,Dry,0.14287301962452162,0.024390243902439,6.772902603664416,5,-0.7680059987804719,-0.869565217391305,2074
YEP1A_SIR-U1,Unburned + DOC,Dry,0.17811062350946066,0.0769230769230769,8.020760380190096,7,-0.6412272366953192,-0.72,3998
YEP1B_SIR-H1,High Burn + DOC,Dry,0.13222649417451884,0,6.496617050067659,5,-0.7723002745004487,-0.833333333333333,1478
YEP1B_SIR-H3,High Burn + DOC,Dry,0.1936304959535645,0.0833333333333333,8.62169254318828,7,-0.624805358008981,-0.685714285714286,4573
YEP1B_SIR-S3,Control,Dry,0.14164344974107565,0.027027027027027,7.164143803216651,6,-0.7572208352700092,-0.833333333333333,2114
YEP1B_SIR-U2,Unburned + DOC,Dry,0.14479576682099932,0.0344827586206897,7.252192066805845,6,-0.7590156481785664,-0.833333333333333,2395
YEP1B_SIR-U3,Unburned + DOC,Dry,0.13459017877780588,0.0222222222222222,7.1448893572181245,5,-0.800948767204834,-0.857142857142857,1898
YEP1C_SIR-H4,High Burn + DOC,Dry,0.15130872455260114,0.032258064516129,6.961693548387097,5,-0.7495458777080327,-0.8304597701149425,1984
YEP1C_SIR-H5,High Burn + DOC,Dry,0.1642551616208923,0.0476190476190476,7.277674935209181,6,-0.6980579841617355,-0.782608695652174,2701
YEP1C_SIR-S4,Control,Dry,0.12029582513536971,0,6.673534072900159,5,-0.832001653320155,-0.9,1893
YEP1C_SIR-S5,Control,Dry,0.1214068358264197,0,6.759576202118989,5,-0.8208379669383778,-0.888888888888889,1227
YEP1C_SIR-U4,Unburned + DOC,Dry,0.14770845986743414,0.037037037037037,7.219775820656525,6,-0.742861081722143,-0.8,2498
YEP1C_SIR-U5,Unburned + DOC,Dry,0.15238318628102424,0.04,7.324537219377707,6,-0.72861998518289806,-0.787878787878788,2539
YEP2A_SIR-H2,High Burn + DOC,Wet,0.2106910693145995,0.111111111111111,8.22682032477737,7,-0.5820370740498263,-0.647058823529412,3818
YEP2A_SIR-S1,Control,Wet,0.15286009694037603,0.061862244897959204,7.066169154228856,6,-0.6866200189008074,-0.769230769230769,2010
YEP2A_SIR-S2,Control,Wet,0.20301620468357975,0.104355716878403,8.137320414300033,7,-0.6149590031804585,-0.666666666666667,5986
YEP2A_SIR-U2,Unburned + DOC,Wet,0.15693222766287784,0.0384615384615385,7.556992174208915,6,-0.7643151580392789,-0.8,2939
YEP2B_SIR-H3,High Burn + DOC,Wet,0.21436069597189544,0.11932203389830501,7.715614617940199,6,-0.5778326149259746,-0.666666666666667,3010
YEP2B_SIR-S3,Control,Wet,0.19043684359678686,0.1,8.102052960428443,7,-0.6216527231979422,-0.689655172413793,3361
YEP2B_SIR-U3,Unburned + DOC,Wet,0.1669419269978645,0.0545454545454545,7.65524113192507,6,-0.7034589589668628,-0.761904761904762,2509
YEP2C_SIR-H4,High Burn + DOC,Wet,0.20185464651642582,0.0810810810810811,6.8822355289421155,5,-0.6225568999423903,-0.727272727272728,1503
YEP2C_SIR-H5,High Burn + DOC,Wet,0.2372618570811615,0.166666666666667,8.360300026788106,7,-0.5149522589696707,-0.6,3733
YEP2C_SIR-S4,Control,Wet,0.1566716609897827,0,7.4300411522633745,4,-0.8499751988179852,-1.05263157894737,486
YEP2C_SIR-S5,Control,Wet,0.172677114686129,0,7.486434108527132,4,-0.8046905124377217,-1,516
YEP2C_SIR-U4,Unburned + DOC,Wet,0.1659180457435568,0.0588235294117647,7.574280879864636,6,-0.7066489844816698,-0.75,2955
YEP2C_SIR-U5,Unburned + DOC,Wet,0.16714978548567452,0.0434782608695652,7.68901303538175,6,-0.7134877791450528,-0.777777777777778,2685
