Sample_Name,Treatment,Moisture,Class,n_peaks,rel_abund
YEP1A_SIR-H2,High Burn + DOC,Dry,Aliphatic,809,47.19953325554259
YEP1A_SIR-H2,High Burn + DOC,Dry,Aliphatic_N,177,10.326721120186697
YEP1A_SIR-H2,High Burn + DOC,Dry,Aromatic,113,6.592765460910152
YEP1A_SIR-H2,High Burn + DOC,Dry,Carbohydrate,1,0.05834305717619603
YEP1A_SIR-H2,High Burn + DOC,Dry,Condensed Aromatic,87,5.075845974329055
YEP1A_SIR-H2,High Burn + DOC,Dry,Lipid,119,6.942823803967328
YEP1A_SIR-H2,High Burn + DOC,Dry,Unsaturated/Lignin,408,23.80396732788798
YEP1A_SIR-S1,Control,Dry,Aliphatic,1345,32.669419480204034
YEP1A_SIR-S1,Control,Dry,Aliphatic_N,460,11.1731843575419
YEP1A_SIR-S1,Control,Dry,Aromatic,350,8.501335924216663
YEP1A_SIR-S1,Control,Dry,Carbohydrate,17,0.41292203060480936
YEP1A_SIR-S1,Control,Dry,Condensed Aromatic,157,3.813456400291474
YEP1A_SIR-S1,Control,Dry,Lipid,275,6.6796210833130925
YEP1A_SIR-S1,Control,Dry,Unsaturated/Lignin,1513,36.750060723828035
YEP1A_SIR-S2,Control,Dry,Aliphatic,954,45.998071359691416
YEP1A_SIR-S2,Control,Dry,Aliphatic_N,226,10.896817743490839
YEP1A_SIR-S2,Control,Dry,Aromatic,120,5.785920925747348
YEP1A_SIR-S2,Control,Dry,Carbohydrate,4,0.19286403085824494
YEP1A_SIR-S2,Control,Dry,Condensed Aromatic,66,3.182256509161042
YEP1A_SIR-S2,Control,Dry,Lipid,156,7.521697203471553
YEP1A_SIR-S2,Control,Dry,Unsaturated/Lignin,548,26.422372227579555
YEP1A_SIR-U1,Unburned + DOC,Dry,Aliphatic,1342,33.56678339169585
YEP1A_SIR-U1,Unburned + DOC,Dry,Aliphatic_N,489,12.231115557778889
YEP1A_SIR-U1,Unburned + DOC,Dry,Aromatic,330,8.254127063531765
YEP1A_SIR-U1,Unburned + DOC,Dry,Carbohydrate,17,0.4252126063031516
YEP1A_SIR-U1,Unburned + DOC,Dry,Condensed Aromatic,119,2.976488244122061
YEP1A_SIR-U1,Unburned + DOC,Dry,Lipid,271,6.778389194597299
YEP1A_SIR-U1,Unburned + DOC,Dry,Unsaturated/Lignin,1430,35.767883941970986
YEP1B_SIR-H1,High Burn + DOC,Dry,Aliphatic,750,50.74424898511503
YEP1B_SIR-H1,High Burn + DOC,Dry,Aliphatic_N,172,11.637347767253045
YEP1B_SIR-H1,High Burn + DOC,Dry,Aromatic,85,5.7510148849797025
YEP1B_SIR-H1,High Burn + DOC,Dry,Carbohydrate,1,0.06765899864682003
YEP1B_SIR-H1,High Burn + DOC,Dry,Condensed Aromatic,58,3.924221921515562
YEP1B_SIR-H1,High Burn + DOC,Dry,Lipid,103,6.968876860622462
YEP1B_SIR-H1,High Burn + DOC,Dry,Unsaturated/Lignin,309,20.90663058186739
YEP1B_SIR-H3,High Burn + DOC,Dry,Aliphatic,1413,30.898753553465998
YEP1B_SIR-H3,High Burn + DOC,Dry,Aliphatic_N,609,13.317297179094686
YEP1B_SIR-H3,High Burn + DOC,Dry,Aromatic,441,9.64356002624098
YEP1B_SIR-H3,High Burn + DOC,Dry,Carbohydrate,16,0.34987972884321017
YEP1B_SIR-H3,High Burn + DOC,Dry,Condensed Aromatic,186,4.0673518478023185
YEP1B_SIR-H3,High Burn + DOC,Dry,Lipid,288,6.297835119177783
YEP1B_SIR-H3,High Burn + DOC,Dry,Unsaturated/Lignin,1620,35.425322545375025
YEP1B_SIR-S3,Control,Dry,Aliphatic,962,45.50614947965941
YEP1B_SIR-S3,Control,Dry,Aliphatic_N,259,12.251655629139073
YEP1B_SIR-S3,Control,Dry,Aromatic,129,6.102175969725638
YEP1B_SIR-S3,Control,Dry,Carbohydrate,2,0.0946073793755913
YEP1B_SIR-S3,Control,Dry,Condensed Aromatic,57,2.696310312204352
YEP1B_SIR-S3,Control,Dry,Lipid,136,6.433301797540208
YEP1B_SIR-S3,Control,Dry,Unsaturated/Lignin,569,26.915799432355726
YEP1B_SIR-U2,Unburned + DOC,Dry,Aliphatic,1066,44.50939457202505
YEP1B_SIR-U2,Unburned + DOC,Dry,Aliphatic_N,305,12.734864300626306
YEP1B_SIR-U2,Unburned + DOC,Dry,Aromatic,149,6.221294363256785
YEP1B_SIR-U2,Unburned + DOC,Dry,Carbohydrate,7,0.29227557411273486
YEP1B_SIR-U2,Unburned + DOC,Dry,Condensed Aromatic,56,2.338204592901879
YEP1B_SIR-U2,Unburned + DOC,Dry,Lipid,153,6.388308977035491
YEP1B_SIR-U2,Unburned + DOC,Dry,Unsaturated/Lignin,659,27.515657620041758
YEP1B_SIR-U3,Unburned + DOC,Dry,Aliphatic,907,47.78714436248683
YEP1B_SIR-U3,Unburned + DOC,Dry,Aliphatic_N,247,13.013698630136986
YEP1B_SIR-U3,Unburned + DOC,Dry,Aromatic,106,5.584826132771338
YEP1B_SIR-U3,Unburned + DOC,Dry,Carbohydrate,6,0.31612223393045313
YEP1B_SIR-U3,Unburned + DOC,Dry,Condensed Aromatic,53,2.792413066385669
YEP1B_SIR-U3,Unburned + DOC,Dry,Lipid,120,6.322444678609063
YEP1B_SIR-U3,Unburned + DOC,Dry,Unsaturated/Lignin,459,24.183350895679663
YEP1C_SIR-H4,High Burn + DOC,Dry,Aliphatic,913,46.01814516129033
YEP1C_SIR-H4,High Burn + DOC,Dry,Aliphatic_N,212,10.685483870967742
YEP1C_SIR-H4,High Burn + DOC,Dry,Aromatic,125,6.300403225806452
YEP1C_SIR-H4,High Burn + DOC,Dry,Carbohydrate,4,0.20161290322580644
YEP1C_SIR-H4,High Burn + DOC,Dry,Condensed Aromatic,84,4.233870967741935
YEP1C_SIR-H4,High Burn + DOC,Dry,Lipid,140,7.056451612903227
YEP1C_SIR-H4,High Burn + DOC,Dry,Unsaturated/Lignin,506,25.50403225806452
YEP1C_SIR-H5,High Burn + DOC,Dry,Aliphatic,1108,41.021843761569784
YEP1C_SIR-H5,High Burn + DOC,Dry,Aliphatic_N,330,12.217697149204
YEP1C_SIR-H5,High Burn + DOC,Dry,Aromatic,189,6.9974083672713805
YEP1C_SIR-H5,High Burn + DOC,Dry,Carbohydrate,8,0.2961865975564606
YEP1C_SIR-H5,High Burn + DOC,Dry,Condensed Aromatic,101,3.7393557941503146
YEP1C_SIR-H5,High Burn + DOC,Dry,Lipid,165,6.108848574602
YEP1C_SIR-H5,High Burn + DOC,Dry,Unsaturated/Lignin,800,29.61865975564606
YEP1C_SIR-S4,Control,Dry,Aliphatic,955,50.449022715266764
YEP1C_SIR-S4,Control,Dry,Aliphatic_N,237,12.519809825673534
YEP1C_SIR-S4,Control,Dry,Aromatic,85,4.490227152667723
YEP1C_SIR-S4,Control,Dry,Carbohydrate,3,0.15847860538827258
YEP1C_SIR-S4,Control,Dry,Condensed Aromatic,42,2.218700475435816
YEP1C_SIR-S4,Control,Dry,Lipid,137,7.237189646064449
YEP1C_SIR-S4,Control,Dry,Unsaturated/Lignin,434,22.92657157950343
YEP1C_SIR-S5,Control,Dry,Aliphatic,653,53.21923390383048
YEP1C_SIR-S5,Control,Dry,Aliphatic_N,137,11.165444172779136
YEP1C_SIR-S5,Control,Dry,Aromatic,72,5.8679706601467
YEP1C_SIR-S5,Control,Dry,Carbohydrate,2,0.16299918500407498
YEP1C_SIR-S5,Control,Dry,Condensed Aromatic,45,3.6674816625916873
YEP1C_SIR-S5,Control,Dry,Lipid,95,7.742461287693561
YEP1C_SIR-S5,Control,Dry,Unsaturated/Lignin,223,18.174409127954362
YEP1C_SIR-U4,Unburned + DOC,Dry,Aliphatic,1064,42.594075260208164
YEP1C_SIR-U4,Unburned + DOC,Dry,Aliphatic_N,332,13.290632506004805
YEP1C_SIR-U4,Unburned + DOC,Dry,Aromatic,168,6.725380304243394
YEP1C_SIR-U4,Unburned + DOC,Dry,Carbohydrate,3,0.12009607686148918
YEP1C_SIR-U4,Unburned + DOC,Dry,Condensed Aromatic,58,2.321857485988791
YEP1C_SIR-U4,Unburned + DOC,Dry,Lipid,166,6.645316253002402
YEP1C_SIR-U4,Unburned + DOC,Dry,Unsaturated/Lignin,707,28.30264211369095
YEP1C_SIR-U5,Unburned + DOC,Dry,Aliphatic,1043,41.07916502560063
YEP1C_SIR-U5,Unburned + DOC,Dry,Aliphatic_N,339,13.351713272942103
YEP1C_SIR-U5,Unburned + DOC,Dry,Aromatic,170,6.695549428909018
YEP1C_SIR-U5,Unburned + DOC,Dry,Carbohydrate,11,0.4332414336352895
YEP1C_SIR-U5,Unburned + DOC,Dry,Condensed Aromatic,78,3.0720756203229618
YEP1C_SIR-U5,Unburned + DOC,Dry,Lipid,179,7.0500196927924375
YEP1C_SIR-U5,Unburned + DOC,Dry,Unsaturated/Lignin,719,28.318235525797558
YEP2A_SIR-H2,High Burn + DOC,Wet,Aliphatic,1188,31.11576741749607
YEP2A_SIR-H2,High Burn + DOC,Wet,Aliphatic_N,475,12.441068622315349
YEP2A_SIR-H2,High Burn + DOC,Wet,Aromatic,356,9.324253535882661
YEP2A_SIR-H2,High Burn + DOC,Wet,Carbohydrate,8,0.20953378732320588
YEP2A_SIR-H2,High Burn + DOC,Wet,Condensed Aromatic,234,6.128863279203771
YEP2A_SIR-H2,High Burn + DOC,Wet,Lipid,176,4.609743321110529
YEP2A_SIR-H2,High Burn + DOC,Wet,Unsaturated/Lignin,1381,36.170770036668415
YEP2A_SIR-S1,Control,Wet,Aliphatic,834,41.492537313432834
YEP2A_SIR-S1,Control,Wet,Aliphatic_N,150,7.462686567164178
YEP2A_SIR-S1,Control,Wet,Aromatic,106,5.273631840796019
YEP2A_SIR-S1,Control,Wet,Carbohydrate,5,0.24875621890547264
YEP2A_SIR-S1,Control,Wet,Condensed Aromatic,61,3.0348258706467663
YEP2A_SIR-S1,Control,Wet,Lipid,182,9.054726368159203
YEP2A_SIR-S1,Control,Wet,Unsaturated/Lignin,672,33.43283582089553
YEP2A_SIR-S2,Control,Wet,Aliphatic,1675,27.981957901770798
YEP2A_SIR-S2,Control,Wet,Aliphatic_N,646,10.791847644503843
YEP2A_SIR-S2,Control,Wet,Aromatic,531,8.870698296024056
YEP2A_SIR-S2,Control,Wet,Carbohydrate,38,0.6348145673237554
YEP2A_SIR-S2,Control,Wet,Condensed Aromatic,318,5.312395589709322
YEP2A_SIR-S2,Control,Wet,Lipid,611,10.207150016705647
YEP2A_SIR-S2,Control,Wet,Unsaturated/Lignin,2167,36.20113598396258
YEP2A_SIR-U2,Unburned + DOC,Wet,Aliphatic,1220,41.510717931269134
YEP2A_SIR-U2,Unburned + DOC,Wet,Aliphatic_N,359,12.215039128955427
YEP2A_SIR-U2,Unburned + DOC,Wet,Aromatic,223,7.587614834977884
YEP2A_SIR-U2,Unburned + DOC,Wet,Carbohydrate,3,0.10207553589656344
YEP2A_SIR-U2,Unburned + DOC,Wet,Condensed Aromatic,73,2.4838380401497107
YEP2A_SIR-U2,Unburned + DOC,Wet,Lipid,206,7.00918679823069
YEP2A_SIR-U2,Unburned + DOC,Wet,Unsaturated/Lignin,855,29.091527730520582
YEP2B_SIR-H3,High Burn + DOC,Wet,Aliphatic,1023,33.986710963455145
YEP2B_SIR-H3,High Burn + DOC,Wet,Aliphatic_N,306,10.16611295681063
YEP2B_SIR-H3,High Burn + DOC,Wet,Aromatic,270,8.970099667774086
YEP2B_SIR-H3,High Burn + DOC,Wet,Carbohydrate,5,0.16611295681063123
YEP2B_SIR-H3,High Burn + DOC,Wet,Condensed Aromatic,217,7.209302325581396
YEP2B_SIR-H3,High Burn + DOC,Wet,Lipid,150,4.983388704318937
YEP2B_SIR-H3,High Burn + DOC,Wet,Unsaturated/Lignin,1039,34.51827242524917
YEP2B_SIR-S3,Control,Wet,Aliphatic,1067,31.74650401666171
YEP2B_SIR-S3,Control,Wet,Aliphatic_N,281,8.360606962213627
YEP2B_SIR-S3,Control,Wet,Aromatic,246,7.319250223147873
YEP2B_SIR-S3,Control,Wet,Carbohydrate,25,0.7438262421898245
YEP2B_SIR-S3,Control,Wet,Condensed Aromatic,159,4.730734900327284
YEP2B_SIR-S3,Control,Wet,Lipid,291,8.658137459089557
YEP2B_SIR-S3,Control,Wet,Unsaturated/Lignin,1292,38.44094019637013
YEP2B_SIR-U3,Unburned + DOC,Wet,Aliphatic,1021,40.6935033878039
YEP2B_SIR-U3,Unburned + DOC,Wet,Aliphatic_N,249,9.924272618573136
YEP2B_SIR-U3,Unburned + DOC,Wet,Aromatic,201,8.011159824631326
YEP2B_SIR-U3,Unburned + DOC,Wet,Carbohydrate,6,0.23913909924272617
YEP2B_SIR-U3,Unburned + DOC,Wet,Condensed Aromatic,78,3.1088082901554404
YEP2B_SIR-U3,Unburned + DOC,Wet,Lipid,164,6.536468712634516
YEP2B_SIR-U3,Unburned + DOC,Wet,Unsaturated/Lignin,790,31.48664806695895
YEP2C_SIR-H4,High Burn + DOC,Wet,Aliphatic,658,43.779108449767136
YEP2C_SIR-H4,High Burn + DOC,Wet,Aliphatic_N,100,6.65335994677312
YEP2C_SIR-H4,High Burn + DOC,Wet,Aromatic,120,7.984031936127744
YEP2C_SIR-H4,High Burn + DOC,Wet,Carbohydrate,2,0.1330671989354624
YEP2C_SIR-H4,High Burn + DOC,Wet,Condensed Aromatic,124,8.250166333998669
YEP2C_SIR-H4,High Burn + DOC,Wet,Lipid,84,5.588822355289421
YEP2C_SIR-H4,High Burn + DOC,Wet,Unsaturated/Lignin,415,27.611443779108452
YEP2C_SIR-H5,High Burn + DOC,Wet,Aliphatic,1106,29.627645325475488
YEP2C_SIR-H5,High Burn + DOC,Wet,Aliphatic_N,339,9.081167961425127
YEP2C_SIR-H5,High Burn + DOC,Wet,Aromatic,375,10.04553978033753
YEP2C_SIR-H5,High Burn + DOC,Wet,Carbohydrate,4,0.10715242432360034
YEP2C_SIR-H5,High Burn + DOC,Wet,Condensed Aromatic,288,7.714974551299224
YEP2C_SIR-H5,High Burn + DOC,Wet,Lipid,165,4.420037503348513
YEP2C_SIR-H5,High Burn + DOC,Wet,Unsaturated/Lignin,1456,39.00348245379052
YEP2C_SIR-S4,Control,Wet,Aliphatic,209,43.00411522633745
YEP2C_SIR-S4,Control,Wet,Aliphatic_N,47,9.670781893004115
YEP2C_SIR-S4,Control,Wet,Aromatic,31,6.378600823045268
YEP2C_SIR-S4,Control,Wet,Carbohydrate,1,0.205761316872428
YEP2C_SIR-S4,Control,Wet,Condensed Aromatic,35,7.20164609053498
YEP2C_SIR-S4,Control,Wet,Lipid,76,15.637860082304528
YEP2C_SIR-S4,Control,Wet,Unsaturated/Lignin,87,17.901234567901234
YEP2C_SIR-S5,Control,Wet,Aliphatic,224,43.41085271317829
YEP2C_SIR-S5,Control,Wet,Aliphatic_N,33,6.395348837209303
YEP2C_SIR-S5,Control,Wet,Aromatic,40,7.751937984496124
YEP2C_SIR-S5,Control,Wet,Carbohydrate,1,0.1937984496124031
YEP2C_SIR-S5,Control,Wet,Condensed Aromatic,45,8.720930232558139
YEP2C_SIR-S5,Control,Wet,Lipid,81,15.69767441860465
YEP2C_SIR-S5,Control,Wet,Unsaturated/Lignin,92,17.829457364341085
YEP2C_SIR-U4,Unburned + DOC,Wet,Aliphatic,1147,38.81556683587141
YEP2C_SIR-U4,Unburned + DOC,Wet,Aliphatic_N,307,10.38917089678511
YEP2C_SIR-U4,Unburned + DOC,Wet,Aromatic,229,7.749576988155668
YEP2C_SIR-U4,Unburned + DOC,Wet,Carbohydrate,10,0.338409475465313
YEP2C_SIR-U4,Unburned + DOC,Wet,Condensed Aromatic,72,2.4365482233502536
YEP2C_SIR-U4,Unburned + DOC,Wet,Lipid,210,7.1065989847715745
YEP2C_SIR-U4,Unburned + DOC,Wet,Unsaturated/Lignin,980,33.16412859560068
YEP2C_SIR-U5,Unburned + DOC,Wet,Aliphatic,1094,40.74487895716946
YEP2C_SIR-U5,Unburned + DOC,Wet,Aliphatic_N,302,11.247672253258846
YEP2C_SIR-U5,Unburned + DOC,Wet,Aromatic,198,7.374301675977654
YEP2C_SIR-U5,Unburned + DOC,Wet,Carbohydrate,8,0.29795158286778395
YEP2C_SIR-U5,Unburned + DOC,Wet,Condensed Aromatic,105,3.910614525139665
YEP2C_SIR-U5,Unburned + DOC,Wet,Lipid,185,6.890130353817504
YEP2C_SIR-U5,Unburned + DOC,Wet,Unsaturated/Lignin,793,29.534450651769088
