"Sample_Name","Slope_break_1","Slope_break_1_SE","Intercept_break_1","R_squared_break_1","Adjusted_R_squared_break_1","P_value_break_1","N_observations_break_1","Residual_SE_break_1","Total_Incubation_Time_Min_break_1","Number_Points_In_Respiration_Regression_break_1","Number_Points_Removed_Respiration_Regression_break_1","DO_Concentration_At_Incubation_Time_Zero_break_1","Rate_mg_L_h_break_1","Slope_break_2","Slope_break_2_SE","Intercept_break_2","R_squared_break_2","Adjusted_R_squared_break_2","P_value_break_2","N_observations_break_2","Residual_SE_break_2","Total_Incubation_Time_Min_break_2","Number_Points_In_Respiration_Regression_break_2","Number_Points_Removed_Respiration_Regression_break_2","DO_Concentration_At_Incubation_Time_Zero_break_2","Rate_mg_L_h_break_2","Breakpoint_Minutes","Segment1_Steeper_Than_Segment2","Segmented_Successful"
"YEP1A_INC-H2",-0.00341728372681274,9.94736435559141e-06,8.17402882680556,0.999517253509237,0.999508784272557,3.22251021903786e-96,59,0.00650622096253275,4.8336,59,661,8.16,-12.3022214165258,-0.00402502195346788,1.38724283409308e-06,8.35220713559396,0.99996959148358,0.999969472700313,0,258,0.00829816460924859,21.4177833333333,258,462,7.15,-14.4900790324844,4.88637764722742,FALSE,TRUE
"YEP1A_INC-S1",-0.00385032647933634,1.06392947349832e-05,7.46309408844429,0.999595488637593,0.999587856347736,1.32282552287046e-91,55,0.00626292971895963,4.49916666666668,55,497,7.447,-13.8611753256108,-0.0040801973419092,9.03306859592817e-07,7.5254558854795,0.999989462388992,0.999989413376847,0,217,0.00416841781760869,18.00315,217,335,6.395,-14.6887104308731,4.52150946089702,FALSE,TRUE
"YEP1A_INC-S2",-0.00333440938278383,1.36932062944966e-05,7.45608337655863,0.998635842134039,0.998619000678903,8.10333937103949e-118,83,0.0149453025282788,6.83385,83,481,7.413,-12.0038737780218,-0.00365343717047466,2.60383727820552e-06,7.58749828339132,0.999888262604061,0.999887754706806,0,222,0.0124326977829081,18.41885,222,342,6.056,-13.1523738137088,6.86538435934992,FALSE,TRUE
"YEP1A_INC-U1",-0.00421090260631487,1.92289743532109e-05,8.06056367311881,0.999020883720155,0.999000051458882,2.23044051102324e-72,49,0.00951451591840365,3.99878333333334,49,311,8.063,-15.1592493827335,-0.00485704663189891,1.40008223411525e-06,8.21790318374726,0.999982883209705,0.99998280011849,0,208,0.00606254302502149,17.2517333333333,208,152,7.013,-17.4853678748361,4.0584219325708,FALSE,TRUE
"YEP1B_INC-H1",-0.00378287989317718,5.45181962733491e-05,8.5763657339571,0.996275313484359,0.996068386455712,2.5633726067314e-23,20,0.00703023618010628,1.58348333333333,20,316,8.561,-13.6183676154378,-0.00433795376321649,1.17051132468146e-06,8.62906148577899,0.999980633344467,0.999980560537491,0,268,0.0074130473048927,22.2522666666667,268,68,8.187,-15.6166335475794,1.58348349047273,FALSE,TRUE
"YEP1B_INC-H3",-0.00526258405432437,1.06038239168852e-05,7.82118227188239,0.999841684743113,0.999837625377551,9.8707656559466e-76,41,0.00401743411643918,3.33374999999999,41,211,7.814,-18.9453025955677,-0.0053945147468317,1.71992934176133e-06,7.84786908827652,0.999983735925274,0.999983634274807,0,162,0.00511910965386569,13.4179,162,90,6.741,-19.4202530885941,3.37131772606424,FALSE,TRUE
"YEP1B_INC-S3",-0.00391385295372945,2.35650946599521e-05,8.21864880775102,0.998443599504446,0.998407404144085,5.17146429322768e-62,45,0.0102660632419641,3.66681666666666,45,280,8.196,-14.089870633426,-0.0043053417824348,1.71254988946491e-06,8.30534729467058,0.999963768113845,0.999963609896001,0,231,0.00867890757348605,19.16765,231,94,7.34,-15.4992304167653,3.69097317300141,FALSE,TRUE
"YEP1B_INC-U2",-0.00491677819395788,3.79455501753788e-06,8.52132592666066,0.999888633720108,0.999888038178505,0,189,0.0142319673338594,15.66795,189,112,8.48,-17.7004014982484,-0.00452874302957218,4.53968034513841e-06,8.15492035991719,0.999937704048419,0.999936699275007,4.28805906152602e-132,64,0.00335463682942361,5.25036666666666,64,237,3.882,-16.3034749064598,15.7376446205458,TRUE,TRUE
"YEP1B_INC-U3",-0.00455130602031499,1.22648160548382e-05,8.62459084820704,0.99966606435101,0.99965880488038,1.2957301837335e-81,48,0.00588576380988615,3.91686666666666,48,253,8.63,-16.3847016731339,-0.00483994013629283,1.02827335244669e-06,8.69271306275235,0.999990837178187,0.999990792041134,0,205,0.0043565756033822,17.0012166666667,205,96,7.526,-17.4237844906542,3.93359672648965,FALSE,TRUE
"YEP1C_INC-H4",-0.00480477946491575,3.40750105571987e-05,8.58448250018313,0.998794374541922,0.998744140147835,1.52090666025167e-36,26,0.00651615602037313,2.08353333333333,26,262,8.577,-17.2972060736967,-0.00514103231698037,1.74154199830171e-06,8.62665727417798,0.999975672777223,0.999975558026172,0,214,0.00786982756986597,17.75155,214,74,7.955,-18.5077163411293,2.09042949774535,FALSE,TRUE
"YEP1C_INC-H5",-0.00481862287606317,1.34420915021218e-06,7.34411049957987,0.999987159965625,0.999987082147235,0,167,0.00418761109147237,13.8349833333333,167,73,7.346,-17.3470423538274,-0.00458331737934456,1.82597517364272e-05,7.14799323616134,0.999635078713468,0.999619212570576,4.8053023514927e-41,25,0.00329198258127651,2.00016666666667,25,215,3.324,-16.4999425656404,13.8909679319539,TRUE,TRUE
"YEP1C_INC-S4",-0.00399416991215809,3.81587651802023e-06,8.0638294669174,0.999918774894733,0.9999178622531,8.07718432302917e-184,91,0.00478125463144303,7.50061666666667,91,233,8.067,-14.3790116837691,-0.00411015856564441,1.01703782333829e-06,8.11642140191012,0.999988795221417,0.999988733993119,0,185,0.00369406770991946,15.3345833333333,185,139,6.246,-14.7965708363199,7.55705161042585,FALSE,TRUE
"YEP1C_INC-S5",-0.00406543384147842,2.49845651921666e-05,8.61847133760264,0.998115134173008,0.998077436856469,8.56423660863259e-70,52,0.0135215011551523,4.25040000000001,52,260,8.598,-14.6355618293223,-0.00472656120955205,1.94062299892929e-06,8.78809414875896,0.99996460061672,0.999964432048228,0,212,0.00864700837374033,17.58535,212,100,7.539,-17.0156203543874,4.27610015038266,FALSE,TRUE
"YEP1C_INC-U4",-0.00448899385052497,1.6306144820482e-05,8.68732646768748,0.999512028656569,0.999498840241881,7.08435924207119e-63,39,0.00573075163588319,3.16688333333333,39,273,8.69,-16.1603778618899,-0.0046068072086628,1.00678320581371e-06,8.70965626946301,0.999989349448739,0.999989301688419,0,225,0.00490480735535783,18.6683333333333,225,87,7.814,-16.5845059511861,3.16688355232028,FALSE,TRUE
"YEP1C_INC-U5",-0.00467013134277053,2.37839773778471e-05,8.8788712796253,0.999144828613281,0.999118914328835,3.29948231239072e-52,35,0.00710617494184587,2.8336,35,253,8.876,-16.8124728339739,-0.00523582476712826,3.32822560354224e-06,8.97540464695931,0.999917980763131,0.999917576727482,0,205,0.0141014907132202,17.0018833333333,205,83,8.056,-18.8489691616617,2.84410134027751,FALSE,TRUE
"YEP2A_INC-H1",-0.00593828682808375,2.52123639252731e-05,4.35600250288938,0.999315472340674,0.999297458454902,9.58874282165877e-62,40,0.00920436674374688,3.25045,40,404,4.375,-21.3778325811015,-0.00501892393535935,1.75536875962257e-05,4.17534257415198,0.999437621087911,0.999425395459387,2.08442236864655e-76,48,0.0084246113253014,3.91684999999999,48,396,3.187,-18.0681261672937,3.27509281980274,TRUE,TRUE
"YEP2A_INC-H2",-0.00734757140241315,5.79788272008277e-05,5.4104072094315,0.99739164776,0.997329544135238,6.79145662133244e-56,44,0.0244199399971146,3.58364999999999,44,388,5.467,-26.4512570486873,-0.00535480459448078,2.57983635078987e-05,4.97845857766779,0.998447266239277,0.99842409110852,7.75102658098025e-96,69,0.0213428906373873,5.66748333333333,69,363,3.846,-19.2772965401308,3.61263738308193,TRUE,TRUE
"YEP2A_INC-S1",-0.00845860724620601,7.94902365466561e-05,4.93167112065375,0.997269738824722,0.997181665883584,2.59704874237507e-41,33,0.0217436985821003,2.66706666666666,33,591,4.98,-30.4509860863416,-0.00593199006475352,3.20037108634421e-05,4.51966232927663,0.998488715073303,0.998459651901635,5.07191459700066e-75,54,0.0183253823313352,4.41561666666666,54,570,3.578,-21.3551642331127,2.71778931621788,TRUE,TRUE
"YEP2A_INC-S2",-0.00789356163324303,6.02572823400269e-05,5.71065873676533,0.997442511888604,0.9973843871588,1.12247823775705e-58,46,0.0271313305570388,3.75040000000001,46,182,5.771,-28.4168218796749,-0.00570687493517718,2.67294943057464e-05,5.21180243373316,0.998532352639522,0.998510447455037,1.17332802864374e-96,69,0.0221126477600002,5.6672,69,159,3.943,-20.5447497666378,3.80222357293466,TRUE,TRUE
"YEP2A_INC-U1",-0.0082248565449099,0.000117321931088033,4.16456330513799,0.995341974125387,0.995139451261274,2.52122395534051e-28,25,0.0211518688169597,2.00011666666666,25,515,4.237,-29.6094835616756,-0.0058814662643748,2.52223217803306e-05,3.87904387314868,0.99930164041149,0.999283262527581,1.40229185783361e-61,40,0.00920829499709688,3.25043333333333,40,500,3.167,-21.1732785517493,2.03067207343332,TRUE,TRUE
"YEP2A_INC-U2",-0.00712459062269256,4.20739175942083e-05,5.22909413345567,0.998502648538272,0.998467826411255,2.25139996706891e-62,45,0.0183292564077787,3.66708333333333,45,183,5.268,-25.6485262416932,-0.00556344664775654,2.27613675246025e-05,4.88113511128301,0.999030125757737,0.999013403788042,4.29838409985311e-89,60,0.0152678721023485,4.91708333333334,60,168,3.659,-20.0284079319235,3.71478680709478,TRUE,TRUE
"YEP2B_INC-H3",-0.00710132388707226,3.42556128320263e-05,5.42440193854155,0.998930752961601,0.998907508460767,5.46033072228407e-70,48,0.0164403518375852,3.91693333333333,48,121,5.462,-25.5647659934601,-0.00556811870028731,2.13630639807937e-05,5.06006981253726,0.999088187322587,0.9990734806665,5.77111077301077e-96,64,0.0157875861315085,5.25051666666667,64,105,3.755,-20.0452273210343,3.96046280317402,TRUE,TRUE
"YEP2B_INC-S3",-0.00805675449296223,4.84367311827373e-05,6.05925718414129,0.998592390295256,0.998556297738724,3.15732282854606e-57,41,0.0183515080899206,3.33361666666668,41,104,6.106,-29.004316174664,-0.00615948248361457,2.96424400851888e-05,5.67467831682371,0.998750919569021,0.998727788449929,4.38465370395875e-80,56,0.0179288664794813,4.58376666666666,56,89,4.452,-22.1741369410124,3.37834940075271,TRUE,TRUE
"YEP2B_INC-U3",-0.00833247924182994,4.91236658625929e-05,5.22763754339315,0.998646340677706,0.998611631464314,1.47345470435858e-57,41,0.0186136297912402,3.33846666666667,41,116,5.268,-29.9969252705878,-0.00641931857141504,3.28468359115337e-05,4.84237756102234,0.998770940296858,0.998744790090408,4.66447103009685e-70,49,0.0162601922002649,4.00041666666666,49,108,3.561,-23.1095468570942,3.35622606260038,TRUE,TRUE
"YEP2C_INC-H4",-0.00596277886950448,3.39387696471818e-05,6.66726820388104,0.997898668453077,0.997866340275432,9.44778678323434e-89,67,0.0268647185888262,5.50086666666667,67,149,6.734,-21.4660039302161,-0.00448897430257114,1.54157136676269e-05,6.17685481842932,0.998845596946295,0.998833817323298,9.14072889848586e-146,100,0.0222514263355023,8.25063333333333,100,116,4.721,-16.1603074892561,5.54588891536726,TRUE,TRUE
"YEP2C_INC-H5",-0.00716622679970691,4.71222609787311e-05,6.25619927581318,0.998058043686365,0.998014889101617,1.14475654102308e-62,47,0.021912731636281,3.83356666666667,47,121,6.307,-25.7984164789449,-0.00548583007676786,2.02336294855495e-05,5.86604064846406,0.999035056332804,0.999021465576928,8.41017844089977e-109,73,0.018215389647837,6.00065000000001,73,95,4.618,-19.7489882763643,3.86970751325788,TRUE,TRUE
"YEP2C_INC-S4",-0.00699524640997988,3.83590061090562e-05,6.25935792219481,0.998468795030296,0.998438771403439,1.83948527767686e-73,53,0.0213609193436224,4.3337,53,115,6.307,-25.1828870759276,-0.00536609972440468,2.32401953288051e-05,5.83323939752227,0.998782283317843,0.998763549215041,1.88071539116381e-96,67,0.0183961503157939,5.50048333333333,67,101,4.451,-19.3179590078569,4.35932224622317,TRUE,TRUE
"YEP2C_INC-S5",-0.00737814118885637,4.27534294102663e-05,6.49264798113623,0.998290476424421,0.998256956354311,3.05280193029981e-72,53,0.0238093355606611,4.33388333333334,53,115,6.548,-26.5613082798829,-0.0056461530343012,2.44152539714378e-05,6.03942704869803,0.998804697707461,0.99878602110914,2.99704729872602e-95,66,0.0188948865669693,5.4171,66,102,4.586,-20.3261509234843,4.36127824435048,TRUE,TRUE
"YEP2C_INC-U4",-0.00781305508813976,5.07201650768326e-05,6.9520371607003,0.997771428987408,0.997729380477736,5.76663110520868e-72,55,0.0298585921430004,4.50039999999999,55,125,7.033,-28.1269983173031,-0.00580676629688727,2.39454750072567e-05,6.40277045541604,0.998726244875704,0.998709261474047,2.53486191666498e-110,77,0.0233527170251127,6.33386666666667,77,103,4.86,-20.9043586687942,4.56287507294888,TRUE,TRUE
"YEP2C_INC-U5",-0.00769838473499124,5.12332147390933e-05,6.52039852171346,0.997878598178832,0.997834402307557,7.91499845679407e-66,50,0.0261428436360746,4.08383333333333,50,118,6.587,-27.7141850459685,-0.00578529798741047,2.20888870079513e-05,6.04921435967896,0.999024230980443,0.999009667263733,1.35086952958447e-102,69,0.0182739917819379,5.66733333333333,69,99,4.652,-20.8270727546777,4.104920666569,TRUE,TRUE
"YEP_INC-WH1",-4.39236008070124e-05,1.28979879243052e-06,8.61334101147353,0.781103032491734,0.780429503360939,3.07536963591305e-109,327,0.0110089500927689,27.1683,327,4005,8.626,-0.158124962905245,1.14132251252609e-05,2.87258345380902e-08,8.52298068053459,0.975558473030308,0.975552293124627,0,3957,0.0103211710336586,329.687883333333,3957,375,8.554,0.0410876104509392,27.2152485884527,TRUE,TRUE
"YEP_INC-WH2",-3.9638395810358e-05,9.83326649037423e-07,8.6049720725192,0.804051286943517,0.803556466961051,3.11967362255797e-142,398,0.0112705356627962,33.08745,398,3946,8.628,-0.142698224917289,1.13976071621103e-05,2.71864399165315e-08,8.50355680845941,0.97831968606764,0.978314119876643,0,3897,0.00954695419364467,324.693566666667,3897,447,8.54,0.0410313857835972,33.1188624798922,TRUE,TRUE
"YEP_INC-WS1",-4.62130115921309e-05,1.01200481059927e-06,8.66232914208728,0.828056921176315,0.827659823996583,1.21617349588243e-167,435,0.0132532751012911,36.1694333333333,435,3945,8.698,-0.166366841731671,1.13987945364859e-05,2.96870780238345e-08,8.53713357702437,0.974260528442527,0.974253920105798,0,3897,0.0104249699615371,324.690133333333,3897,483,8.583,0.0410356603313491,36.2181444123435,TRUE,TRUE
"YEP_INC-WS2",-3.50664004777047e-05,7.59070393881571e-07,8.64290141585339,0.814823103167264,0.814441295132557,9.8380881985903e-180,487,0.0117760176276035,40.5089333333333,487,3917,8.669,-0.126239041719737,9.31080798116397e-06,2.458502220159e-08,8.53493679303914,0.973746538780351,0.973739749677372,0,3869,0.00854055069835204,322.359816666667,3869,535,8.569,0.0335189087321903,40.5480740086948,TRUE,TRUE
"YEP_INC-WU1",-5.99781730106845e-05,1.61707630215411e-06,8.85060109290903,0.797184385373644,0.796604912188997,2.63782510851199e-123,352,0.0154148427852073,29.2521166666667,352,3956,8.889,-0.215921422838464,9.66514322122913e-06,2.66133454429542e-08,8.72824566420072,0.971236637788745,0.97122927389673,0,3908,0.00938530221116591,325.611216666667,3908,400,8.769,0.0347945155964249,29.2814473406012,TRUE,TRUE
"YEP_INC-WU2",9.95325688012724e-06,2.92997031994431e-08,8.38964535424514,0.969918938716263,0.969910533837447,0,3581,0.00906315036247307,298.354066666667,3581,835,8.437,0.0358317247684581,2.79506492474716e-06,1.43831622103237e-07,8.51783056361575,0.324811008479253,0.323950895114259,5.58293895261069e-69,787,0.00458375142744497,65.5038666666667,787,3629,8.572,0.0100622337290898,298.437397755398,FALSE,TRUE
