Moisture,Class,.y.,group1,group2,n1,n2,statistic,p,p.adj,p.adj.signif
Dry,Condensed Aromatic,rel_abund,Control,Unburned + DOC,5,5,17,0.421,0.680076923076923,ns
Dry,Condensed Aromatic,rel_abund,Control,High Burn + DOC,5,5,1,0.016,0.168,ns
Dry,Condensed Aromatic,rel_abund,Unburned + DOC,High Burn + DOC,5,5,0,0.008,0.168,ns
Wet,Condensed Aromatic,rel_abund,Control,Unburned + DOC,5,4,18,0.064,0.224,ns
Wet,Condensed Aromatic,rel_abund,Control,High Burn + DOC,5,4,5,0.286,0.6002500000000001,ns
Wet,Condensed Aromatic,rel_abund,Unburned + DOC,High Burn + DOC,4,4,0,0.029,0.168,ns
Dry,Aromatic,rel_abund,Control,Unburned + DOC,5,5,8,0.421,0.680076923076923,ns
Dry,Aromatic,rel_abund,Control,High Burn + DOC,5,5,7,0.31,0.6002500000000001,ns
Dry,Aromatic,rel_abund,Unburned + DOC,High Burn + DOC,5,5,11,0.841,0.9546486486486486,ns
Wet,Aromatic,rel_abund,Control,Unburned + DOC,5,4,7,0.556,0.7532903225806452,ns
Wet,Aromatic,rel_abund,Control,High Burn + DOC,5,4,1,0.032,0.168,ns
Wet,Aromatic,rel_abund,Unburned + DOC,High Burn + DOC,4,4,1,0.057,0.224,ns
Dry,Unsaturated/Lignin,rel_abund,Control,Unburned + DOC,5,5,7,0.31,0.6002500000000001,ns
Dry,Unsaturated/Lignin,rel_abund,Control,High Burn + DOC,5,5,12,1,1,ns
Dry,Unsaturated/Lignin,rel_abund,Unburned + DOC,High Burn + DOC,5,5,16,0.548,0.7532903225806452,ns
Wet,Unsaturated/Lignin,rel_abund,Control,Unburned + DOC,5,4,12,0.73,0.9290909090909091,ns
Wet,Unsaturated/Lignin,rel_abund,Control,High Burn + DOC,5,4,7,0.556,0.7532903225806452,ns
Wet,Unsaturated/Lignin,rel_abund,Unburned + DOC,High Burn + DOC,4,4,4,0.343,0.6002500000000001,ns
Dry,Aliphatic,rel_abund,Control,Unburned + DOC,5,5,18,0.31,0.6002500000000001,ns
Dry,Aliphatic,rel_abund,Control,High Burn + DOC,5,5,14,0.841,0.9546486486486486,ns
Dry,Aliphatic,rel_abund,Unburned + DOC,High Burn + DOC,5,5,11,0.841,0.9546486486486486,ns
Wet,Aliphatic,rel_abund,Control,Unburned + DOC,5,4,11,0.905,0.9746153846153846,ns
Wet,Aliphatic,rel_abund,Control,High Burn + DOC,5,4,11,0.905,0.9746153846153846,ns
Wet,Aliphatic,rel_abund,Unburned + DOC,High Burn + DOC,4,4,12,0.343,0.6002500000000001,ns
Dry,Aliphatic_N,rel_abund,Control,Unburned + DOC,5,5,2,0.032,0.168,ns
Dry,Aliphatic_N,rel_abund,Control,High Burn + DOC,5,5,14,0.841,0.9546486486486486,ns
Dry,Aliphatic_N,rel_abund,Unburned + DOC,High Burn + DOC,5,5,21,0.095,0.3069230769230769,ns
Wet,Aliphatic_N,rel_abund,Control,Unburned + DOC,5,4,2,0.064,0.224,ns
Wet,Aliphatic_N,rel_abund,Control,High Burn + DOC,5,4,7,0.556,0.7532903225806452,ns
Wet,Aliphatic_N,rel_abund,Unburned + DOC,High Burn + DOC,4,4,11,0.486,0.7532903225806452,ns
Dry,Lipid,rel_abund,Control,Unburned + DOC,5,5,20,0.151,0.45299999999999996,ns
Dry,Lipid,rel_abund,Control,High Burn + DOC,5,5,19,0.222,0.5484705882352942,ns
Dry,Lipid,rel_abund,Unburned + DOC,High Burn + DOC,5,5,12,1,1,ns
Wet,Lipid,rel_abund,Control,Unburned + DOC,5,4,20,0.016,0.168,ns
Wet,Lipid,rel_abund,Control,High Burn + DOC,5,4,20,0.016,0.168,ns
Wet,Lipid,rel_abund,Unburned + DOC,High Burn + DOC,4,4,16,0.029,0.168,ns
Dry,Carbohydrate,rel_abund,Control,Unburned + DOC,5,5,6,0.222,0.5484705882352942,ns
Dry,Carbohydrate,rel_abund,Control,High Burn + DOC,5,5,13,1,1,ns
Dry,Carbohydrate,rel_abund,Unburned + DOC,High Burn + DOC,5,5,19,0.222,0.5484705882352942,ns
Wet,Carbohydrate,rel_abund,Control,Unburned + DOC,5,4,12,0.73,0.9290909090909091,ns
Wet,Carbohydrate,rel_abund,Control,High Burn + DOC,5,4,18,0.064,0.224,ns
Wet,Carbohydrate,rel_abund,Unburned + DOC,High Burn + DOC,4,4,12,0.343,0.6002500000000001,ns
