"Field_Name","Sample_Name","IGSN","Material","Respiration_Rate_mg_DO_per_L_per_H","Respiration_R_Squared","Respiration_R_Squared_Adj","Respiration_p_value","Respiration_Rate_mg_DO_per_kg_per_H","Total_Incubation_Time_Min","Number_Points_In_Respiration_Regression","Number_Points_Removed_Respiration_Regression","DO_Concentration_At_Incubation_Time_Zero","Methods_Deviation"
NA,"YEP_INC-WH1",NA,NA,-0.16,0.78,0.78,0,-9999,27.17,327,4005,8.63,"N/A"
NA,"YEP_INC-WH2",NA,NA,-0.14,0.8,0.8,0,-9999,33.09,398,3946,8.63,"N/A"
NA,"YEP_INC-WS1",NA,NA,-0.17,0.83,0.83,0,-9999,36.17,435,3945,8.7,"N/A"
NA,"YEP_INC-WS2",NA,NA,-0.13,0.81,0.81,0,-9999,40.51,487,3917,8.67,"N/A"
NA,"YEP_INC-WU1",NA,NA,-0.22,0.8,0.8,0,-9999,29.25,352,3956,8.89,"N/A"
NA,"YEP_INC-WU2",NA,NA,0.04,0.97,0.97,0,-9999,298.35,3581,835,8.44,"N/A"
"N/A","YEP1A_INC-H2","10.58052/IEPRS01EB","Sediment",-12.3,1,1,0,-36.46,4.83,59,661,8.16,"N/A"
"N/A","YEP1A_INC-S1","10.58052/IEPRS01EB","Sediment",-13.86,1,1,0,-40.26,4.5,55,497,7.45,"N/A"
"N/A","YEP1A_INC-S2","10.58052/IEPRS01EB","Sediment",-12,1,1,0,-36.34,6.83,83,481,7.41,"N/A"
"N/A","YEP1A_INC-U1","10.58052/IEPRS01EB","Sediment",-15.16,1,1,0,-42.88,4,49,311,8.06,"N/A"
"N/A","YEP1B_INC-H1","10.58052/IEPRS01EB","Sediment",-13.62,1,1,0,-44.95,1.58,20,316,8.56,"N/A"
"N/A","YEP1B_INC-H3","10.58052/IEPRS01EB","Sediment",-18.95,1,1,0,-57.54,3.33,41,211,7.81,"N/A"
"N/A","YEP1B_INC-S3","10.58052/IEPRS01EB","Sediment",-14.09,1,1,0,-42.25,3.67,45,280,8.2,"N/A"
"N/A","YEP1B_INC-U2","10.58052/IEPRS01EB","Sediment",-17.7,1,1,0,-55.38,15.67,189,112,8.48,"N/A"
"N/A","YEP1B_INC-U3","10.58052/IEPRS01EB","Sediment",-16.38,1,1,0,-48.07,3.92,48,253,8.63,"N/A"
"N/A","YEP1C_INC-H4","10.58052/IEPRS01EB","Sediment",-17.3,1,1,0,-52.57,2.08,26,262,8.58,"N/A"
"N/A","YEP1C_INC-H5","10.58052/IEPRS01EB","Sediment",-17.35,1,1,0,-52.92,13.83,167,73,7.35,"N/A"
"N/A","YEP1C_INC-S4","10.58052/IEPRS01EB","Sediment",-14.38,1,1,0,-46.24,7.5,91,233,8.07,"N/A"
"N/A","YEP1C_INC-S5","10.58052/IEPRS01EB","Sediment",-14.64,1,1,0,-43.93,4.25,52,260,8.6,"N/A"
"N/A","YEP1C_INC-U4","10.58052/IEPRS01EB","Sediment",-16.16,1,1,0,-48.75,3.17,39,273,8.69,"N/A"
"N/A","YEP1C_INC-U5","10.58052/IEPRS01EB","Sediment",-16.81,1,1,0,-49.74,2.83,35,253,8.88,"N/A"
"N/A","YEP2A_INC-H1","10.58052/IEPRS01EA","Sediment",-21.38,1,1,0,-55.33,3.25,40,404,4.38,"N/A"
"N/A","YEP2A_INC-H2","10.58052/IEPRS01EA","Sediment",-26.45,1,1,0,-68.95,3.58,44,388,5.47,"N/A"
"N/A","YEP2A_INC-S1","10.58052/IEPRS01EA","Sediment",-30.45,1,1,0,-82.1,2.67,33,591,4.98,"N/A"
"N/A","YEP2A_INC-S2","10.58052/IEPRS01EA","Sediment",-28.42,1,1,0,-75.71,3.75,46,182,5.77,"N/A"
"N/A","YEP2A_INC-U1","10.58052/IEPRS01EA","Sediment",-29.61,1,1,0,-80.17,2,25,515,4.24,"N/A"
"N/A","YEP2A_INC-U2","10.58052/IEPRS01EA","Sediment",-25.65,1,1,0,-67.15,3.67,45,183,5.27,"N/A"
"N/A","YEP2B_INC-H3","10.58052/IEPRS01EA","Sediment",-25.56,1,1,0,-64.1,3.92,48,121,5.46,"N/A"
"N/A","YEP2B_INC-S3","10.58052/IEPRS01EA","Sediment",-29,1,1,0,-74.58,3.33,41,104,6.11,"N/A"
"N/A","YEP2B_INC-U3","10.58052/IEPRS01EA","Sediment",-30,1,1,0,-75.47,3.34,41,116,5.27,"N/A"
"N/A","YEP2C_INC-H4","10.58052/IEPRS01EA","Sediment",-21.47,1,1,0,-61.7,5.5,67,149,6.73,"N/A"
"N/A","YEP2C_INC-H5","10.58052/IEPRS01EA","Sediment",-25.8,1,1,0,-65.65,3.83,47,121,6.31,"N/A"
"N/A","YEP2C_INC-S4","10.58052/IEPRS01EA","Sediment",-25.18,1,1,0,-65.16,4.33,53,115,6.31,"N/A"
"N/A","YEP2C_INC-S5","10.58052/IEPRS01EA","Sediment",-26.56,1,1,0,-69.45,4.33,53,115,6.55,"N/A"
"N/A","YEP2C_INC-U4","10.58052/IEPRS01EA","Sediment",-28.13,1,1,0,-73.88,4.5,55,125,7.03,"N/A"
"N/A","YEP2C_INC-U5","10.58052/IEPRS01EA","Sediment",-27.71,1,1,0,-72.34,4.08,50,118,6.59,"N/A"
