"Km_mg_L","kL_dry","kL_wet","kL_p","Vmax_dry","Vmax_wet","Vmax_p","kL_direction","Vmax_direction"
0.05,0.0363587324408747,3.52909102604163,2.20976852204738e-06,16.4272033972392,9.55752311250621,3.39182139086347e-06,"Wet > Dry","Dry > Wet"
0.1,0.0198804877220669,3.44752040535287,1.90189554276045e-06,16.6844576392324,9.97212689944327,3.39182139086347e-06,"Wet > Dry","Dry > Wet"
0.13,0.0102254489204679,3.40146334092048,1.58047772807133e-06,16.8371663507771,10.2166410403109,3.39182139086347e-06,"Wet > Dry","Dry > Wet"
0.2,0.00467362558810128,3.29915036263727,9.57561954527704e-07,17.1210899987412,10.7831205837605,3.39182139086347e-06,"Wet > Dry","Dry > Wet"
0.3,0.000369803163367211,3.16145881795136,9.57561954527704e-07,17.5069031735078,11.5912480868484,5.05270354045351e-06,"Wet > Dry","Dry > Wet"
0.51,5.04548596259805e-07,2.89111932425382,9.57561954527704e-07,18.2589946762529,13.3166937494438,9.6615358701424e-05,"Wet > Dry","Dry > Wet"
0.75,0,2.60044053088446,6.8661555478264e-07,19.098604110061,15.3618280483541,0.0143968527511795,"Wet > Dry","Dry > Wet"
1,3.82817253850608e-06,2.30990913999524,9.57561954527704e-07,19.9637473986137,17.592605575348,0.430647989848078,"Wet > Dry","Dry > Wet"
1.22,0,2.06106159705693,6.8661555478264e-07,20.7156847343343,19.6472175423336,0.966914777173194,"Wet > Dry","Dry > Wet"
