"Sample_Name","Moisture","Sediment_Type","Treatment","Incubation_Set","n_raw","n_after_trim","n_removed_after_min","reached_anoxia","n_removed_anoxic","n_fit","duration_fit_min","DO_first_obs","DO_last_obs"
"YEP1A_INC-H2","Dry","Dry Sediments","High Burn + DOC","A",720,672,36,TRUE,178,458,38.09,8.16,0.101
"YEP1A_INC-S1","Dry","Dry Sediments","Control","A",552,504,3,TRUE,102,399,33.17,7.447,0.101
"YEP1A_INC-S2","Dry","Dry Sediments","Control","A",564,515,25,TRUE,51,439,36.51,7.413,0.102
"YEP1A_INC-U1","Dry","Dry Sediments","Unburned + DOC","A",360,312,0,FALSE,0,312,25.92,8.063,0.791
"YEP1B_INC-H1","Dry","Dry Sediments","High Burn + DOC","B",336,288,0,FALSE,0,288,23.92,8.561,2.423
"YEP1B_INC-H3","Dry","Dry Sediments","High Burn + DOC","B",252,203,0,FALSE,0,203,16.83,7.814,2.417
"YEP1B_INC-S3","Dry","Dry Sediments","Control","B",325,276,0,FALSE,0,276,22.92,8.196,2.373
"YEP1B_INC-U2","Dry","Dry Sediments","Unburned + DOC","B",301,253,0,FALSE,0,253,21,8.48,2.45
"YEP1B_INC-U3","Dry","Dry Sediments","Unburned + DOC","B",301,253,0,FALSE,0,253,21,8.63,2.598
"YEP1C_INC-H4","Dry","Dry Sediments","High Burn + DOC","C",288,240,0,FALSE,0,240,19.92,8.577,2.499
"YEP1C_INC-H5","Dry","Dry Sediments","High Burn + DOC","C",240,192,0,FALSE,0,192,15.92,7.346,2.777
"YEP1C_INC-S4","Dry","Dry Sediments","Control","C",324,276,0,FALSE,0,276,22.92,8.067,2.466
"YEP1C_INC-S5","Dry","Dry Sediments","Control","C",312,264,0,FALSE,0,264,21.92,8.598,2.593
"YEP1C_INC-U4","Dry","Dry Sediments","Unburned + DOC","C",312,264,0,FALSE,0,264,21.92,8.69,2.665
"YEP1C_INC-U5","Dry","Dry Sediments","Unburned + DOC","C",288,240,0,FALSE,0,240,19.92,8.876,2.758
"YEP2A_INC-H1","Wet","Wet Sediments","High Burn + DOC","A",486,438,2,TRUE,188,248,20.58,5.981,0.106
"YEP2A_INC-H2","Wet","Wet Sediments","High Burn + DOC","A",432,384,89,TRUE,64,231,19.17,5.467,0.101
"YEP2A_INC-S1","Wet","Wet Sediments","Control","A",624,576,53,TRUE,325,198,16.42,4.98,0.105
"YEP2A_INC-S2","Wet","Wet Sediments","Control","A",228,180,0,FALSE,0,180,14.92,5.771,0.66
"YEP2A_INC-U1","Wet","Wet Sediments","Unburned + DOC","A",570,522,104,TRUE,221,197,16.34,6.056,0.104
"YEP2A_INC-U2","Wet","Wet Sediments","Unburned + DOC","A",228,180,0,FALSE,0,180,14.92,5.268,0.49
"YEP2B_INC-H3","Wet","Wet Sediments","High Burn + DOC","B",169,121,0,FALSE,0,121,10,5.462,1.786
"YEP2B_INC-S3","Wet","Wet Sediments","Control","B",145,97,0,FALSE,0,97,8,6.106,2.755
"YEP2B_INC-U3","Wet","Wet Sediments","Unburned + DOC","B",157,109,0,FALSE,0,109,9,5.268,1.503
"YEP2C_INC-H4","Wet","Wet Sediments","High Burn + DOC","C",216,167,0,FALSE,0,167,13.83,6.734,2.496
"YEP2C_INC-H5","Wet","Wet Sediments","High Burn + DOC","C",168,120,0,FALSE,0,120,9.92,6.307,2.639
"YEP2C_INC-S4","Wet","Wet Sediments","Control","C",168,120,0,FALSE,0,120,9.92,6.307,2.677
"YEP2C_INC-S5","Wet","Wet Sediments","Control","C",168,120,0,FALSE,0,120,9.92,6.593,2.744
"YEP2C_INC-U4","Wet","Wet Sediments","Unburned + DOC","C",180,132,0,FALSE,0,132,10.92,7.033,2.647
"YEP2C_INC-U5","Wet","Wet Sediments","Unburned + DOC","C",168,119,0,FALSE,0,119,9.83,6.587,2.675
