"Km_mg_L","Moisture","n_vials","SSR_mean","SSR_median","RMSE_mean","RMSE_max","MAE_mean","R2_mean","R2_min","Mean_Bias_mean","Max_Abs_Resid_max","Resid_Lag1_Autocorr_mean","AIC_descriptive_mean","n_kL_at_lower","n_Vmax_at_lower","n_any_upper_bound","n_starts_disagree","r_kL_Vmax_median","r_kL_Vmax_strongest","DO0_gap_abs_max","vials_DO0_gap_gt_0.3"
0.05,"Dry",15,0.301038107466499,0.102648828138941,0.0229330291187285,0.0634901772978113,0.0179714285075569,0.999826099875864,0.999363560528153,-0.0012861113419934,0.174277595954971,0.920067798496056,-2244.41202231755,11,0,0,0,-0.97902424244304,-0.993229298453025,0.156012152254254,0
0.05,"Wet",15,0.0562612129224724,0.0125208272360293,0.012823252715916,0.0516981193739963,0.010134431709141,0.999868709322094,0.998977094643098,-9.8127766291414e-05,0.310352483705552,0.815876353875653,-1383.51666097592,0,0,0,0,-0.99074177495921,-0.994909727220732,0.310352483705552,1
0.1,"Dry",15,0.250768419342499,0.0978972845458994,0.02237572752066,0.0546473151683485,0.0176027938202888,0.999839951178918,0.999528500011307,-0.000976721504940411,0.145000393733072,0.930561594411828,-2240.03202597863,11,0,0,0,-0.979759065424941,-0.993363600685926,0.145000393733072,0
0.1,"Wet",15,0.0554279673449091,0.0126853435948501,0.0125028284308506,0.053861434797776,0.00984286408883689,0.999869160653395,0.998889696268282,-9.86837574791027e-06,0.317002433512515,0.819865825306467,-1395.35492039437,0,0,0,0,-0.991012059076007,-0.995028499646634,0.317002433512515,1
0.13,"Dry",15,0.237755852537171,0.0951629164565935,0.0224764420084929,0.0498171135191209,0.0177523856423734,0.999839766492819,0.999563628026151,-0.000822419167539244,0.153786799413829,0.936292419099727,-2230.67705285499,12,0,0,0,-0.97031911142324,-0.990015941260267,0.153786799413829,0
0.13,"Wet",15,0.0570697146963883,0.0127828249540252,0.0125999295813878,0.0551682206998664,0.00983716646362422,0.999865474251942,0.998835166325329,5.55557124284514e-05,0.320357482864837,0.824370387678253,-1394.00206902287,0,0,0,0,-0.991168297261189,-0.995097724545349,0.320357482864837,1
0.2,"Dry",15,0.257376083662627,0.106797510602328,0.0240860905708081,0.0507495701833448,0.0193437083619409,0.999815086969601,0.999491563371356,-0.000273496979353234,0.177943914040809,0.951929295989383,-2184.81774051459,14,0,0,0,-0.990273292406312,-0.990273292406312,0.177943914040809,0
0.2,"Wet",15,0.0642049809784335,0.0130067508680822,0.0133234899035326,0.0581091496006943,0.0103873725187193,0.999850756732238,0.998707665308991,0.000215782806196261,0.326970805025615,0.837406055416599,-1375.0597988513,0,0,0,0,-0.991516602574122,-0.995253607189718,0.326970805025615,1
0.3,"Dry",15,0.397597838278906,0.152089975641763,0.0294453918767752,0.0691714188970716,0.0241070940859088,0.999726147567235,0.999055448891089,0.000472289102306635,0.208625373510668,0.970545788548267,-2062.09496165235,14,0,0,0,-0.990622871282628,-0.990622871282628,0.208625373510668,0
0.3,"Wet",15,0.0784563045408114,0.0144136380044824,0.0147873460381043,0.0619345184140904,0.0118425853026561,0.999822216398321,0.998531914014296,0.000434048700005255,0.334587800260079,0.852925124421551,-1339.64409752452,0,0,0,0,-0.991977878517756,-0.995463402856005,0.334587800260079,1
0.51,"Dry",15,0.944698257613843,0.272410893509169,0.0432190398146045,0.106200735784375,0.0360306968677494,0.999412866984301,0.997773477209827,0.00188312380573455,0.262658911666382,0.985890510155113,-1840.18906864759,15,0,0,0,NA,NA,0.262658911666382,0
0.51,"Wet",15,0.113019241692472,0.0153321678830435,0.0177417005012799,0.0685789176112049,0.0145523380299119,0.99975374440986,0.998200021923116,0.00082887023852994,0.346352136016175,0.872769144839467,-1283.49866253871,0,0,0,0,-0.992827196732755,-0.995860129710103,0.346352136016175,1
0.75,"Dry",15,1.77840352669569,0.441143423647804,0.0580224625041266,0.141226322218438,0.0487215342324217,0.998941660837471,0.996062655706823,0.00326520750878559,0.313197130910059,0.991967027771659,-1669.8822338722,15,0,0,0,NA,NA,0.313197130910059,2
0.75,"Wet",15,0.152193406886628,0.0163265683299861,0.0204641208223084,0.0744340496992359,0.0169658089460218,0.999676288538541,0.997879544029433,0.00118940861290293,0.355814225650749,0.886400687911496,-1242.62167736061,0,0,0,0,-0.993637171567899,-0.996251826077341,0.355814225650749,1
1,"Dry",15,2.74482440191576,0.642768287596785,0.0716933461213645,0.171197207498424,0.0604169405563818,0.998390030128432,0.994214172967761,0.00458206022195585,0.35919961494149,0.994704948739162,-1545.57080076655,15,0,0,0,NA,NA,0.35919961494149,2
1,"Wet",15,0.189680100949449,0.0173021784931075,0.022719478286725,0.0791991404252232,0.0189445451250601,0.999602057987839,0.997599360768579,0.00149000382268597,0.363222429115711,0.896130591070682,-1213.43657086285,0,0,0,0,-0.994339035486283,-0.996602585918774,0.363222429115711,1
1.22,"Dry",15,3.62337016805546,0.83392082711807,0.0824148785211368,0.193536664282848,0.0696018183490507,0.997881932653572,0.992605673954553,0.00556406634491268,0.397990179209774,0.99597076826232,-1462.9133286152,15,0,0,0,NA,NA,0.397990179209774,3
1.22,"Wet",15,0.219530168665308,0.0181125885637455,0.024353830946083,0.0826082563562214,0.0203707768617241,0.999542824441695,0.997388242359766,0.00170706479921868,0.368384154138425,0.902582115579991,-1194.13767495089,0,0,0,0,-0.994862368777516,-0.996871455774548,0.368384154138425,1
3.2,"Dry",15,10.7697027080526,2.70018445436346,0.146258722026187,0.312133744368011,0.124192653409578,0.993538433128519,0.980766711860803,0.0119400222997751,0.624120221455175,0.998573260816126,-1118.67667043802,15,0,0,0,NA,NA,0.62048747449739,4
3.2,"Wet",15,0.6194378238613,0.0237878546443127,0.0392937416906838,0.101982768819206,0.0323347546125803,0.998756217470981,0.995995897947901,0.00524909973543159,0.392622277086063,0.930105263978431,-1071.28306469951,6,0,0,0,-0.997825017986823,-0.998310351924984,0.392622277086063,1
5.28,"Dry",15,16.1786408860676,4.42390646001992,0.182921284759258,0.380241596072863,0.155867990323259,0.990050432424655,0.972682613793209,0.0144164736901187,0.73514352608934,0.998982844302418,-983.510972940953,15,0,0,0,NA,NA,0.731647577623949,7
5.28,"Wet",15,1.11969819514549,0.0536808915681043,0.0527335444917954,0.141491129062365,0.0439580239669904,0.997732210678445,0.992575603237525,0.00783751113431748,0.306437627230465,0.946341288011666,-990.916359893729,8,0,0,0,-0.998696440855139,-0.998962872863243,0.290656639382246,0
10,"Dry",15,23.644051635634,7.1574214977268,0.22610041936045,0.458128795140979,0.19311967871573,0.985019754794743,0.962284322223245,0.0179949549178361,0.883968686103007,0.99922072256519,-855.494728583866,15,0,0,0,NA,NA,0.883968686103007,12
10,"Wet",15,1.89977455023331,0.184839054818428,0.0702525144093884,0.184664438767417,0.0592444209101397,0.996061229988441,0.98778064785615,0.0102065202240684,0.375879458373373,0.965425262754043,-899.421596907888,15,0,0,0,NA,NA,0.210804042115287,0
