"Sample_Name","Moisture","Sediment_Type","Treatment","Incubation_Set","Km_mg_L","fit_ok","kL_per_h","Vmax_mg_L_h","DO0_est","DO_first_obs","DO0_minus_first_obs","n_points","SSR","RMSE","MAE","R2","Mean_Bias","Max_Abs_Resid","Resid_Lag1_Autocorr","AIC_descriptive","BIC_descriptive","r_kL_Vmax","r_kL_DO0","r_Vmax_DO0","n_starts_agree","n_starts","kL_at_lower","kL_at_upper","Vmax_at_lower","Vmax_at_upper","nls_info","In_GridA","In_GridB","kL_profile_lower","kL_profile_upper","kL_profile_lower_open","kL_profile_upper_open","boot_n_ok","boot_block_length_readings","kL_ci_lower","kL_ci_upper","Vmax_ci_lower","Vmax_ci_upper","DO0_ci_lower","DO0_ci_upper","r_kL_Vmax_boot"
"YEP1A_INC-H2","Dry","Dry Sediments","High Burn + DOC","A",0.2,TRUE,0,14.9200199847877,8.3168780669835,8.16,0.156878066983504,458,0.819692563104361,0.0423051031614742,0.0339074380962505,0.999717427727833,-0.00338567177974792,0.156878066983504,0.99608088371355,-2891.16836321168,-2878.78775565933,NA,NA,0.857690715457894,3,3,TRUE,FALSE,FALSE,FALSE,2,TRUE,TRUE,0,0.0327364554354172,FALSE,FALSE,200,42,0,0.0980799356991053,14.5049400201202,15.023424974508,8.28537234915061,8.35923632807366,-0.90242454391935
"YEP1A_INC-S1","Dry","Dry Sediments","Control","A",0.2,TRUE,0,15.3536329303262,7.53455587013345,7.447,0.0875558701334498,399,0.226078401857706,0.0238036244295743,0.0197495843197654,0.999888702774995,-0.000845552144826885,0.0875558701334498,0.989839123854172,-2976.85810350795,-2964.89121925728,NA,NA,0.856985200023154,3,3,TRUE,FALSE,FALSE,FALSE,2,TRUE,TRUE,0,0.0139344138669333,FALSE,FALSE,200,47,0,0.0749349128923873,15.0583405589596,15.4293339034435,7.51115206365985,7.56366550592557,-0.857980290777182
"YEP1A_INC-S2","Dry","Dry Sediments","Control","A",0.2,TRUE,0,13.8206681473193,7.59094391404081,7.413,0.177943914040809,439,1.13065278559567,0.0507495701833448,0.0426245246102015,0.999491563371356,0.00184696542297223,0.177943914040809,0.996705300928597,-2611.18817048225,-2598.93467224302,NA,NA,0.857231788577665,3,3,TRUE,FALSE,FALSE,FALSE,2,TRUE,TRUE,0,0.0182529823389924,FALSE,FALSE,200,71,0,0.171186863520417,13.0825317965238,13.9933653987371,7.53628779277454,7.66892215459597,-0.891977369757812
"YEP1A_INC-U1","Dry","Dry Sediments","Unburned + DOC","A",0.2,TRUE,0,18.109088217529,8.19891459833738,8.063,0.135914598337376,312,0.467299236496088,0.0387008263881857,0.0297143798681659,0.99967619843692,0.000442958571940542,0.155362887775762,0.994188021748465,-2023.18205909609,-2011.95304953266,NA,NA,0.860027754584358,3,3,TRUE,FALSE,FALSE,FALSE,2,TRUE,TRUE,0,0.020117965589093,FALSE,FALSE,200,40,0,0.140837447508475,17.4397206427587,18.256746870366,8.17585851977185,8.25217908229092,-0.944584278450111
"YEP1B_INC-H1","Dry","Dry Sediments","High Burn + DOC","B",0.2,TRUE,0,16.1928842542406,8.64027265144358,8.561,0.0792726514435849,288,0.051576654890667,0.0133822870713216,0.00914268439170195,0.999944753554893,-0.000185967079878647,0.0792726514435849,0.942191791055501,-2478.76222471822,-2467.77334327781,NA,NA,0.862595626035229,3,3,TRUE,FALSE,FALSE,FALSE,2,TRUE,TRUE,0,0.00943807569752968,FALSE,FALSE,200,25,0,0.0482726819081805,15.902834597951,16.2287951119927,8.63228573243133,8.65253116282461,-0.968170150547781
"YEP1B_INC-H3","Dry","Dry Sediments","High Burn + DOC","B",0.2,TRUE,0,20.1738870524541,7.85498362628831,7.814,0.0409836262883054,203,0.034862553331838,0.0131048355930315,0.0110003456853206,0.999930915571141,6.06100584259101e-05,0.0409836262883054,0.952463200939619,-1753.91823898485,-1743.97862104773,NA,NA,0.862243193140389,3,3,TRUE,FALSE,FALSE,FALSE,2,TRUE,TRUE,0,0.012334017495557,FALSE,FALSE,200,32,0,0.105718774033443,19.542601037499,20.2330665007358,7.84584820634133,7.87414502057067,-0.967535701966222
"YEP1B_INC-S3","Dry","Dry Sediments","Control","B",0.2,TRUE,0,16.0060639843122,8.29523847126693,8.196,0.0992384712669292,276,0.195370196249905,0.0266056954408443,0.0218375951503803,0.999756304499926,-0.00038594399801871,0.0992384712669292,0.944623059390713,-1995.89974443152,-1985.03854183437,NA,NA,0.862539581136189,3,3,TRUE,FALSE,FALSE,FALSE,2,TRUE,TRUE,0,0.0171150400021907,FALSE,FALSE,200,35,0,0.153735132447545,15.1084923338088,16.1327802790115,8.28153509199713,8.3315625371094,-0.974632780743007
"YEP1B_INC-U2","Dry","Dry Sediments","Unburned + DOC","B",0.2,TRUE,0.0701043838215192,17.7736637045016,8.52956760736859,8.48,0.0495676073685924,253,0.0891038566010202,0.0187667034005915,0.0165934732603953,0.99988801495328,-2.19225890739441e-05,0.0546140629488896,0.969399518667266,-2005.68956400251,-1995.08939553633,-0.990273292406312,0.741727793632685,-0.65427458380436,3,3,FALSE,FALSE,FALSE,FALSE,1,TRUE,TRUE,0,0.131034528616202,FALSE,FALSE,200,31,0,0.173770549343806,17.1932114453941,18.2077157030686,8.50507790372427,8.55801717574601,-0.982992677374683
"YEP1B_INC-U3","Dry","Dry Sediments","Unburned + DOC","B",0.2,TRUE,0,17.9816110639333,8.68643806013367,8.63,0.0564380601336687,253,0.106797510602328,0.0205456698074141,0.0165392699724072,0.999863375612771,-0.000238902004217465,0.065198147207461,0.978708424625546,-1959.86316805681,-1949.26299959063,NA,NA,0.862663861398387,3,3,TRUE,FALSE,FALSE,FALSE,2,TRUE,TRUE,0,0.0140618375706994,FALSE,FALSE,200,36,0,0.130638813244501,17.1964103932263,18.0732680443146,8.66848965879495,8.71785964627142,-0.972655233504537
"YEP1C_INC-H4","Dry","Dry Sediments","High Burn + DOC","C",0.2,TRUE,0,19.1803771255061,8.63621401436546,8.577,0.0592140143654571,240,0.0451652227346132,0.0137181787443118,0.0103017037497454,0.999940429673233,-0.000135413254210095,0.0592140143654571,0.924075487263206,-2052.73603683813,-2042.2941200681,NA,NA,0.862508062472882,3,3,TRUE,FALSE,FALSE,FALSE,2,TRUE,TRUE,0,0.0113163341594431,FALSE,FALSE,200,25,0,0.0822858417466666,18.7482837553093,19.2260815750167,8.62775737410015,8.65136696544444,-0.974548589877025
"YEP1C_INC-H5","Dry","Dry Sediments","High Burn + DOC","C",0.2,TRUE,0,18.0260236172171,7.3532892761911,7.346,0.00728927619110209,192,0.00498179127657546,0.00509380305523262,0.00411421177811671,0.99998538770433,2.10687144248031e-05,0.0152165317957227,0.717324623782302,-2021.41653706681,-2011.64405095073,NA,NA,0.862538923188079,3,3,TRUE,FALSE,FALSE,FALSE,2,TRUE,TRUE,0,0.0105735995997937,FALSE,FALSE,200,20,0,0.0567826456280851,17.731666415784,18.050903290777,7.34941314526891,7.35966158681311,-0.984837818283885
"YEP1C_INC-S4","Dry","Dry Sediments","Control","C",0.2,TRUE,0,15.2780076926962,8.10333664352936,8.067,0.0363366435293582,276,0.0983138126975743,0.0188735122935706,0.0162646370586799,0.999865224702993,-0.000312995491344795,0.0439142232032594,0.975146488392083,-2185.43768482208,-2174.57648222493,NA,NA,0.862613724229442,3,3,TRUE,FALSE,FALSE,FALSE,2,TRUE,TRUE,0,0.012030173835437,FALSE,FALSE,200,47,0,0.137722790597372,14.5198034161588,15.3842359622445,8.0906386776962,8.1351179287903,-0.97108485034581
"YEP1C_INC-S5","Dry","Dry Sediments","Control","C",0.2,TRUE,0,17.4082710925022,8.74455033213392,8.598,0.14655033213392,264,0.411389927671719,0.0394752476949125,0.0304416935216698,0.999506096504109,-0.000732605022636691,0.14655033213392,0.992629324867831,-1700.53900250143,-1689.81115519199,NA,NA,0.862695410544875,3,3,TRUE,FALSE,FALSE,FALSE,2,TRUE,TRUE,0,0.0280013266047943,FALSE,FALSE,200,38,0,0.212751698461845,16.1557125368016,17.610659280195,8.72473584320968,8.80260946853435,-0.968565475767891
"YEP1C_INC-U4","Dry","Dry Sediments","Unburned + DOC","C",0.2,TRUE,0,17.1804759718843,8.72053967429207,8.69,0.0305396742920685,264,0.0366395313706496,0.0117807514054369,0.00973273594665158,0.999954837607066,-9.33815817773571e-05,0.0389140508969756,0.92250030976981,-2339.00023098176,-2328.27238367232,NA,NA,0.862744465836542,3,3,TRUE,FALSE,FALSE,FALSE,2,TRUE,TRUE,0,0.00753744174524698,FALSE,FALSE,200,42,0,0.0647000969841267,16.8072130727526,17.2297774770286,8.71144788586497,8.73865324773087,-0.975241747331579
"YEP1C_INC-U5","Dry","Dry Sediments","Unburned + DOC","C",0.2,TRUE,0,19.4116751419083,8.96542034467998,8.876,0.0894203446799811,240,0.142717210458695,0.024385549892875,0.0181913480196608,0.999817071849173,-0.000135702512329494,0.0894203446799811,0.983063880842084,-1776.60697901671,-1766.16506224669,NA,NA,0.862724485844854,3,3,TRUE,FALSE,FALSE,FALSE,2,TRUE,TRUE,0,0.0245036570571911,FALSE,FALSE,200,30,0,0.140493338108948,18.5691173417511,19.4856723450581,8.9468341648093,9.00189266113211,-0.967506936296625
"YEP2A_INC-H1","Wet","Wet Sediments","High Burn + DOC","A",0.2,TRUE,2.76447533087601,12.0257001281005,5.90295523088021,5.981,-0.0780447691197859,248,0.0616866754168488,0.015771385304493,0.0119152308937719,0.999914390197425,0.000362173345505068,0.0780447691197859,0.976053019782125,-2052.18078663609,-2041.64050039759,-0.96140476168614,0.728009234462589,-0.558125319962165,3,3,FALSE,FALSE,FALSE,FALSE,2,TRUE,TRUE,2.73191731125791,2.79654355719328,FALSE,FALSE,200,23,2.64873379296634,2.88388462111952,11.7002539603423,12.4036039913916,5.880511843549,5.92064024081756,-0.972731196685156
"YEP2A_INC-H2","Wet","Wet Sediments","High Burn + DOC","A",0.2,TRUE,2.93596193074855,11.9745267638036,5.39319275213746,5.467,-0.0738072478625407,231,0.052701314629142,0.0151044436896489,0.0111700508991414,0.999905894127867,0.000443582958026029,0.0738072478625407,0.952744163991617,-1931.05802799969,-1920.73077486812,-0.962150767438453,0.727607392456433,-0.559345774713561,3,3,FALSE,FALSE,FALSE,FALSE,2,TRUE,TRUE,2.89631918299095,2.97510282424728,FALSE,FALSE,200,20,2.8125330498615,3.06001559344853,11.6606418766423,12.2972002333587,5.36790464904799,5.41467674957226,-0.962830755254361
"YEP2A_INC-S1","Wet","Wet Sediments","Control","A",0.2,TRUE,3.97610513924686,11.8572599469051,4.9013435051981,4.98,-0.0786564948019004,198,0.0550172864159117,0.016669285614826,0.0123673073093421,0.999860066251658,0.000326796824181838,0.0786564948019004,0.981664653802397,-1615.29822532019,-1605.43342422811,-0.960655602366706,0.725045227303829,-0.555747022457671,3,3,FALSE,FALSE,FALSE,FALSE,2,TRUE,TRUE,3.91367145418549,4.03766546587884,FALSE,FALSE,200,17,3.79246812979551,4.15367725175495,11.4729311558072,12.3092210516742,4.8713156657238,4.92456878951511,-0.941691983350433
"YEP2A_INC-S2","Wet","Wet Sediments","Control","A",0.2,TRUE,3.26692614155398,12.1436002536579,5.71337758646669,5.771,-0.057622413533311,180,0.0359886556116866,0.0141399071998539,0.0110735447903388,0.99990648883055,8.60846797320748e-05,0.057622413533311,0.961106340061282,-1527.15150533553,-1517.57263478286,-0.976037750292999,0.730947322461409,-0.600062055256655,3,3,FALSE,FALSE,FALSE,FALSE,2,TRUE,TRUE,3.22310014321071,3.3108555065499,FALSE,FALSE,200,17,3.11411394320857,3.39946220870565,11.7054917019115,12.6345836992603,5.69435039459289,5.7321240703058,-0.978766853274483
"YEP2A_INC-U1","Wet","Wet Sediments","Unburned + DOC","A",0.2,TRUE,5.16047765944346,10.6862037690126,5.72902919497438,6.056,-0.326970805025615,197,0.665204633661226,0.0581091496006943,0.0447989305907419,0.998707665308991,0.0019194261478375,0.326970805025615,0.926213407848131,-1115.10026603797,-1105.25065485175,-0.955599356884073,0.722352875747186,-0.548142383853559,3,3,FALSE,FALSE,FALSE,FALSE,2,TRUE,TRUE,4.74287483489714,5.5768430515549,FALSE,FALSE,200,20,4.63289020762248,5.69437972132799,9.23049345338197,12.0800815344825,5.64823887487872,5.81068158389303,-0.958504756583782
"YEP2A_INC-U2","Wet","Wet Sediments","Unburned + DOC","A",0.2,TRUE,2.7623304293535,13.3993629749078,5.23662076642415,5.268,-0.0313792335758514,180,0.0111937209793976,0.00788589492539885,0.00614914000127435,0.999967413397368,6.53066215263478e-05,0.0313792335758514,0.829184905458908,-1737.36464441174,-1727.78577385907,-0.974770497447572,0.731884165494819,-0.595007788388703,3,3,FALSE,FALSE,FALSE,FALSE,2,TRUE,TRUE,2.74375533275858,2.78092135833782,FALSE,FALSE,200,17,2.67695083239474,2.85064174934767,13.1560117042888,13.6475961572658,5.22566584637143,5.24579952583924,-0.977177179090145
"YEP2B_INC-H3","Wet","Wet Sediments","High Burn + DOC","B",0.2,TRUE,2.84066969679849,12.8218598570479,5.44482883414017,5.462,-0.0171711658598328,121,0.00469287813720555,0.00622768952633394,0.00512644567961029,0.999965594994797,5.51030293714977e-06,0.0171711658598328,0.688340883540599,-1223.05747035888,-1214.67009872209,-0.991516602574122,0.733437481227453,-0.655971090859158,3,3,FALSE,FALSE,FALSE,FALSE,2,TRUE,TRUE,2.80362189294005,2.87783686497832,FALSE,FALSE,200,14,2.70877863542096,2.96521459812418,12.3690566409495,13.3070787140782,5.43591459326336,5.45248948638252,-0.989376292655032
"YEP2B_INC-S3","Wet","Wet Sediments","Control","B",0.2,TRUE,3.87116889655248,8.7635898884931,6.08365149418723,6.106,-0.0223485058127713,97,0.00391913561980818,0.00635637160635079,0.00519253309912498,0.999956800716732,1.25313905076807e-06,0.0223485058127713,0.687124599227358,-975.309727915449,-967.585594979939,-0.995253607189718,0.731396253561778,-0.674743677396139,3,3,FALSE,FALSE,FALSE,FALSE,2,TRUE,TRUE,3.81943967920169,3.92301097564606,FALSE,FALSE,200,9,3.72845195205644,4.02597326319039,8.05001320877878,9.40657759097907,6.07615641712033,6.08990559349935,-0.996038966590314
"YEP2B_INC-U3","Wet","Wet Sediments","Unburned + DOC","B",0.2,TRUE,3.81880148942672,13.6108027233905,5.25326262419379,5.268,-0.0147373758062121,109,0.00289336218996733,0.00515214588762844,0.00399578563997227,0.999977551100927,5.85358419386159e-06,0.0147373758062121,0.579942989681143,-1142.49855030648,-1134.42450665979,-0.989562706367883,0.731351783286252,-0.645746886032264,3,3,FALSE,FALSE,FALSE,FALSE,2,TRUE,TRUE,3.79624207290184,3.84140993422863,FALSE,FALSE,200,9,3.73363385926337,3.91488199797039,13.264805632084,13.8915375607503,5.24721861766859,5.25827113337947,-0.987369305796752
"YEP2C_INC-H4","Wet","Wet Sediments","High Burn + DOC","C",0.2,TRUE,2.32164747036755,8.26014080541662,6.69294472997462,6.734,-0.0410552700253835,167,0.0210754934270537,0.0112339022357966,0.00941901200944042,0.999913951379429,4.79583077444679e-06,0.0410552700253835,0.930298026064466,-1493.26557520433,-1483.91159376708,-0.992981068776507,0.734871899835925,-0.665537778097294,3,3,FALSE,FALSE,FALSE,FALSE,2,TRUE,TRUE,2.26336597847584,2.38004794991339,FALSE,FALSE,200,17,2.17675159264674,2.45511123289212,7.6613870509016,8.88510785964622,6.67723667385475,6.70872569556956,-0.991543821263954
"YEP2C_INC-H5","Wet","Wet Sediments","High Burn + DOC","C",0.2,TRUE,3.01198066040226,9.34128031802925,6.27271625256946,6.307,-0.0342837474305391,120,0.0130067508680822,0.0104110321566765,0.00859463685157105,0.999901936149557,4.34711112705655e-06,0.0342837474305391,0.921366721088309,-1089.57342018554,-1081.21094495719,-0.994480414025915,0.733282238693922,-0.671868325584059,3,3,FALSE,FALSE,FALSE,FALSE,2,TRUE,TRUE,2.91281972220296,3.11120152266669,FALSE,FALSE,200,14,2.78333865957163,3.22736779060676,8.40730818392885,10.3848138545887,6.25799803640897,6.28833145224872,-0.99416048573007
"YEP2C_INC-S4","Wet","Wet Sediments","Control","C",0.2,TRUE,3.10137387655216,8.79562718685449,6.290847234015,6.307,-0.0161527659850007,120,0.0038088563926202,0.00563386811511431,0.00445855845351138,0.999971088864731,2.34189030893598e-06,0.0200285191881582,0.69417696475821,-1236.95016445196,-1228.58768922362,-0.994559800051216,0.733154106292142,-0.672327593876483,3,3,FALSE,FALSE,FALSE,FALSE,2,TRUE,TRUE,3.07321045116375,3.12965276079422,FALSE,FALSE,200,9,3.00090860990183,3.18808315241012,8.40214578507238,9.25079200155685,6.2843643198101,6.29789910117284,-0.994504163723691
"YEP2C_INC-S5","Wet","Wet Sediments","Control","C",0.2,TRUE,3.18732865112802,9.18161544280385,6.57062472932506,6.593,-0.0223752706749423,120,0.00498473278712995,0.00644510976576424,0.00499025704039263,0.999966200441852,2.15418373136211e-06,0.0223752706749423,0.724733466542755,-1204.66406678055,-1196.3015915522,-0.994316220325124,0.732971347286113,-0.670826959995352,3,3,FALSE,FALSE,FALSE,FALSE,2,TRUE,TRUE,3.15531923380089,3.21941146967327,FALSE,FALSE,200,12,3.07168324690833,3.30734491279666,8.65648236961831,9.74924705759318,6.56178603132656,6.57859937858696,-0.994554206085676
"YEP2C_INC-U4","Wet","Wet Sediments","Unburned + DOC","C",0.2,TRUE,3.13316437172838,9.73345543840064,6.98735256466968,7.033,-0.0456474353303209,132,0.0139600418594428,0.0102838656581349,0.0081354844980799,0.999932839720525,3.82308076424759e-06,0.0456474353303209,0.88838737937136,-1202.3752699539,-1193.72686418614,-0.993067809966682,0.733108225488755,-0.664458792924624,3,3,FALSE,FALSE,FALSE,FALSE,2,TRUE,TRUE,3.07951126768029,3.18707290302696,FALSE,FALSE,200,13,2.97802913993422,3.29607058068554,8.95551870195523,10.4767367015292,6.9727126463967,7.00202799984966,-0.9933891782108
"YEP2C_INC-U5","Wet","Wet Sediments","Unburned + DOC","C",0.2,TRUE,3.33484369538058,9.15178325958352,6.54934182710042,6.587,-0.0376581728995786,119,0.0129411766809807,0.0104282972662744,0.00842367002447541,0.999913469501164,3.29239324721791e-06,0.0376581728995786,0.819753310030328,-1080.04928187125,-1071.71191139192,-0.994051534207407,0.73266729367728,-0.66916008281131,3,3,FALSE,FALSE,FALSE,FALSE,2,TRUE,TRUE,3.25461728340636,3.41520184588253,FALSE,FALSE,200,14,3.13952108155102,3.54413896909139,8.17937215182186,10.1367765816019,6.53591544932471,6.56614542243303,-0.993724113098
