"Sample_Name","kL_fixed","Vmax_refit","DO0_refit","SSR","Sediment_Type","Treatment","kL_best","SSR_best","SSR_relative"
"YEP1A_INC-H2",0,14.9200199847877,8.3168780669835,0.819692563104361,"Dry Sediments","High Burn + DOC",0,0.819692563104361,1
"YEP1A_INC-H2",0.02,14.8309176444186,8.32425482053,0.86521415583196,"Dry Sediments","High Burn + DOC",0,0.819692563104361,1.05553495880846
"YEP1A_INC-H2",0.05,14.6974558265108,8.33534833968621,0.951064564764772,"Dry Sediments","High Burn + DOC",0,0.819692563104361,1.16026984698126
"YEP1A_INC-H2",0.1,14.4756105256106,8.35394357551348,1.14156019962547,"Dry Sediments","High Burn + DOC",0,0.819692563104361,1.39266872850734
"YEP1A_INC-H2",0.2,14.0341281776964,8.39152324380515,1.7041219929853,"Dry Sediments","High Burn + DOC",0,0.819692563104361,2.07897700880853
"YEP1A_INC-H2",0.3,13.5955335570078,8.42960292745043,2.51564976774094,"Dry Sediments","High Burn + DOC",0,0.819692563104361,3.06901621531566
"YEP1A_INC-H2",0.5,12.7266741195717,8.50715487969741,4.91695382890496,"Dry Sediments","High Burn + DOC",0,0.819692563104361,5.99853414587946
"YEP1A_INC-H2",0.75,11.654668070186,8.60627765185268,9.448977623944,"Dry Sediments","High Burn + DOC",0,0.819692563104361,11.5274653562289
"YEP1A_INC-H2",1,10.595676222601,8.70712331345648,15.759579018974,"Dry Sediments","High Burn + DOC",0,0.819692563104361,19.2262071517264
"YEP1A_INC-S1",0,15.3536259022229,7.53455419296701,0.226078401576757,"Dry Sediments","Control",0,0.226078401857706,1
"YEP1A_INC-S1",0.02,15.2727292731586,7.54046639249106,0.258527330356352,"Dry Sediments","Control",0,0.226078401857706,1.14352953910362
"YEP1A_INC-S1",0.05,15.1515388787243,7.54935771614291,0.317150284266037,"Dry Sediments","Control",0,0.226078401857706,1.40283318554143
"YEP1A_INC-S1",0.1,14.9499552987751,7.56423848339595,0.441627909288292,"Dry Sediments","Control",0,0.226078401857706,1.95342813027786
"YEP1A_INC-S1",0.2,14.5483696814305,7.59424790287079,0.792560194625409,"Dry Sediments","Control",0,0.226078401857706,3.50568735933106
"YEP1A_INC-S1",0.3,14.1487143539381,7.62454489718646,1.28225748987331,"Dry Sediments","Control",0,0.226078401857706,5.67173812681954
"YEP1A_INC-S1",0.5,13.3548643115482,7.68592187026289,2.69021439668593,"Dry Sediments","Control",0,0.226078401857706,11.8994754825023
"YEP1A_INC-S1",0.75,12.3716568843452,7.76384274069656,5.28045789515057,"Dry Sediments","Control",0,0.226078401857706,23.35675525978
"YEP1A_INC-S1",1,11.3969745415347,7.84271074383783,8.82193959410823,"Dry Sediments","Control",0,0.226078401857706,39.0215939805866
"YEP1A_INC-S2",0,13.8206529186844,7.59094000539832,1.13065278489592,"Dry Sediments","Control",0,1.13065278559567,1
"YEP1A_INC-S2",0.02,13.7391099576862,7.5975663586811,1.25453969432228,"Dry Sediments","Control",0,1.13065278559567,1.10957113543728
"YEP1A_INC-S2",0.05,13.616929431783,7.60752806815271,1.45463253639238,"Dry Sediments","Control",0,1.13065278559567,1.28654221333412
"YEP1A_INC-S2",0.1,13.4136826480106,7.62419596928468,1.82644821999824,"Dry Sediments","Control",0,1.13065278559567,1.6153926690822
"YEP1A_INC-S2",0.2,13.008559583286,7.65775590197843,2.71569136517237,"Dry Sediments","Control",0,1.13065278559567,2.4018791634802
"YEP1A_INC-S2",0.3,12.6051595094301,7.69158742380788,3.80229142470768,"Dry Sediments","Control",0,1.13065278559567,3.36291695868215
"YEP1A_INC-S2",0.5,11.8030158804901,7.75992541294513,6.58072365073817,"Dry Sediments","Control",0,1.13065278559567,5.82028695161616
"YEP1A_INC-S2",0.75,10.8078980390839,7.84629626698091,11.2141096137978,"Dry Sediments","Control",0,1.13065278559567,9.91826117054148
"YEP1A_INC-S2",1,9.8194072474282,7.93318863652402,17.1588327349178,"Dry Sediments","Control",0,1.13065278559567,15.1760407475558
"YEP1A_INC-U1",0,18.10899895445,8.19889628606828,0.467299203106736,"Dry Sediments","Unburned + DOC",0,0.467299236496088,1
"YEP1A_INC-U1",0.02,18.0146159386976,8.20385494849867,0.513731967391047,"Dry Sediments","Unburned + DOC",0,0.467299236496088,1.09936409900897
"YEP1A_INC-U1",0.05,17.8730547654105,8.21129392007452,0.589302147300332,"Dry Sediments","Unburned + DOC",0,0.467299236496088,1.26108100202715
"YEP1A_INC-U1",0.1,17.6371549108445,8.22369454590163,0.73104781030646,"Dry Sediments","Unburned + DOC",0,0.467299236496088,1.56441056489343
"YEP1A_INC-U1",0.2,17.1654845645785,8.24850203074925,1.07380191269687,"Dry Sediments","Unburned + DOC",0,0.467299236496088,2.29788945831266
"YEP1A_INC-U1",0.3,16.6939825481688,8.27331367103693,1.49560325304565,"Dry Sediments","Unburned + DOC",0,0.467299236496088,3.20052600796762
"YEP1A_INC-U1",0.5,15.7514622623066,8.32292907578799,2.5762960068006,"Dry Sediments","Unburned + DOC",0,0.467299236496088,5.51316156687764
"YEP1A_INC-U1",0.75,14.5741698203738,8.38488193434218,4.37084858553614,"Dry Sediments","Unburned + DOC",0,0.467299236496088,9.35342614855219
"YEP1A_INC-U1",1,13.3977687980051,8.44668942080226,6.6559346438369,"Dry Sediments","Unburned + DOC",0,0.467299236496088,14.243411072791
"YEP1B_INC-H1",0,16.1956301994807,8.64103093818771,0.0515351551348237,"Dry Sediments","High Burn + DOC",0,0.051576654890667,1
"YEP1B_INC-H1",0.02,16.0809077166197,8.64498415512431,0.0624558463406195,"Dry Sediments","High Burn + DOC",0,0.051576654890667,1.21190760321232
"YEP1B_INC-H1",0.05,15.9088253256399,8.65091376726586,0.0822805388971319,"Dry Sediments","High Burn + DOC",0,0.051576654890667,1.59659049598034
"YEP1B_INC-H1",0.1,15.6220248083146,8.66079566188279,0.124504168201068,"Dry Sediments","High Burn + DOC",0,0.051576654890667,2.41590750770705
"YEP1B_INC-H1",0.2,15.0484368637327,8.68055513227958,0.243377244528272,"Dry Sediments","High Burn + DOC",0,0.051576654890667,4.72254801390547
"YEP1B_INC-H1",0.3,14.4748666525028,8.70030636732276,0.408124422783673,"Dry Sediments","High Burn + DOC",0,0.051576654890667,7.91934014200518
"YEP1B_INC-H1",0.5,13.327780719149,8.73977226375179,0.875024411367957,"Dry Sediments","High Burn + DOC",0,0.051576654890667,16.979174877397
"YEP1B_INC-H1",0.75,11.8940284899733,8.78900555330386,1.71540334014267,"Dry Sediments","High Burn + DOC",0,0.051576654890667,33.2860808443269
"YEP1B_INC-H1",1,10.4603970322817,8.83808592470169,2.83926054760365,"Dry Sediments","High Burn + DOC",0,0.051576654890667,55.0936645126171
"YEP1B_INC-H3",0,20.1722997548263,7.8547521639366,0.0348594003648101,"Dry Sediments","High Burn + DOC",0,0.034862553331838,1
"YEP1B_INC-H3",0.02,20.0654842318418,7.85717210396492,0.0405119625372518,"Dry Sediments","High Burn + DOC",0,0.034862553331838,1.16215316710232
"YEP1B_INC-H3",0.05,19.9052617261683,7.86080187266001,0.0499106513350844,"Dry Sediments","High Burn + DOC",0,0.034862553331838,1.43177022016329
"YEP1B_INC-H3",0.1,19.6382258621146,7.86685100404577,0.0680278813541574,"Dry Sediments","High Burn + DOC",0,0.034862553331838,1.95149315944144
"YEP1B_INC-H3",0.2,19.1041617677282,7.87894722722506,0.113458406943321,"Dry Sediments","High Burn + DOC",0,0.034862553331838,3.25474350550949
"YEP1B_INC-H3",0.3,18.5701074255461,7.89103988857865,0.171145634537138,"Dry Sediments","High Burn + DOC",0,0.034862553331838,4.90959777695734
"YEP1B_INC-H3",0.5,17.502028751718,7.91521094377699,0.323256042220882,"Dry Sediments","High Burn + DOC",0,0.034862553331838,9.27313834540892
"YEP1B_INC-H3",0.75,16.166988583862,7.94538876275539,0.582143175866849,"Dry Sediments","High Burn + DOC",0,0.034862553331838,16.699747263998
"YEP1B_INC-H3",1,14.8320152559074,7.9755135065384,0.917159243565171,"Dry Sediments","High Burn + DOC",0,0.034862553331838,26.3102415407875
"YEP1B_INC-S3",0,16.0133132103941,8.29707660765183,0.195138963878461,"Dry Sediments","Control",0,0.195370196249905,1
"YEP1B_INC-S3",0.02,15.9020060984896,8.3006318811529,0.21794217834404,"Dry Sediments","Control",0,0.195370196249905,1.11685628545093
"YEP1B_INC-S3",0.05,15.7350466605593,8.30596449371366,0.254852055366296,"Dry Sediments","Control",0,0.195370196249905,1.30600291351873
"YEP1B_INC-S3",0.1,15.4567841264369,8.31485118370422,0.323580642383679,"Dry Sediments","Control",0,0.195370196249905,1.65820621342038
"YEP1B_INC-S3",0.2,14.9002711428902,8.33261971887867,0.488070995683619,"Dry Sediments","Control",0,0.195370196249905,2.5011457782855
"YEP1B_INC-S3",0.3,14.343774625518,8.35037976411202,0.688574692386966,"Dry Sediments","Control",0,0.195370196249905,3.52863763700125
"YEP1B_INC-S3",0.5,13.2308319830407,8.38586451638475,1.19741120286272,"Dry Sediments","Control",0,0.195370196249905,6.13619740037418
"YEP1B_INC-S3",0.75,11.8397515448269,8.43012903248477,2.03486067921768,"Dry Sediments","Control",0,0.195370196249905,10.4277517865938
"YEP1B_INC-S3",1,10.4487841210094,8.47425661592004,3.09459517869137,"Dry Sediments","Control",0,0.195370196249905,15.8584175973118
"YEP1B_INC-U2",0,18.1700357687584,8.51752230593803,0.0965861197771587,"Dry Sediments","Unburned + DOC",0.0701043838215192,0.0891038566010202,1.0839723830321
"YEP1B_INC-U2",0.02,18.0569546807937,8.52095879406133,0.0929259491941097,"Dry Sediments","Unburned + DOC",0.0701043838215192,0.0891038566010202,1.04289480544264
"YEP1B_INC-U2",0.05,17.8873338719644,8.52611338864931,0.0897192465727083,"Dry Sediments","Unburned + DOC",0.0701043838215192,0.0891038566010202,1.00690643475112
"YEP1B_INC-U2",0.070104,17.7736659070209,8.5295675453124,0.0891038566019414,"Dry Sediments","Unburned + DOC",0.0701043838215192,0.0891038566010202,1.00000000001034
"YEP1B_INC-U2",0.1,17.6046348009971,8.53470389188707,0.0904645090341405,"Dry Sediments","Unburned + DOC",0.0701043838215192,0.0891038566010202,1.01527041011494
"YEP1B_INC-U2",0.2,17.0392453648206,8.5518821774406,0.114791391263763,"Dry Sediments","Unburned + DOC",0.0701043838215192,0.0891038566010202,1.28828757410314
"YEP1B_INC-U2",0.3,16.4738676492454,8.56905515912352,0.169560456967455,"Dry Sediments","Unburned + DOC",0.0701043838215192,0.0891038566010202,1.90295306438525
"YEP1B_INC-U2",0.5,15.3431482025756,8.603377217976,0.370350258158049,"Dry Sediments","Unburned + DOC",0.0701043838215192,0.0891038566010202,4.15638864899377
"YEP1B_INC-U2",0.75,13.9298187314735,8.64621448276719,0.79207542113966,"Dry Sediments","Unburned + DOC",0.0701043838215192,0.0891038566010202,8.88935060001198
"YEP1B_INC-U2",1,12.5165698629138,8.68895033130036,1.40271466916419,"Dry Sediments","Unburned + DOC",0.0701043838215192,0.0891038566010202,15.7424686503203
"YEP1B_INC-U3",0,17.9794343421055,8.68637727336949,0.106763206757846,"Dry Sediments","Unburned + DOC",0,0.106797510602328,1
"YEP1B_INC-U3",0.02,17.8622230525362,8.68975241142756,0.121948022571721,"Dry Sediments","Unburned + DOC",0,0.106797510602328,1.14222892206972
"YEP1B_INC-U3",0.05,17.6864070478431,8.69481485735821,0.146959823672017,"Dry Sediments","Unburned + DOC",0,0.106797510602328,1.37650252493204
"YEP1B_INC-U3",0.1,17.3933827861539,8.70325142503578,0.194604249874993,"Dry Sediments","Unburned + DOC",0,0.106797510602328,1.82276512465931
"YEP1B_INC-U3",0.2,16.8073435048822,8.72012052692683,0.312228474674878,"Dry Sediments","Unburned + DOC",0,0.106797510602328,2.92449509673362
"YEP1B_INC-U3",0.3,16.2213166628292,8.73698259182607,0.459613688967301,"Dry Sediments","Unburned + DOC",0,0.106797510602328,4.30498205256957
"YEP1B_INC-U3",0.5,15.0493015938898,8.77067778275044,0.843529747525146,"Dry Sediments","Unburned + DOC",0,0.106797510602328,7.90094053130486
"YEP1B_INC-U3",0.75,13.5843577135795,8.81272229344212,1.49005670841158,"Dry Sediments","Unburned + DOC",0,0.106797510602328,13.9566499888978
"YEP1B_INC-U3",1,12.11950085805,8.85465566894732,2.32072032328203,"Dry Sediments","Unburned + DOC",0,0.106797510602328,21.7370795965856
"YEP1C_INC-H4",0,19.1792996770198,8.63621537429668,0.045155872857881,"Dry Sediments","High Burn + DOC",0,0.0451652227346132,1
"YEP1C_INC-H4",0.02,19.0638296085634,8.63946062195421,0.0531365267024301,"Dry Sediments","High Burn + DOC",0,0.0451652227346132,1.17673567887098
"YEP1C_INC-H4",0.05,18.8906253945418,8.64432829219209,0.0670541977646452,"Dry Sediments","High Burn + DOC",0,0.0451652227346132,1.48494965374016
"YEP1C_INC-H4",0.1,18.6019543139702,8.65244045955546,0.0954411717351122,"Dry Sediments","High Burn + DOC",0,0.0451652227346132,2.11359377406997
"YEP1C_INC-H4",0.2,18.0246217843682,8.66866167539448,0.171676961979918,"Dry Sediments","High Burn + DOC",0,0.0451652227346132,3.80187450966204
"YEP1C_INC-H4",0.3,17.4473024007261,8.68487733532076,0.273850270470042,"Dry Sediments","High Burn + DOC",0,0.0451652227346132,6.06455491031986
"YEP1C_INC-H4",0.5,16.292703744315,8.71728515778297,0.555919488160427,"Dry Sediments","High Burn + DOC",0,0.0451652227346132,12.3111226287236
"YEP1C_INC-H4",0.75,14.84953308007,8.75773344458337,1.05387683288346,"Dry Sediments","High Burn + DOC",0,0.0451652227346132,23.3386438171691
"YEP1C_INC-H4",1,13.4064515477572,8.79808881908117,1.71262967097239,"Dry Sediments","High Burn + DOC",0,0.0451652227346132,37.9270638032522
"YEP1C_INC-H5",0,18.024711129113,7.3531056532326,0.0049799472252513,"Dry Sediments","High Burn + DOC",0,0.00498179127657546,1
"YEP1C_INC-H5",0.02,17.919594380214,7.35504849663328,0.00592190595524679,"Dry Sediments","High Burn + DOC",0,0.00498179127657546,1.18915034384686
"YEP1C_INC-H5",0.05,17.7619196065945,7.35796266074837,0.00789086118486464,"Dry Sediments","High Burn + DOC",0,0.00498179127657546,1.58452706985594
"YEP1C_INC-H5",0.1,17.4991293044478,7.36281929343294,0.0126551232534662,"Dry Sediments","High Burn + DOC",0,0.00498179127657546,2.54121633845781
"YEP1C_INC-H5",0.2,16.9735525866547,7.37253112659675,0.0277430629598557,"Dry Sediments","High Burn + DOC",0,0.00498179127657546,5.57095521397935
"YEP1C_INC-H5",0.3,16.4479811423977,7.38224051201307,0.0502416445643261,"Dry Sediments","High Burn + DOC",0,0.00498179127657546,10.0887905617897
"YEP1C_INC-H5",0.5,15.3968545161906,7.40164935336725,0.117455337331161,"Dry Sediments","High Burn + DOC",0,0.00498179127657546,23.5856590478695
"YEP1C_INC-H5",0.75,14.0829780814825,7.42588516964006,0.243065645364081,"Dry Sediments","High Burn + DOC",0,0.00498179127657546,48.8088797671576
"YEP1C_INC-H5",1,12.7691388000476,7.4500836060516,0.414761743313938,"Dry Sediments","High Burn + DOC",0,0.00498179127657546,83.2863732392282
"YEP1C_INC-S4",0,15.2790219387407,8.10391414160327,0.0982697396279828,"Dry Sediments","Control",0,0.0983138126975743,1
"YEP1C_INC-S4",0.02,15.1689291023332,8.10731412081184,0.114606949874856,"Dry Sediments","Control",0,0.0983138126975743,1.16624863674943
"YEP1C_INC-S4",0.05,15.0037908797725,8.11241382332343,0.141572254889137,"Dry Sediments","Control",0,0.0983138126975743,1.4406495369285
"YEP1C_INC-S4",0.1,14.7285632593085,8.12091245624421,0.193072009714263,"Dry Sediments","Control",0,0.0983138126975743,1.96471477837604
"YEP1C_INC-S4",0.2,14.1781186014468,8.13790542365117,0.320652440575806,"Dry Sediments","Control",0,0.0983138126975743,3.26298249888207
"YEP1C_INC-S4",0.3,13.6276882871555,8.15489070226379,0.480981518194358,"Dry Sediments","Control",0,0.0983138126975743,4.89450282472709
"YEP1C_INC-S4",0.5,12.5268718930332,8.18882882989639,0.899704331910254,"Dry Sediments","Control",0,0.0983138126975743,9.15545655576418
"YEP1C_INC-S4",0.75,11.1509375972447,8.23116669897295,1.606300895021,"Dry Sediments","Control",0,0.0983138126975743,16.3458344461065
"YEP1C_INC-S4",1,9.77510316492052,8.2733766404098,2.51512267373242,"Dry Sediments","Control",0,0.0983138126975743,25.5940708019972
"YEP1C_INC-S5",0,17.4047031573412,8.74476981771496,0.411171735383975,"Dry Sediments","Control",0,0.411389927671719,1
"YEP1C_INC-S5",0.02,17.2868302325437,8.74830774491565,0.44004114387694,"Dry Sediments","Control",0,0.411389927671719,1.07021253167124
"YEP1C_INC-S5",0.05,17.1100216563731,8.75361422056176,0.485962647836399,"Dry Sediments","Control",0,0.411389927671719,1.18189701775726
"YEP1C_INC-S5",0.1,16.8153425602946,8.76245703111099,0.569476562116179,"Dry Sediments","Control",0,0.411389927671719,1.38500901961165
"YEP1C_INC-S5",0.2,16.2259919869748,8.78013678012236,0.762658330547354,"Dry Sediments","Control",0,0.411389927671719,1.85484133493549
"YEP1C_INC-S5",0.3,15.6366516673565,8.79780678438575,0.990679142496416,"Dry Sediments","Control",0,0.411389927671719,2.4094047747987
"YEP1C_INC-S5",0.5,14.4580032054812,8.83310852333375,1.55102430721673,"Dry Sediments","Control",0,0.411389927671719,3.77220556215591
"YEP1C_INC-S5",0.75,12.9847561646842,8.87714070695748,2.44626756766776,"Dry Sediments","Control",0,0.411389927671719,5.94950322979594
"YEP1C_INC-S5",1,11.5115839091341,8.92103470524513,3.55654102590654,"Dry Sediments","Control",0,0.411389927671719,8.64977020510723
"YEP1C_INC-U4",0,17.1792813523479,8.72045950903042,0.0366313185757305,"Dry Sediments","Unburned + DOC",0,0.0366395313706496,1
"YEP1C_INC-U4",0.02,17.0613115411376,8.723987833689,0.0463511465528633,"Dry Sediments","Unburned + DOC",0,0.0366395313706496,1.26534201756998
"YEP1C_INC-U4",0.05,16.8843578483252,8.72928011705929,0.0634523351010048,"Dry Sediments","Unburned + DOC",0,0.0366395313706496,1.73218812666613
"YEP1C_INC-U4",0.1,16.5894375208752,8.7380998405052,0.0986775890246802,"Dry Sediments","Unburned + DOC",0,0.0366395313706496,2.69380390500214
"YEP1C_INC-U4",0.2,15.9996065827856,8.75573552458915,0.194333733301673,"Dry Sediments","Unburned + DOC",0,0.0366395313706496,5.30512525504408
"YEP1C_INC-U4",0.3,15.4097888192523,8.77336432713496,0.323578127043271,"Dry Sediments","Unburned + DOC",0,0.0366395313706496,8.83337372566361
"YEP1C_INC-U4",0.5,14.23019393721,8.80859236690897,0.682685475626151,"Dry Sediments","Unburned + DOC",0,0.0366395313706496,18.6366612551713
"YEP1C_INC-U4",0.75,12.7557790526955,8.85254902110095,1.31965336486275,"Dry Sediments","Unburned + DOC",0,0.0366395313706496,36.0252760799352
"YEP1C_INC-U4",1,11.2814555449947,8.89638642939548,2.16444447197001,"Dry Sediments","Unburned + DOC",0,0.0366395313706496,59.0872662007868
"YEP1C_INC-U5",0,19.4151233349572,8.96615199155792,0.14268532334002,"Dry Sediments","Unburned + DOC",0,0.142717210458695,1
"YEP1C_INC-U5",0.02,19.2938951809887,8.96944394129882,0.154082709147349,"Dry Sediments","Unburned + DOC",0,0.142717210458695,1.07987777257349
"YEP1C_INC-U5",0.05,19.1120534715806,8.97438158377143,0.173208143146068,"Dry Sediments","Unburned + DOC",0,0.142717210458695,1.21391702448129
"YEP1C_INC-U5",0.1,18.8089856472991,8.98261016551374,0.210494962592829,"Dry Sediments","Unburned + DOC",0,0.142717210458695,1.47523906219295
"YEP1C_INC-U5",0.2,18.2028562843599,8.99906343594712,0.305354918136098,"Dry Sediments","Unburned + DOC",0,0.142717210458695,2.14005835350308
"YEP1C_INC-U5",0.3,17.5967353891276,9.01551004705347,0.427248835236068,"Dry Sediments","Unburned + DOC",0,0.142717210458695,2.99434325293521
"YEP1C_INC-U5",0.5,16.3845201901025,9.04837638155777,0.752033268702994,"Dry Sediments","Unburned + DOC",0,0.142717210458695,5.27057199086198
"YEP1C_INC-U5",0.75,14.8693029109079,9.0893909421727,1.30947786839116,"Dry Sediments","Unburned + DOC",0,0.142717210458695,9.17738305341092
"YEP1C_INC-U5",1,13.3541468245647,9.13030452786077,2.03441360248621,"Dry Sediments","Unburned + DOC",0,0.142717210458695,14.2580438889163
"YEP2A_INC-H1",0,20.0454987836138,5.52643818489264,5.83034905977996,"Wet Sediments","High Burn + DOC",2.76447533087601,0.0616866754168488,94.515533935279
"YEP2A_INC-H1",1.10579,16.7283244336648,5.66738752996363,2.27638761755459,"Wet Sediments","High Burn + DOC",2.76447533087601,0.0616866754168488,36.9024202343298
"YEP2A_INC-H1",1.658685,15.1264570913634,5.74306276960961,1.07335867503197,"Wet Sediments","High Burn + DOC",2.76447533087601,0.0616866754168488,17.4001705960533
"YEP2A_INC-H1",2.073356,13.9485920109439,5.80183026709161,0.464006915582564,"Wet Sediments","High Burn + DOC",2.76447533087601,0.0616866754168488,7.52199584043482
"YEP2A_INC-H1",2.349804,13.1738567414215,5.84187101531495,0.208050495038763,"Wet Sediments","High Burn + DOC",2.76447533087601,0.0616866754168488,3.37269748731475
"YEP2A_INC-H1",2.543317,12.6360649598951,5.87023411636199,0.103589225217437,"Wet Sediments","High Burn + DOC",2.76447533087601,0.0616866754168488,1.67928040516624
"YEP2A_INC-H1",2.764475,12.0257001281005,5.90295523088021,0.0616866753752075,"Wet Sediments","High Burn + DOC",2.76447533087601,0.0616866754168488,1
"YEP2A_INC-H1",2.985633,11.4195458167036,5.93594150035203,0.104228351542319,"Wet Sediments","High Burn + DOC",2.76447533087601,0.0616866754168488,1.68964125410152
"YEP2A_INC-H1",3.179147,10.8922188593888,5.96497020263523,0.21196188089521,"Wet Sediments","High Burn + DOC",2.76447533087601,0.0616866754168488,3.43610479258215
"YEP2A_INC-H1",3.455594,10.1436855952827,6.00668936646712,0.481750277168343,"Wet Sediments","High Burn + DOC",2.76447533087601,0.0616866754168488,7.80963270006222
"YEP2A_INC-H1",3.870265,9.030013655166,6.0695976567333,1.14544280237684,"Wet Sediments","High Burn + DOC",2.76447533087601,0.0616866754168488,18.5687232357671
"YEP2A_INC-H1",4.423161,7.55958382267994,6.15371300164907,2.51799618205656,"Wet Sediments","High Burn + DOC",2.76447533087601,0.0616866754168488,40.8191261198779
"YEP2A_INC-H1",5.528951,4.65628142096066,6.32075812761032,6.92041388103349,"Wet Sediments","High Burn + DOC",2.76447533087601,0.0616866754168488,112.186527137996
"YEP2A_INC-H2",0,19.8173324409355,5.05502853412717,4.37855365930411,"Wet Sediments","High Burn + DOC",2.93596193074855,0.052701314629142,83.0824371292423
"YEP2A_INC-H2",1.174385,16.5790807186838,5.18205971206035,1.70765094738172,"Wet Sediments","High Burn + DOC",2.93596193074855,0.052701314629142,32.4024354875854
"YEP2A_INC-H2",1.761577,15.0126001491621,5.2500299119953,0.807495586680866,"Wet Sediments","High Burn + DOC",2.93596193074855,0.052701314629142,15.3221146827777
"YEP2A_INC-H2",2.201971,13.8594911555514,5.30272559197342,0.352590355198925,"Wet Sediments","High Burn + DOC",2.93596193074855,0.052701314629142,6.69035217963908
"YEP2A_INC-H2",2.495568,13.1001047095797,5.33853058565902,0.161759283643979,"Wet Sediments","High Burn + DOC",2.93596193074855,0.052701314629142,3.0693595554926
"YEP2A_INC-H2",2.701085,12.5731629492549,5.36394323038877,0.0839259535033778,"Wet Sediments","High Burn + DOC",2.93596193074855,0.052701314629142,1.59248311154974
"YEP2A_INC-H2",2.935962,11.9745253235776,5.39319290132383,0.0527013147446439,"Wet Sediments","High Burn + DOC",2.93596193074855,0.052701314629142,1.00000000219163
"YEP2A_INC-H2",3.170839,11.3798453398072,5.42267604485354,0.0843264188218087,"Wet Sediments","High Burn + DOC",2.93596193074855,0.052701314629142,1.60008188439343
"YEP2A_INC-H2",3.376356,10.8623473334317,5.44863855448202,0.164439764972375,"Wet Sediments","High Burn + DOC",2.93596193074855,0.052701314629142,3.12022131002868
"YEP2A_INC-H2",3.669952,10.1278434166021,5.48592871886379,0.365042864307736,"Wet Sediments","High Burn + DOC",2.93596193074855,0.052701314629142,6.92663678081911
"YEP2A_INC-H2",4.110347,9.03425712958347,5.54210334655188,0.858507498853821,"Wet Sediments","High Burn + DOC",2.93596193074855,0.052701314629142,16.2900585098326
"YEP2A_INC-H2",4.697539,7.59066395791852,5.61730009562913,1.87921365950673,"Wet Sediments","High Burn + DOC",2.93596193074855,0.052701314629142,35.6578137135803
"YEP2A_INC-H2",5.871924,4.74088998180525,5.76686132299789,5.1563938877872,"Wet Sediments","High Burn + DOC",2.93596193074855,0.052701314629142,97.8418455796146
"YEP2A_INC-S1",0,21.470317007446,4.55477244840947,3.86506964374964,"Wet Sediments","Control",3.97610513924686,0.0550172864159117,70.2519134537288
"YEP2A_INC-S1",1.590442,17.4795024179856,4.68356720962313,1.52763858312864,"Wet Sediments","Control",3.97610513924686,0.0550172864159117,27.7665199911936
"YEP2A_INC-S1",2.385663,15.5591691184586,4.7532591451429,0.729473192854205,"Wet Sediments","Control",3.97610513924686,0.0550172864159117,13.2589816833138
"YEP2A_INC-S1",2.982079,14.1509804608808,4.8076203370307,0.323660562645117,"Wet Sediments","Control",3.97610513924686,0.0550172864159117,5.88288851977095
"YEP2A_INC-S1",3.379689,13.2259759178395,4.84470104851183,0.152843664909511,"Wet Sediments","Control",3.97610513924686,0.0550172864159117,2.7781025722364
"YEP2A_INC-S1",3.658017,12.5845866147644,4.87099661844407,0.0830476314494042,"Wet Sediments","Control",3.97610513924686,0.0550172864159117,1.50948250739945
"YEP2A_INC-S1",3.976105,11.8572595274514,4.90134349727276,0.0550172865305249,"Wet Sediments","Control",3.97610513924686,0.0550172864159117,1.00000000208322
"YEP2A_INC-S1",4.294194,11.135448858073,4.9320260172577,0.0834452605627931,"Wet Sediments","Control",3.97610513924686,0.0550172864159117,1.51670985609824
"YEP2A_INC-S1",4.572521,10.5077400721675,4.95889355759136,0.155492483544175,"Wet Sediments","Control",3.97610513924686,0.0550172864159117,2.82624777908356
"YEP2A_INC-S1",4.970131,9.61858287258698,4.997625494729,0.335955195958432,"Wet Sediments","Control",3.97610513924686,0.0550172864159117,6.10635707146163
"YEP2A_INC-S1",5.566547,8.29629421379582,5.05598082012961,0.779811713121165,"Wet Sediments","Control",3.97610513924686,0.0550172864159117,14.1739399363694
"YEP2A_INC-S1",6.361768,6.55272797918117,5.13387613556674,1.69674381588023,"Wet Sediments","Control",3.97610513924686,0.0550172864159117,30.8401945354672
"YEP2A_INC-S1",7.95221,3.11645499696421,5.28790306829728,4.62663178987283,"Wet Sediments","Control",3.97610513924686,0.0550172864159117,84.0941473357498
"YEP2A_INC-S2",0,22.0275316768953,5.3833799858271,3.38364027851079,"Wet Sediments","Control",3.26692614155398,0.0359886556116866,94.0196353823236
"YEP2A_INC-S2",1.30677,18.0599229979927,5.51485182624593,1.24597765813281,"Wet Sediments","Control",3.26692614155398,0.0359886556116866,34.621400465101
"YEP2A_INC-S2",1.960156,16.0835646101341,5.5810359614676,0.57381379785153,"Wet Sediments","Control",3.26692614155398,0.0359886556116866,15.9442965595301
"YEP2A_INC-S2",2.450195,14.6042826038103,5.63071127736933,0.245921959534666,"Wet Sediments","Control",3.26692614155398,0.0359886556116866,6.83331887103911
"YEP2A_INC-S2",2.776887,13.6193559059744,5.66381930662292,0.111499168877307,"Wet Sediments","Control",3.26692614155398,0.0359886556116866,3.09817543840399
"YEP2A_INC-S2",3.005572,12.9304214612758,5.68696477839157,0.0574503674468419,"Wet Sediments","Control",3.26692614155398,0.0359886556116866,1.5963465839548
"YEP2A_INC-S2",3.266926,12.1436017643288,5.71337750867407,0.0359886556141378,"Wet Sediments","Control",3.26692614155398,0.0359886556116866,1.00000000006811
"YEP2A_INC-S2",3.52828,11.3573403255563,5.73974465286142,0.0573997294709483,"Wet Sediments","Control",3.26692614155398,0.0359886556116866,1.59493953011984
"YEP2A_INC-S2",3.756965,10.6697997540451,5.76276868821956,0.111167577946412,"Wet Sediments","Control",3.26692614155398,0.0359886556116866,3.08896167575409
"YEP2A_INC-S2",4.083658,9.68827798958174,5.79556890584736,0.244393079296515,"Wet Sediments","Control",3.26692614155398,0.0359886556116866,6.79083658843742
"YEP2A_INC-S2",4.573697,8.21742692481733,5.84452998303178,0.567588448102536,"Wet Sediments","Control",3.26692614155398,0.0359886556116866,15.7713156675467
"YEP2A_INC-S2",5.227082,6.25877854174605,5.90926795113671,1.225210677301,"Wet Sediments","Control",3.26692614155398,0.0359886556116866,34.0443580477381
"YEP2A_INC-S2",6.533852,2.34912631909459,6.0363764334954,3.29108471693835,"Wet Sediments","Control",3.26692614155398,0.0359886556116866,91.4478371309217
"YEP2A_INC-U1",0,24.4767283908835,5.19158600655011,9.35141441657228,"Wet Sediments","Unburned + DOC",5.16047765944346,0.665204633661226,14.0579522482615
"YEP2A_INC-U1",2.064191,18.6764378781782,5.38745365701043,4.06508019486154,"Wet Sediments","Unburned + DOC",5.16047765944346,0.665204633661226,6.11102243137073
"YEP2A_INC-U1",3.096287,15.9278392072937,5.49619983040207,2.22415684866228,"Wet Sediments","Unburned + DOC",5.16047765944346,0.665204633661226,3.34356808267714
"YEP2A_INC-U1",3.870358,13.9274389281345,5.58168154497808,1.28508712686532,"Wet Sediments","Unburned + DOC",5.16047765944346,0.665204633661226,1.93186748651762
"YEP2A_INC-U1",4.386406,12.6185683178895,5.64005347393299,0.890421887864133,"Wet Sediments","Unburned + DOC",5.16047765944346,0.665204633661226,1.3385684585016
"YEP2A_INC-U1",4.747639,11.7123610791435,5.68137386311656,0.729604088309362,"Wet Sediments","Unburned + DOC",5.16047765944346,0.665204633661226,1.09681155990827
"YEP2A_INC-U1",5.160478,10.685809506438,5.72899347859911,0.665204593914364,"Wet Sediments","Unburned + DOC",5.16047765944346,0.665204633661226,1
"YEP2A_INC-U1",5.573316,9.66787879820954,5.77683624652074,0.730125362274298,"Wet Sediments","Unburned + DOC",5.16047765944346,0.665204633661226,1.09759518944076
"YEP2A_INC-U1",5.934549,8.78314293797648,5.81875785267675,0.893962261561931,"Wet Sediments","Unburned + DOC",5.16047765944346,0.665204633661226,1.3438906912856
"YEP2A_INC-U1",6.450597,7.52757422002317,5.87867731627957,1.30179044980485,"Wet Sediments","Unburned + DOC",5.16047765944346,0.665204633661226,1.95697754001446
"YEP2A_INC-U1",7.224669,5.66150245553862,5.96829637717968,2.29464056514631,"Wet Sediments","Unburned + DOC",5.16047765944346,0.665204633661226,3.44952603475513
"YEP2A_INC-U1",8.256764,3.19710262789428,6.086317544606,4.31365856301792,"Wet Sediments","Unburned + DOC",5.16047765944346,0.665204633661226,6.48470952017094
"YEP2A_INC-U1",10.320955,0,6.44648976748896,12.124451554798,"Wet Sediments","Unburned + DOC",5.16047765944346,0.665204633661226,18.2266503654948
"YEP2A_INC-U2",0,21.0794830699756,4.98052888128891,2.07203668470838,"Wet Sediments","Unburned + DOC",2.7623304293535,0.0111937209793976,185.107052056575
"YEP2A_INC-U2",1.104932,17.9935193924133,5.0822599560301,0.758104083339155,"Wet Sediments","Unburned + DOC",2.7623304293535,0.0111937209793976,67.7258337434859
"YEP2A_INC-U2",1.657398,16.458038027317,5.13359916193317,0.343767038080715,"Wet Sediments","Unburned + DOC",2.7623304293535,0.0111937209793976,30.710702895831
"YEP2A_INC-U2",2.071748,15.3092427628788,5.17221008337011,0.141203328531881,"Wet Sediments","Unburned + DOC",2.7623304293535,0.0111937209793976,12.614512126165
"YEP2A_INC-U2",2.347981,14.5446102150308,5.197974953046,0.0580081364139991,"Wet Sediments","Unburned + DOC",2.7623304293535,0.0111937209793976,5.18220319463229
"YEP2A_INC-U2",2.541344,14.0098572213602,5.21600588975045,0.0245110826101215,"Wet Sediments","Unburned + DOC",2.7623304293535,0.0111937209793976,2.18971714070465
"YEP2A_INC-U2",2.76233,13.3993468325875,5.23661766351838,0.0111937209397894,"Wet Sediments","Unburned + DOC",2.7623304293535,0.0111937209793976,1
"YEP2A_INC-U2",2.983317,12.7893501324232,5.25721676484534,0.0244991866533363,"Wet Sediments","Unburned + DOC",2.7623304293535,0.0111937209793976,2.18865440590456
"YEP2A_INC-U2",3.17668,12.256029318078,5.27522525879434,0.0579577074550319,"Wet Sediments","Unburned + DOC",2.7623304293535,0.0111937209793976,5.17769808330796
"YEP2A_INC-U2",3.452913,11.4948139762721,5.30091908599555,0.141004153785264,"Wet Sediments","Unburned + DOC",2.7623304293535,0.0111937209793976,12.5967186911055
"YEP2A_INC-U2",3.867263,10.3544016288982,5.33936515621754,0.343012146282615,"Wet Sediments","Unburned + DOC",2.7623304293535,0.0111937209793976,30.6432640341548
"YEP2A_INC-U2",4.419729,8.83629670603966,5.39038329264149,0.755715056989537,"Wet Sediments","Unburned + DOC",2.7623304293535,0.0111937209793976,67.5124081665514
"YEP2A_INC-U2",5.524661,5.80767158391923,5.49126499942882,2.06264828851887,"Wet Sediments","Unburned + DOC",2.7623304293535,0.0111937209793976,184.268332184961
"YEP2B_INC-H3",0,23.1976463681324,5.30401597372007,0.455699288564602,"Wet Sediments","High Burn + DOC",2.84066969679849,0.00469287813720555,97.1044378875056
"YEP2B_INC-H3",1.136268,19.0468212295846,5.36043030535236,0.166974891692524,"Wet Sediments","High Burn + DOC",2.84066969679849,0.00469287813720555,35.5804878480321
"YEP2B_INC-H3",1.704402,16.971658372402,5.38861525221385,0.0767616311520612,"Wet Sediments","High Burn + DOC",2.84066969679849,0.00469287813720555,16.3570477975241
"YEP2B_INC-H3",2.130502,15.4154784685537,5.40972992451028,0.0328229145062215,"Wet Sediments","High Burn + DOC",2.84066969679849,0.00469287813720555,6.99419714477886
"YEP2B_INC-H3",2.414569,14.3779310179213,5.42377840277303,0.014814445173144,"Wet Sediments","High Burn + DOC",2.84066969679849,0.00469287813720555,3.15679310293564
"YEP2B_INC-H3",2.613416,13.6517570525663,5.43360758402017,0.00757150104645528,"Wet Sediments","High Burn + DOC",2.84066969679849,0.00469287813720555,1.61340245975932
"YEP2B_INC-H3",2.84067,12.8218545873131,5.44482754432404,0.00469287808547457,"Wet Sediments","High Burn + DOC",2.84066969679849,0.00469287813720555,1
"YEP2B_INC-H3",3.067923,11.9919845128981,5.45603298729107,0.00756229046174118,"Wet Sediments","High Burn + DOC",2.84066969679849,0.00469287813720555,1.61143978684382
"YEP2B_INC-H3",3.26677,11.265870364214,5.46582490356433,0.0147777446659182,"Wet Sediments","High Burn + DOC",2.84066969679849,0.00469287813720555,3.14897263401287
"YEP2B_INC-H3",3.550837,10.228603500053,5.47979082494573,0.0326813320691556,"Wet Sediments","High Burn + DOC",2.84066969679849,0.00469287813720555,6.96402750591606
"YEP2B_INC-H3",3.976938,8.67273142591831,5.50067877873719,0.0762220300116724,"Wet Sediments","High Burn + DOC",2.84066969679849,0.00469287813720555,16.2420648104189
"YEP2B_INC-H3",4.545072,6.5985178320457,5.52842173646532,0.165204601422732,"Wet Sediments","High Burn + DOC",2.84066969679849,0.00469287813720555,35.2032587281725
"YEP2B_INC-H3",5.681339,2.45088841460777,5.58344148502996,0.447665748073753,"Wet Sediments","High Burn + DOC",2.84066969679849,0.00469287813720555,95.3925799733368
"YEP2B_INC-S3",0,26.0198566079797,5.94226935462376,0.37225592475403,"Wet Sediments","Control",3.87116889655248,0.00391913561980818,94.9841906140134
"YEP2B_INC-S3",1.548468,19.1170583955127,5.99895746946567,0.136403023296468,"Wet Sediments","Control",3.87116889655248,0.00391913561980818,34.8043641580192
"YEP2B_INC-S3",2.322701,15.6659040809071,6.02726411073127,0.0627339644639253,"Wet Sediments","Control",3.87116889655248,0.00391913561980818,16.0070920094864
"YEP2B_INC-S3",2.903377,13.0774197068749,6.04844807190598,0.026867305913645,"Wet Sediments","Control",3.87116889655248,0.00391913561980818,6.85541622439693
"YEP2B_INC-S3",3.290494,11.3518402854506,6.06254604836514,0.012173135934008,"Wet Sediments","Control",3.87116889655248,0.00391913561980818,3.10607672581736
"YEP2B_INC-S3",3.561475,10.1440103734377,6.07240527220667,0.00626545055971007,"Wet Sediments","Control",3.87116889655248,0.00391913561980818,1.59868174197471
"YEP2B_INC-S3",3.871169,8.76358978307383,6.08365149471083,0.00391913562152951,"Wet Sediments","Control",3.87116889655248,0.00391913561980818,1.00000000043921
"YEP2B_INC-S3",4.180862,7.38319229115158,6.09487924481386,0.00626034435643769,"Wet Sediments","Control",3.87116889655248,0.00391913561980818,1.59737885180511
"YEP2B_INC-S3",4.451844,6.17536212634118,6.10468715065304,0.0121431847685189,"Wet Sediments","Control",3.87116889655248,0.00391913561980818,3.09843443721227
"YEP2B_INC-S3",4.838961,4.44991027625722,6.11866876468734,0.0267329518399392,"Wet Sediments","Control",3.87116889655248,0.00391913561980818,6.82113466674256
"YEP2B_INC-S3",5.419636,1.86178097381776,6.1395690999348,0.0621901593066475,"Wet Sediments","Control",3.87116889655248,0.00391913561980818,15.8683356075571
"YEP2B_INC-S3",6.19387,0,6.26291765952289,0.449686741179055,"Wet Sediments","Control",3.87116889655248,0.00391913561980818,114.741306451922
"YEP2B_INC-S3",7.742338,0,6.71756158823896,9.04372170690533,"Wet Sediments","Control",3.87116889655248,0.00391913561980818,2307.58069743653
"YEP2B_INC-U3",0,26.518078292238,5.07878432137135,0.618047850579554,"Wet Sediments","Unburned + DOC",3.81880148942672,0.00289336218996733,213.608877838599
"YEP2B_INC-U3",1.527521,21.3539826153309,5.14872170883637,0.22420242746397,"Wet Sediments","Unburned + DOC",3.81880148942672,0.00289336218996733,77.4885454166045
"YEP2B_INC-U3",2.291281,18.7725583120696,5.18365819159272,0.101139189444856,"Wet Sediments","Unburned + DOC",3.81880148942672,0.00289336218996733,34.9555924230828
"YEP2B_INC-U3",2.864101,16.836683619405,5.20981235235605,0.0412237306134098,"Wet Sediments","Unburned + DOC",3.81880148942672,0.00289336218996733,14.247691062098
"YEP2B_INC-U3",3.245981,15.5462251700818,5.22721603175185,0.0166788564613348,"Wet Sediments","Unburned + DOC",3.81880148942672,0.00289336218996733,5.76452423383714
"YEP2B_INC-U3",3.513297,14.6430159093595,5.23938080962715,0.00681169446036334,"Wet Sediments","Unburned + DOC",3.81880148942672,0.00289336218996733,2.35424879884819
"YEP2B_INC-U3",3.818801,13.6108031864732,5.25326262721347,0.00289336219072416,"Wet Sediments","Unburned + DOC",3.81880148942672,0.00289336218996733,1.00000000026158
"YEP2B_INC-U3",4.124306,12.5786533978981,5.26711908890312,0.00680304057093907,"Wet Sediments","Unburned + DOC",3.81880148942672,0.00289336218996733,2.35125785307089
"YEP2B_INC-U3",4.391622,11.6755781936174,5.27922115121458,0.0166251986844895,"Wet Sediments","Unburned + DOC",3.81880148942672,0.00289336218996733,5.74597910421895
"YEP2B_INC-U3",4.773502,10.3855719697436,5.29647077332248,0.0409794308628133,"Wet Sediments","Unburned + DOC",3.81880148942672,0.00289336218996733,14.1632565065337
"YEP2B_INC-U3",5.346322,8.45072608261113,5.32224673312341,0.100145485700568,"Wet Sediments","Unburned + DOC",3.81880148942672,0.00289336218996733,34.6121498538347
"YEP2B_INC-U3",6.110082,5.87127103833594,5.35640756828527,0.220864826940209,"Wet Sediments","Unburned + DOC",3.81880148942672,0.00289336218996733,76.335008353276
"YEP2B_INC-U3",7.637603,0.713719831233838,5.42389900316074,0.602750825379056,"Wet Sediments","Unburned + DOC",3.81880148942672,0.00289336218996733,208.321940291154
"YEP2C_INC-H4",0,18.9113274011346,6.50719975797035,1.07583250978175,"Wet Sediments","High Burn + DOC",2.32164747036755,0.0210754934270537,51.0466107711978
"YEP2C_INC-H4",0.928659,14.650483783878,6.58162125801346,0.400438275457803,"Wet Sediments","High Burn + DOC",2.32164747036755,0.0210754934270537,19.0001850653603
"YEP2C_INC-H4",1.392988,12.520246690986,6.61880853187083,0.189478069391016,"Wet Sediments","High Burn + DOC",2.32164747036755,0.0210754934270537,8.99044523189155
"YEP2C_INC-H4",1.741236,10.9226448398151,6.64665732672688,0.0867769142621808,"Wet Sediments","High Burn + DOC",2.32164747036755,0.0210754934270537,4.11743215230203
"YEP2C_INC-H4",1.9734,9.85762249380848,6.6651942864443,0.0447052401538326,"Wet Sediments","High Burn + DOC",2.32164747036755,0.0210754934270537,2.12119542104986
"YEP2C_INC-H4",2.135916,9.1121202239734,6.67815355028447,0.0277918692735107,"Wet Sediments","High Burn + DOC",2.32164747036755,0.0210754934270537,1.31868178411593
"YEP2C_INC-H4",2.321647,8.26014080541662,6.69294472997462,0.0210754934403789,"Wet Sediments","High Burn + DOC",2.32164747036755,0.0210754934270537,1.00000000063226
"YEP2C_INC-H4",2.507379,7.40818367609039,6.70771342900515,0.0277781130488773,"Wet Sediments","High Burn + DOC",2.32164747036755,0.0210754934270537,1.31802907225032
"YEP2C_INC-H4",2.669895,6.66273102737659,6.72061611180796,0.0446175668736292,"Wet Sediments","High Burn + DOC",2.32164747036755,0.0210754934270537,2.11703545770158
"YEP2C_INC-H4",2.902059,5.59783959130886,6.73901060844271,0.0863747586827169,"Wet Sediments","High Burn + DOC",2.32164747036755,0.0210754934270537,4.09835048378234
"YEP2C_INC-H4",3.250306,4.00055449558115,6.76651356294929,0.187837486015415,"Wet Sediments","High Burn + DOC",2.32164747036755,0.0210754934270537,8.91260205439824
"YEP2C_INC-H4",3.714636,1.8709478978246,6.80299426514501,0.394922561311973,"Wet Sediments","High Burn + DOC",2.32164747036755,0.0210754934270537,18.7384728466205
"YEP2C_INC-H4",4.643295,0,7.11588708347321,4.53706956119769,"Wet Sediments","High Burn + DOC",2.32164747036755,0.0210754934270537,215.277026699345
"YEP2C_INC-H5",0,22.8653454430279,6.12407113298426,0.509347258087079,"Wet Sediments","High Burn + DOC",3.01198066040226,0.0130067508680822,39.1602230111958
"YEP2C_INC-H5",1.204792,17.4553931763113,6.18364016651081,0.191533044870752,"Wet Sediments","High Burn + DOC",3.01198066040226,0.0130067508680822,14.7256643322692
"YEP2C_INC-H5",1.807188,14.7505775901291,6.21339560750637,0.0922638072793621,"Wet Sediments","High Burn + DOC",3.01198066040226,0.0130067508680822,7.09353238199648
"YEP2C_INC-H5",2.258985,12.7220533950518,6.23568022007636,0.0439308386020305,"Wet Sediments","High Burn + DOC",3.01198066040226,0.0130067508680822,3.37754137164758
"YEP2C_INC-H5",2.560184,11.3697087337476,6.25051117501652,0.0241284988068345,"Wet Sediments","High Burn + DOC",3.01198066040226,0.0130067508680822,1.855075057731
"YEP2C_INC-H5",2.771022,10.4231088830152,6.26087959887704,0.0161673530160504,"Wet Sediments","High Burn + DOC",3.01198066040226,0.0130067508680822,1.24299707038184
"YEP2C_INC-H5",3.011981,9.34127163637987,6.27271489249736,0.0130067507006142,"Wet Sediments","High Burn + DOC",3.01198066040226,0.0130067508680822,1
"YEP2C_INC-H5",3.252939,8.25942853073078,6.28452878159409,0.0161654527020609,"Wet Sediments","High Burn + DOC",3.01198066040226,0.0130067508680822,1.24285096825125
"YEP2C_INC-H5",3.463778,7.31290356648474,6.29485841467875,0.0240994010609677,"Wet Sediments","High Burn + DOC",3.01198066040226,0.0130067508680822,1.85283793129284
"YEP2C_INC-H5",3.764976,5.96069337822634,6.30958212336716,0.0437763939621418,"Wet Sediments","High Burn + DOC",3.01198066040226,0.0130067508680822,3.36566718081824
"YEP2C_INC-H5",4.216773,3.93242915862298,6.33160157118387,0.0916044361874062,"Wet Sediments","High Burn + DOC",3.01198066040226,0.0130067508680822,7.04283785366015
"YEP2C_INC-H5",4.819169,1.22803170376818,6.36080719696817,0.189279672099079,"Wet Sediments","High Burn + DOC",3.01198066040226,0.0130067508680822,14.5524179294173
"YEP2C_INC-H5",6.023961,0,6.72341624025064,4.51224064006576,"Wet Sediments","High Burn + DOC",3.01198066040226,0.0130067508680822,346.915286063928
"YEP2C_INC-S4",0,22.7809522292416,6.13804310135629,0.530051406778532,"Wet Sediments","Control",3.10137387655216,0.0038088563926202,139.162879497283
"YEP2C_INC-S4",1.24055,17.1865502116778,6.1992893057019,0.193101475445055,"Wet Sediments","Control",3.10137387655216,0.0038088563926202,50.6980210116406
"YEP2C_INC-S4",1.860824,14.3894852508289,6.22987905530034,0.0878505006039731,"Wet Sediments","Control",3.10137387655216,0.0038088563926202,23.0647980044599
"YEP2C_INC-S4",2.32603,12.2917432098416,6.252782296514,0.0366044900473264,"Wet Sediments","Control",3.10137387655216,0.0038088563926202,9.61036264100315
"YEP2C_INC-S4",2.636168,10.8929830289513,6.26799971154572,0.0156074375363516,"Wet Sediments","Control",3.10137387655216,0.0038088563926202,4.09767037943203
"YEP2C_INC-S4",2.853264,9.91436276336138,6.27868196515811,0.00716431171041406,"Wet Sediments","Control",3.10137387655216,0.0038088563926202,1.88096142088704
"YEP2C_INC-S4",3.101374,8.79561321264564,6.29084537452302,0.0038088562746999,"Wet Sediments","Control",3.10137387655216,0.0038088563926202,1
"YEP2C_INC-S4",3.349484,7.67689008080374,6.30298857284887,0.00715064107634807,"Wet Sediments","Control",3.10137387655216,0.0038088563926202,1.87737225052197
"YEP2C_INC-S4",3.56658,6.69801726098444,6.31359722413455,0.0155531383116806,"Wet Sediments","Control",3.10137387655216,0.0038088563926202,4.08341433489925
"YEP2C_INC-S4",3.876717,5.29964811294471,6.32872207947143,0.0363954119947371,"Wet Sediments","Control",3.10137387655216,0.0038088563926202,9.5554700334826
"YEP2C_INC-S4",4.341923,3.20211464417539,6.35133557631214,0.0870544431614614,"Wet Sediments","Control",3.10137387655216,0.0038088563926202,22.8557963028732
"YEP2C_INC-S4",4.962198,0.405037223559813,6.38129616775732,0.190492503168978,"Wet Sediments","Control",3.10137387655216,0.0038088563926202,50.0130457624018
"YEP2C_INC-S4",6.202748,0,6.81721035177853,6.66823180224867,"Wet Sediments","Control",3.10137387655216,0.0038088563926202,1750.71762264751
"YEP2C_INC-S5",0,24.0622688855586,6.40403733316226,0.628451971244664,"Wet Sediments","Control",3.18732865112802,0.00498473278712995,126.075358288443
"YEP2C_INC-S5",1.274931,18.1096969785512,6.47081360777171,0.229227329556127,"Wet Sediments","Control",3.18732865112802,0.00498473278712995,45.9858812218454
"YEP2C_INC-S5",1.912397,15.1335618441537,6.5041646921934,0.104530364562279,"Wet Sediments","Control",3.18732865112802,0.00498473278712995,20.9701039494078
"YEP2C_INC-S5",2.390496,12.901461506447,6.52912554157299,0.043823446835538,"Wet Sediments","Control",3.18732865112802,0.00498473278712995,8.7915338228353
"YEP2C_INC-S5",2.709229,11.4135377991388,6.54575037017223,0.018953780481186,"Wet Sediments","Control",3.18732865112802,0.00498473278712995,3.80236640892914
"YEP2C_INC-S5",2.932342,10.3719822389245,6.55736879005072,0.00895552734820399,"Wet Sediments","Control",3.18732865112802,0.00498473278712995,1.79659126034821
"YEP2C_INC-S5",3.187329,9.18161083086208,6.57062447447595,0.00498473278026983,"Wet Sediments","Control",3.18732865112802,0.00498473278712995,1
"YEP2C_INC-S5",3.442315,7.99126671119872,6.58385781367511,0.00894651342139379,"Wet Sediments","Control",3.18732865112802,0.00498473278712995,1.79478295342233
"YEP2C_INC-S5",3.665428,6.94973899816569,6.59541918303695,0.0189009684983422,"Wet Sediments","Control",3.18732865112802,0.00498473278712995,3.7917716618942
"YEP2C_INC-S5",3.984161,5.461858143585,6.61190019043527,0.0435868292911731,"Wet Sediments","Control",3.18732865112802,0.00498473278712995,8.74406537170759
"YEP2C_INC-S5",4.46226,3.23010311206144,6.63653870494577,0.103573248073633,"Wet Sediments","Control",3.18732865112802,0.00498473278712995,20.7780943611639
"YEP2C_INC-S5",5.099726,0.2527880202363,6.66913743095987,0.226018987774595,"Wet Sediments","Control",3.18732865112802,0.00498473278712995,45.3422475662499
"YEP2C_INC-S5",6.374657,0,7.14601574435549,8.01348753181658,"Wet Sediments","Control",3.18732865112802,0.00498473278712995,1607.60624191028
"YEP2C_INC-U4",0,24.7339100578462,6.78210375946486,1.03777750997926,"Wet Sediments","Unburned + DOC",3.13316437172838,0.0139600418594428,74.3391405187436
"YEP2C_INC-U4",1.253266,18.733222308691,6.86438045517905,0.382166617698827,"Wet Sediments","Unburned + DOC",3.13316437172838,0.0139600418594428,27.3757502176492
"YEP2C_INC-U4",1.879899,15.7331258688661,6.90547842845054,0.17739431611523,"Wet Sediments","Unburned + DOC",3.13316437172838,0.0139600418594428,12.7072911737893
"YEP2C_INC-U4",2.349873,13.4831675610692,6.93624430764784,0.0777212165665714,"Wet Sediments","Unburned + DOC",3.13316437172838,0.0139600418594428,5.56740571468497
"YEP2C_INC-U4",2.66319,11.9832727501636,6.95671992320443,0.0368945544243437,"Wet Sediments","Unburned + DOC",3.13316437172838,0.0139600418594428,2.6428684755199
"YEP2C_INC-U4",2.882511,10.9333262390891,6.97102437909285,0.0204818464056375,"Wet Sediments","Unburned + DOC",3.13316437172838,0.0139600418594428,1.46717658013464
"YEP2C_INC-U4",3.133164,9.7334412107435,6.98735101778548,0.0139600418129343,"Wet Sediments","Unburned + DOC",3.13316437172838,0.0139600418594428,1
"YEP2C_INC-U4",3.383818,8.53359003601671,7.00364905441821,0.0204508812181231,"Wet Sediments","Unburned + DOC",3.13316437172838,0.0139600418594428,1.46495845013694
"YEP2C_INC-U4",3.603139,7.48373159031226,7.01788074815722,0.036767880120179,"Wet Sediments","Unburned + DOC",3.13316437172838,0.0139600418594428,2.63379441214229
"YEP2C_INC-U4",3.916455,5.98397434280825,7.03816553144215,0.0772260455031724,"Wet Sediments","Unburned + DOC",3.13316437172838,0.0139600418594428,5.53193511437916
"YEP2C_INC-U4",4.38643,3.73442862627267,7.06847801894997,0.175497351078579,"Wet Sediments","Unburned + DOC",3.13316437172838,0.0139600418594428,12.5714058331815
"YEP2C_INC-U4",5.013063,0.735204613988636,7.10865120223692,0.375935968209905,"Wet Sediments","Unburned + DOC",3.13316437172838,0.0139600418594428,26.9294299578381
"YEP2C_INC-U4",6.266329,0,7.60195396159465,9.2886885077278,"Wet Sediments","Unburned + DOC",3.13316437172838,0.0139600418594428,665.376839997831
"YEP2C_INC-U5",0,24.5474775010171,6.37443088670938,0.689139881289142,"Wet Sediments","Unburned + DOC",3.33484369538058,0.0129411766809807,53.2517173773683
"YEP2C_INC-U5",1.333937,18.3887749849971,6.44454712688944,0.256128075482778,"Wet Sediments","Unburned + DOC",3.33484369538058,0.0129411766809807,19.7917146552363
"YEP2C_INC-U5",2.000906,15.3097939028922,6.47958864647026,0.120884252523691,"Wet Sediments","Unburned + DOC",3.33484369538058,0.0129411766809807,9.34105575013894
"YEP2C_INC-U5",2.501133,13.000153090202,6.50577791565631,0.0550504386241127,"Wet Sediments","Unburned + DOC",3.33484369538058,0.0129411766809807,4.25389747234993
"YEP2C_INC-U5",2.834617,11.4609051699308,6.52323040912474,0.0280842150560602,"Wet Sediments","Unburned + DOC",3.33484369538058,0.0129411766809807,2.17014386126213
"YEP2C_INC-U5",3.068056,10.3832275177117,6.5354224872827,0.0172446690257717,"Wet Sediments","Unburned + DOC",3.33484369538058,0.0129411766809807,1.33254258846378
"YEP2C_INC-U5",3.334844,9.15176997162482,6.54934058794659,0.012941176646108,"Wet Sediments","Unburned + DOC",3.33484369538058,0.0129411766809807,1
"YEP2C_INC-U5",3.601631,7.92027297972111,6.56323276554133,0.0172376304098542,"Wet Sediments","Unburned + DOC",3.33484369538058,0.0129411766809807,1.33199869542298
"YEP2C_INC-U5",3.83507,6.84270227513056,6.57536384381221,0.0280292259214517,"Wet Sediments","Unburned + DOC",3.33484369538058,0.0129411766809807,2.1658947009182
"YEP2C_INC-U5",4.168555,5.30340233382624,6.59266122502724,0.054785935577647,"Wet Sediments","Unburned + DOC",3.33484369538058,0.0129411766809807,4.23345860085479
"YEP2C_INC-U5",4.668781,2.99447121675804,6.61850919513862,0.11978769487043,"Wet Sediments","Unburned + DOC",3.33484369538058,0.0129411766809807,9.25632175080891
"YEP2C_INC-U5",5.33575,1.2448466532175e-06,6.65896595165734,0.254035528531135,"Wet Sediments","Unburned + DOC",3.33484369538058,0.0129411766809807,19.6300178475298
"YEP2C_INC-U5",6.669687,0,7.16515338701897,9.25600083147847,"Wet Sediments","Unburned + DOC",3.33484369538058,0.0129411766809807,715.2364181863
