#Columns,14,,,,,,,,,,,,,
#Header_Rows,12,,,,,,,,,,,,,
Field_Name,Sample_Name,IGSN,Material,Partial_Pressure_CO2_ppm,Partial_Pressure_CO2_moles_per_L,Rate_CO2_moles_per_L_per_hr,Partial_Pressure_CH4_ppm,Partial_Pressure_CH4_moles_per_L,Rate_CH4_moles_per_L_per_hr,Partial_Pressure_N2O_ppm,Partial_Pressure_N2O_moles_per_L,Rate_N2O_moles_per_L_per_hr,Total_Incubation_Time_min,Methods_Deviation
Unit,N/A,N/A,N/A,parts per million,moles per liter,moles per liter per hour,parts per million,moles per liter,moles per liter per hour,parts per million,moles per liter,moles per liter per hour,minutes,N/A
Unit_Basis,N/A,N/A,N/A,as headspace equilibrated gas extraction,as moles of carbon dioxide per liter of water,as rate of carbon dioxide produced per liter of water per hour,as headspace equilibrated gas extraction,as moles of methane per liter of water,as rate of methane produced per liter of water per hour,as headspace equilibrated gas extraction,as moles of nitrous oxide per liter of water,as rate of nitrous oxide produced per liter of water per hour,as minutes,N/A
MethodID_Analysis,N/A,N/A,N/A,GAS_T_AN_000,GAS_T_AN_000,GAS_T_AN_000,GAS_T_AN_000,GAS_T_AN_000,GAS_T_AN_000,GAS_T_AN_000,GAS_T_AN_000,GAS_T_AN_000,GAS_T_AN_000,N/A
MethodID_Inspection,N/A,N/A,N/A,GAS_T_IN_000,GAS_T_IN_000,GAS_T_IN_000,GAS_T_IN_000,GAS_T_IN_000,GAS_T_IN_000,GAS_T_IN_000,GAS_T_IN_000,GAS_T_IN_000,GAS_T_IN_000,N/A
MethodID_Storage,N/A,N/A,N/A,GAS_T_ST_000,GAS_T_ST_000,GAS_T_ST_000,GAS_T_ST_000,GAS_T_ST_000,GAS_T_ST_000,GAS_T_ST_000,GAS_T_ST_000,GAS_T_ST_000,GAS_T_ST_000,N/A
MethodID_Preservation,N/A,N/A,N/A,GAS_T_PRES_000,GAS_T_PRES_000,GAS_T_PRES_000,GAS_T_PRES_000,GAS_T_PRES_000,GAS_T_PRES_000,GAS_T_PRES_000,GAS_T_PRES_000,GAS_T_PRES_000,GAS_T_PRES_000,N/A
MethodID_Preparation,N/A,N/A,N/A,GAS_T_PREP_000,GAS_T_PREP_000,GAS_T_PREP_000,GAS_T_PREP_000,GAS_T_PREP_000,GAS_T_PREP_000,GAS_T_PREP_000,GAS_T_PREP_000,GAS_T_PREP_000,GAS_T_PREP_000,N/A
MethodID_DataProcessing,N/A,N/A,N/A,GAS_T_DP_000,GAS_T_DP_000,GAS_T_DP_000,GAS_T_DP_000,GAS_T_DP_000,GAS_T_DP_000,GAS_T_DP_000,GAS_T_DP_000,GAS_T_DP_000,GAS_T_DP_000,N/A
Analysis_DetectionLimit,-9999,-9999,-9999,7.432,-9999,-9999,0.056,-9999,-9999,0.032,-9999,-9999,-9999,N/A
Analysis_Precision,-9999,-9999,-9999,-9999,-9999,-9999,-9999,-9999,-9999,-9999,-9999,-9999,-9999,N/A
Data_Status,N/A,N/A,N/A,ready_to_use,ready_to_use,ready_to_use,ready_to_use,ready_to_use,ready_to_use,ready_to_use,ready_to_use,ready_to_use,N/A,N/A
#Start_Data,YEP1A_GAS-H2,10.58052/IEPRS01EB,Sediment,2563.822,9.73E-05,8.15E-05,2.211543,3.11E-09,4.39E-10,0.91698,2.56E-08,1.72E-08,60,N/A
N/A,YEP1A_GAS-S1,10.58052/IEPRS01EB,Sediment,2270.271,8.62E-05,9.18E-05,1.080943,1.52E-09,-1.50E-09,0.5441763,1.52E-08,8.89E-09,46,N/A
N/A,YEP1A_GAS-S2,10.58052/IEPRS01EB,Sediment,3026.043,0.000114875,0.000130445,3.297883,4.64E-09,2.59E-09,0.3827176,1.07E-08,3.04E-09,46,N/A
N/A,YEP1A_GAS-U1,10.58052/IEPRS01EB,Sediment,2119.315,8.05E-05,0.000133462,2.10688,2.96E-09,6.02E-10,0.2127738,5.93E-09,-5.03E-09,29,N/A
N/A,YEP1B_GAS-H1,10.58052/IEPRS01EB,Sediment,2078.136,7.89E-05,0.000135274,1.617499,2.27E-09,-8.54E-10,0.3096345,8.63E-09,5.77E-10,28,N/A
N/A,YEP1B_GAS-H3,10.58052/IEPRS01EB,Sediment,3046.863,0.000115666,0.000286028,1.226835,1.72E-09,-2.71E-09,0.2995673,8.35E-09,-3.46E-11,21,N/A
N/A,YEP1B_GAS-S3,10.58052/IEPRS01EB,Sediment,3013.643,0.000114404,0.000218785,1.798759,2.53E-09,-3.16E-10,0.3123093,8.70E-09,7.62E-10,27,N/A
N/A,YEP1B_GAS-U2,10.58052/IEPRS01EB,Sediment,1942.61,7.37E-05,0.000138713,1.68406,2.37E-09,-7.29E-10,0.3042946,8.48E-09,2.87E-10,25,N/A
N/A,YEP1B_GAS-U3,10.58052/IEPRS01EB,Sediment,4930.548,0.000187174,0.000410921,1.450709,2.04E-09,-1.52E-09,0.51753,1.44E-08,1.45E-08,25,N/A
N/A,YEP1C_GAS-H4,10.58052/IEPRS01EB,Sediment,2855.741,0.00010841,0.00023195,1.055373,1.48E-09,-2.98E-09,0.2941875,8.20E-09,-4.06E-10,24,N/A
N/A,YEP1C_GAS-H5,10.58052/IEPRS01EB,Sediment,2184.572,8.29E-05,0.000201779,1.833041,2.58E-09,-2.84E-10,0.2636698,7.35E-09,-3.05E-09,20,N/A
N/A,YEP1C_GAS-S4,10.58052/IEPRS01EB,Sediment,2303.181,8.74E-05,0.000159344,2.754333,3.87E-09,2.68E-09,0.3064804,8.54E-09,4.03E-10,27,N/A
N/A,YEP1C_GAS-S5,10.58052/IEPRS01EB,Sediment,2649.936,0.000100597,0.000195959,2.800283,3.94E-09,2.93E-09,0.321352,8.95E-09,1.38E-09,26,N/A
N/A,YEP1C_GAS-U4,10.58052/IEPRS01EB,Sediment,1961.061,7.44E-05,0.000135427,1.486985,2.09E-09,-1.34E-09,0.2804223,7.81E-09,-1.26E-09,26,N/A
N/A,YEP1C_GAS-U5,10.58052/IEPRS01EB,Sediment,2486.172,9.44E-05,0.000196752,4.076988,5.73E-09,7.68E-09,0.5488273,1.53E-08,1.74E-08,24,N/A
N/A,YEP2A_GAS-H1,10.58052/IEPRS01EA,Sediment,6421.339,0.000243768,0.000370242,2.012457,2.83E-09,2.57E-10,16.957,4.73E-07,7.54E-07,37,N/A
N/A,YEP2A_GAS-H2,10.58052/IEPRS01EA,Sediment,6329.623,0.000240286,0.000374732,2.312876,3.25E-09,9.70E-10,13.30172,3.71E-07,6.05E-07,36,N/A
N/A,YEP2A_GAS-S1,10.58052/IEPRS01EA,Sediment,7107.472,0.000269815,0.000293361,2.622523,3.69E-09,1.17E-09,15.49543,4.32E-07,4.89E-07,52,N/A
N/A,YEP2A_GAS-S2,10.58052/IEPRS01EA,Sediment,-9999,-9999,-9999,-9999,-9999,-9999,-9999,-9999,-9999,17,VI_GAS_004
N/A,YEP2A_GAS-U1,10.58052/IEPRS01EA,Sediment,7563.999,0.000287146,0.000362239,3.057739,4.30E-09,2.17E-09,20.1383,5.61E-07,7.38E-07,45,N/A
N/A,YEP2A_GAS-U2,10.58052/IEPRS01EA,Sediment,6886.783,0.000261437,0.000803361,4.182808,5.88E-09,1.05E-08,0.1806389,5.03E-09,-1.09E-08,18,N/A
N/A,YEP2B_GAS-H3,10.58052/IEPRS01EA,Sediment,6811.89,0.000258594,0.001039841,1.105784,1.55E-09,-4.79E-09,0.977269,2.72E-08,8.09E-08,14,N/A
N/A,YEP2B_GAS-S3,10.58052/IEPRS01EA,Sediment,8799.542,0.000334049,0.001647595,2.390985,3.36E-09,3.58E-09,0.2832343,7.89E-09,-2.42E-09,12,N/A
N/A,YEP2B_GAS-U3,10.58052/IEPRS01EA,Sediment,7307.682,0.000277415,0.00127192,2.264852,3.18E-09,2.50E-09,0.2626287,7.32E-09,-5.07E-09,12,N/A
N/A,YEP2C_GAS-H4,10.58052/IEPRS01EA,Sediment,5603.653,0.000212727,0.000658947,2.14696,3.02E-09,1.16E-09,0.4430928,1.23E-08,1.34E-08,18,N/A
N/A,YEP2C_GAS-H5,10.58052/IEPRS01EA,Sediment,6015.506,0.000228362,0.000915728,8.939514,1.26E-08,4.27E-08,0.4328166,1.21E-08,1.60E-08,14,N/A
N/A,YEP2C_GAS-S4,10.58052/IEPRS01EA,Sediment,6981.578,0.000265036,0.00107382,2.305838,3.24E-09,2.46E-09,0.7807792,2.18E-08,5.78E-08,14,N/A
N/A,YEP2C_GAS-S5,10.58052/IEPRS01EA,Sediment,6883.616,0.000261317,0.001057798,1.491862,2.10E-09,-2.47E-09,0.212888,5.93E-09,-1.05E-08,14,N/A
N/A,YEP2C_GAS-U4,10.58052/IEPRS01EA,Sediment,7011.02,0.000266153,0.001011997,1.016856,1.43E-09,-5.02E-09,0.177261,4.94E-09,-1.38E-08,15,N/A
N/A,YEP2C_GAS-U5,10.58052/IEPRS01EA,Sediment,6748.607,0.000256192,0.001035682,2.286232,3.21E-09,2.34E-09,0.248818,6.93E-09,-6.15E-09,14,N/A
#End_Data,,,,,,,,,,,,,,
