#Columns,11,,,,,,,,,,
#Header_Rows,12,,,,,,,,,,
Field_Name,Sample_Name,IGSN,Material,00940_Cl_mg_per_L,00945_SO4_mg_per_L_as_SO4,00618_NO3_mg_per_L_as_N,00915_Ca_mg_per_L,00925_Mg_mg_per_L,00935_K_mg_per_L,00930_Na_mg_per_L,Methods_Deviation
Unit,N/A,N/A,N/A,milligrams per liter,milligrams per liter,milligrams per liter,milligrams per liter,milligrams per liter,milligrams per liter,milligrams per liter,N/A
Unit_Basis,N/A,N/A,N/A,as Chloride,as Sulfate,as Nitrogen,as Calcium,as Magnesium,as Potassium,as Sodium,N/A
MethodID_Analysis,N/A,N/A,N/A,ION_T_AN_008,ION_T_AN_008,ION_T_AN_008,ION_T_AN_008,ION_T_AN_008,ION_T_AN_008,ION_T_AN_008,N/A
MethodID_Inspection,N/A,N/A,N/A,ION_T_IN_008,ION_T_IN_008,ION_T_IN_008,ION_T_IN_008,ION_T_IN_008,ION_T_IN_008,ION_T_IN_008,N/A
MethodID_Storage,N/A,N/A,N/A,ION_T_ST_008,ION_T_ST_008,ION_T_ST_008,ION_T_ST_008,ION_T_ST_008,ION_T_ST_008,ION_T_ST_008,N/A
MethodID_Preservation,N/A,N/A,N/A,ION_T_PRES_008,ION_T_PRES_008,ION_T_PRES_008,ION_T_PRES_008,ION_T_PRES_008,ION_T_PRES_008,ION_T_PRES_008,N/A
MethodID_Preparation,N/A,N/A,N/A,ION_T_PREP_008,ION_T_PREP_008,ION_T_PREP_008,ION_T_PREP_008,ION_T_PREP_008,ION_T_PREP_008,ION_T_PREP_008,N/A
MethodID_DataProcessing,N/A,N/A,N/A,ION_T_DP_008,ION_T_DP_008,ION_T_DP_008,ION_T_DP_008,ION_T_DP_008,ION_T_DP_008,ION_T_DP_008,N/A
Analysis_DetectionLimit,-9999,-9999,-9999,-9999,-9999,-9999,-9999,-9999,-9999,-9999,N/A
Analysis_Precision,-9999,-9999,-9999,-9999,-9999,-9999,-9999,-9999,-9999,-9999,N/A
Data_Status,N/A,N/A,N/A,ready_to_use,ready_to_use,ready_to_use,ready_to_use,ready_to_use,ready_to_use,ready_to_use,N/A
#Start_Data,YEP_ION-HX1,N/A,Liquid>aqueous,16.3,104,0.345,8.52,4.7,532,13.8,N/A
N/A,YEP_ION-HX2,N/A,Liquid>aqueous,16.7,107,0.335,8.64,4.89,534,13.7,N/A
N/A,YEP_ION-HX3,N/A,Liquid>aqueous,17.1,108,0.35,8.68,4.92,511,13.9,N/A
N/A,YEP_ION-SX1,N/A,Liquid>aqueous,47.9,9.67,1.71,18.9,5.02,0.915,25.1,N/A
N/A,YEP_ION-SX2,N/A,Liquid>aqueous,47.8,9.6,1.7,18.7,4.96,0.905,24.6,N/A
N/A,YEP_ION-SX3,N/A,Liquid>aqueous,47.5,9.53,1.69,5.79,1.32,0.6,0.725,N/A
N/A,YEP_ION-UX1,N/A,Liquid>aqueous,2.49,0.935,Nitrate_Below_0.050_Standard|0.050_ppm_Raw_Not_Corrected|0.050_ppm_Final_Corrected,5.44,2.22,25.5,3.21,DTL_003
N/A,YEP_ION-UX2,N/A,Liquid>aqueous,2.46,0.985,Nitrate_Below_0.050_Standard|0.050_ppm_Raw_Not_Corrected|0.050_ppm_Final_Corrected,5.32,2.24,25,3.15,DTL_003
N/A,YEP_ION-UX3,N/A,Liquid>aqueous,2.52,1.01,Nitrate_Below_0.050_Standard|0.050_ppm_Raw_Not_Corrected|0.050_ppm_Final_Corrected,5.34,2.24,24.7,3.12,DTL_003
N/A,YEP_ION-WH1,N/A,Liquid>aqueous,42.7,22.7,1.39,17.4,4.96,73,23.7,N/A
N/A,YEP_ION-WH2,N/A,Liquid>aqueous,43.7,23.3,1.52,19.6,5.24,72.7,24,N/A
N/A,YEP_ION-WS1,N/A,Liquid>aqueous,48.1,9.74,1.73,18.8,4.96,0.86,25.1,N/A
N/A,YEP_ION-WS2,N/A,Liquid>aqueous,48.2,9.81,1.73,32.3,8.64,1.5,44.2,N/A
N/A,YEP_ION-WU1,N/A,Liquid>aqueous,46.5,9.43,1.68,18.3,4.86,1.74,24.4,N/A
N/A,YEP_ION-WU2,N/A,Liquid>aqueous,46.5,9.36,1.61,18.4,4.88,1.71,24.4,N/A
N/A,YEP_SIN_BLK-1,N/A,Liquid>aqueous,Chloride_Below_0.125_Standard|0.125_ppm_Raw_Not_Corrected|0.125_ppm_Final_Corrected,Sulfate_Below_0.200_Standard|0.200_ppm_Raw_Not_Corrected|0.200_ppm_Final_Corrected,Nitrate_Below_0.050_Standard|0.050_ppm_Raw_Not_Corrected|0.050_ppm_Final_Corrected,0.265,Magnesium_Below_0.125_Standard|0.125_ppm_Raw_Not_Corrected|0.125_ppm_Final_Corrected,Potassium_Below_0.125_Standard|0.125_ppm_Raw_Not_Corrected|0.125_ppm_Final_Corrected,Sodium_Below_0.125_Standard|0.125_ppm_Raw_Not_Corrected|0.125_ppm_Final_Corrected,DTL_003
N/A,YEP_SIN_BLK-2,N/A,Liquid>aqueous,Chloride_Below_0.125_Standard|0.125_ppm_Raw_Not_Corrected|0.125_ppm_Final_Corrected,Sulfate_Below_0.200_Standard|0.200_ppm_Raw_Not_Corrected|0.200_ppm_Final_Corrected,Nitrate_Below_0.050_Standard|0.050_ppm_Raw_Not_Corrected|0.050_ppm_Final_Corrected,0.52,Magnesium_Below_0.125_Standard|0.125_ppm_Raw_Not_Corrected|0.125_ppm_Final_Corrected,Potassium_Below_0.125_Standard|0.125_ppm_Raw_Not_Corrected|0.125_ppm_Final_Corrected,Sodium_Below_0.125_Standard|0.125_ppm_Raw_Not_Corrected|0.125_ppm_Final_Corrected,DTL_003
N/A,YEP_SIN-HKA,N/A,Liquid>aqueous,43.7,23.4,1.47,17.6,4.9,74.2,23.3,N/A
N/A,YEP_SIN-HKB,N/A,Liquid>aqueous,43.7,23.5,1.49,17.7,4.94,74.1,23.2,N/A
N/A,YEP_SIN-HKC,N/A,Liquid>aqueous,43.7,23.4,1.49,18.1,5.04,74.3,23.2,N/A
N/A,YEP_SIN-SKA,N/A,Liquid>aqueous,48.1,9.81,1.68,18.5,4.91,0.825,24.8,N/A
N/A,YEP_SIN-SKB,N/A,Liquid>aqueous,47.8,9.8,1.68,18.5,4.9,0.815,24.7,N/A
N/A,YEP_SIN-SKC,N/A,Liquid>aqueous,47.7,9.65,1.66,18.5,4.92,0.815,24.7,N/A
N/A,YEP_SIN-UKA,N/A,Liquid>aqueous,46.4,9.49,1.62,17.9,4.8,1.67,24,N/A
N/A,YEP_SIN-UKB,N/A,Liquid>aqueous,46.5,9.55,1.64,17.9,4.82,1.68,24,N/A
N/A,YEP_SIN-UKC,N/A,Liquid>aqueous,46.2,9.35,1.63,18.2,4.88,1.69,24.2,N/A
N/A,YEP1_SIN-1,10.58052/IEPRS01EB,Sediment,2.05,2.62,7.74,51.4,12.4,30.2,2,ION_COMP_001
N/A,YEP1A_SIN-1,10.58052/IEPRS01EB,Sediment,2.64,3.53,11.9,52,13.4,30.6,2.28,ION_COMP_001
N/A,YEP1A_SIN-H2,10.58052/IEPRS01EB,Sediment,45.1,25.3,8.08,-9999,-9999,-9999,-9999,VI_ION_007
N/A,YEP1A_SIN-S1,10.58052/IEPRS01EB,Sediment,49.4,12,8.46,43.6,11,26.5,17.5,N/A
N/A,YEP1A_SIN-S2,10.58052/IEPRS01EB,Sediment,49.5,11.9,7.28,-9999,-9999,-9999,-9999,VI_ION_007
N/A,YEP1A_SIN-U1,10.58052/IEPRS01EB,Sediment,48,11.8,8.5,44.4,10.8,28.4,17.1,N/A
N/A,YEP1B_SIN-1,10.58052/IEPRS01EB,Sediment,3.03,4.09,14.3,58.7,15.3,33.9,2.47,ION_COMP_001
N/A,YEP1B_SIN-H1,10.58052/IEPRS01EB,Sediment,45.2,25.2,8.58,49.8,12.4,44.1,17.9,N/A
N/A,YEP1B_SIN-H3,10.58052/IEPRS01EB,Sediment,46,26,9.16,54.4,13.2,46.8,17.7,N/A
N/A,YEP1B_SIN-S3,10.58052/IEPRS01EB,Sediment,49.3,12.1,9.38,43.3,10.8,28.3,17.8,N/A
N/A,YEP1B_SIN-U2,10.58052/IEPRS01EB,Sediment,48,11.8,9.2,42.8,10.7,27.5,17.5,N/A
N/A,YEP1B_SIN-U3,10.58052/IEPRS01EB,Sediment,48.2,11.7,9.84,-9999,-9999,-9999,-9999,VI_ION_007
N/A,YEP1C_SIN-1,10.58052/IEPRS01EB,Sediment,3.17,4.3,14.4,61.1,16,35.3,2.59,ION_COMP_001
N/A,YEP1C_SIN-H4,10.58052/IEPRS01EB,Sediment,45.2,25.5,9.2,44.7,11.7,40.2,15.6,N/A
N/A,YEP1C_SIN-H5,10.58052/IEPRS01EB,Sediment,45.2,25.4,8.76,49.3,12.8,46.2,18.2,N/A
N/A,YEP1C_SIN-S4,10.58052/IEPRS01EB,Sediment,49.4,11.9,9.7,41.7,10.7,26.5,18.3,N/A
N/A,YEP1C_SIN-S5,10.58052/IEPRS01EB,Sediment,49.7,12.4,9.76,45.2,11.1,28.2,17.9,N/A
N/A,YEP1C_SIN-U4,10.58052/IEPRS01EB,Sediment,49.3,12.7,9.68,-9999,-9999,-9999,-9999,VI_ION_007
N/A,YEP1C_SIN-U5,10.58052/IEPRS01EB,Sediment,47.5,11.5,10,46.9,11.5,28.9,17.8,N/A
N/A,YEP2_SIN-1,10.58052/IEPRS01EA,Sediment,0.64,2.22,0.115,8.67,1.92,0.98,1.17,ION_COMP_001
N/A,YEP2A_SIN-1,10.58052/IEPRS01EA,Sediment,0.68,0.6,0.065,11.6,2.65,1.2,1.45,ION_COMP_001
N/A,YEP2A_SIN-H1,10.58052/IEPRS01EA,Sediment,39.1,20.6,1.13,35,8.82,12.6,16.6,N/A
N/A,YEP2A_SIN-H2,10.58052/IEPRS01EA,Sediment,38.9,20.5,1.11,35.8,8.97,12.9,16.3,N/A
N/A,YEP2A_SIN-S1,10.58052/IEPRS01EA,Sediment,42.9,8.75,1.19,28.5,7.11,1.79,16,N/A
N/A,YEP2A_SIN-S2,10.58052/IEPRS01EA,Sediment,43.1,8.8,1.49,-9999,-9999,-9999,-9999,VI_ION_007
N/A,YEP2A_SIN-U1,10.58052/IEPRS01EA,Sediment,41.8,8.53,1.14,28.1,6.9,1.82,15.7,N/A
N/A,YEP2A_SIN-U2,10.58052/IEPRS01EA,Sediment,42,8.55,1.54,26.8,6.6,1.89,15.6,N/A
N/A,YEP2B_SIN-1,10.58052/IEPRS01EA,Sediment,0.67,0.58,0.065,12.6,2.83,1.25,1.52,ION_COMP_001
N/A,YEP2B_SIN-H3,10.58052/IEPRS01EA,Sediment,39.8,21,1.33,-9999,-9999,-9999,-9999,VI_ION_007
N/A,YEP2B_SIN-S3,10.58052/IEPRS01EA,Sediment,42.7,8.68,1.57,-9999,-9999,-9999,-9999,VI_ION_007
N/A,YEP2B_SIN-U3,10.58052/IEPRS01EA,Sediment,41.1,8.31,1.37,-9999,-9999,-9999,-9999,VI_ION_007
N/A,YEP2C_SIN-1,10.58052/IEPRS01EA,Sediment,0.725,0.62,0.065,11.7,2.69,1.24,1.51,ION_COMP_001
N/A,YEP2C_SIN-H4,10.58052/IEPRS01EA,Sediment,40.3,21.2,1.4,33.5,8.46,15.7,17.6,N/A
N/A,YEP2C_SIN-H5,10.58052/IEPRS01EA,Sediment,39.1,20.4,1.35,34.1,8.62,13.7,16.6,N/A
N/A,YEP2C_SIN-S4,10.58052/IEPRS01EA,Sediment,43.3,8.79,1.54,25.1,6.34,1.73,15.9,N/A
N/A,YEP2C_SIN-S5,10.58052/IEPRS01EA,Sediment,43.5,8.92,1.57,24.9,6.28,1.84,15.8,N/A
N/A,YEP2C_SIN-U4,10.58052/IEPRS01EA,Sediment,42.1,8.58,1.57,25.5,6.28,1.78,15.4,N/A
N/A,YEP2C_SIN-U5,10.58052/IEPRS01EA,Sediment,41.7,8.42,1.56,25.6,6.18,1.8,15.4,N/A
#End_Data,,,,,,,,,,,
