File_Name,File_Description,Standard,Header_Rows,Column_or_Row_Name_Position,File_Path
readme_YEP.pdf,Data package level readme. Contains data package summary; acknowledgements; and contact information.,N/A,-9999,-9999,/
YEP_flmd.csv,File-level metadata that lists and describes all of the files contained in the data package.,ESS-DIVE FLMD v1; ESS-DIVE CSV v1,1,1,/
YEP_dd.csv,"Data dictionary that defines column and row headers across all tabular data files (files ending in "".csv"" or "".tsv"") in the data package.",ESS-DIVE FLMD v1; ESS-DIVE CSV v1,1,1,/
YEP1_EnvContext.jpg,Field photos to show the environmental context of the YEP1 (dry) sample collection location. ,N/A,-9999,-9999,/
YEP2_EnvContext.jpg,Field photos to show the environmental context of the YEP2 (wet) sample collection location. ,N/A,-9999,-9999,/
YEP_Field_Metadata.csv,Metadata for each set of samples collected at a given point in space and time. Each row generally refers to the sediment collected as the source material for the incubation experiment. The metadata file provides accompanying information captured in the field (i.e. coordinates; date; turbidity; water color; weather; etc.).,ESS-DIVE CSV v1,1,1,/
YEP_Field_Protocol.pdf,Step-by-step instructions used to complete the sampling in the field.,N/A,-9999,-9999,/
YEP_Metadata_IGSN_Mapping.csv,File that maps between sample names and registered International Generic Sample Numbers (IGSNs). Includes metadata required by Environmental System Science Data Infrastructure for a Virtual Ecosystem (ESS-DIVE) Reporting Format for Sample ID and Metadata (Damerow et al. 2020). Some fields are repeated from the field metadata. In compliance with the ESS-DIVE Location Metadata Reporting Format (Crystal-Ornelas et al. 2022) the Submission_Contact_Name; Submission_Contact_Email; Location_ID; Description; Latitude; and Longitude can all be found in the Dataset Metadata associated with this data package (and found on the ESS-DIVE landing page). The Location_ID; Latitude; and Longitude can also be found in this file as Locality; Latitude; and Longitude; respectively. There is no separate file associated with the ESS-DIVE Location Metadata Reporting Format.,ESS-DIVE CSV v1,1,1,/
YEP_Sample_Name_Metadata.csv,"Sample metadata file containing sample names and experimental parameters for all samples. Each row represents a unique sample with associated categorical descriptors including material type, sampling conditions, experimental treatments, and analytical methods. This file functions as a sample inventory, connecting sample identifiers to their experimental conditions and enabling integration for analysis. Note that there are more samples listed than are included in this data package. ",ESS-DIVE CSV v1,1,1,/
YEP_Methods_Codes.csv,Definitions of methods codes used in sample data files. The file follows the Environmental System Science Data Infrastructure for a Virtual Ecosystem (ESS-DIVE) Reporting Format for Soil; Sediment; and Water Chemistry data (Boye et al. 2022).,ESS-DIVE Water-Soil-Sediment Chem v1; ESS-DIVE CSV v1,1,1,/YEP_Sample_Data
YEP_Sediment_CO2.csv,Partial pressure of carbon dioxide (CO2) from headspace equilibrated gas sample post-incubation. Methods information is embedded with methods codes that are defined in *_Methods_Codes.csv. The file follows the Environmental System Science Data Infrastructure for a Virtual Ecosystem (ESS-DIVE) Reporting Format for Soil; Sediment; and Water Chemistry data (Boye et al. 2022).,ESS-DIVE Water-Soil-Sediment Chem v1; ESS-DIVE CSV v1,12,1,/YEP_Sample_Data
YEP_Sediment_Gravimetric_Moisture.csv,Gravimetric moisture from sediment samples. Methods information is embedded with methods codes that are defined in *_Methods_Codes.csv. The file follows the Environmental System Science Data Infrastructure for a Virtual Ecosystem (ESS-DIVE) Reporting Format for Soil; Sediment; and Water Chemistry data (Boye et al. 2022).,ESS-DIVE Water-Soil-Sediment Chem v1; ESS-DIVE CSV v1,12,1,/YEP_Sample_Data
YEP_Sediment_NPOC_TN.csv,Dissolved organic carbon (DOC; reported as non-purgeable organic carbon; NPOC) and total nitrogen (TN). Methods information is embedded with methods codes that are defined in *_Methods_Codes.csv. The file follows the Environmental System Science Data Infrastructure for a Virtual Ecosystem (ESS-DIVE) Reporting Format for Soil; Sediment; and Water Chemistry data (Boye et al. 2022).,ESS-DIVE Water-Soil-Sediment Chem v1; ESS-DIVE CSV v1,12,1,/YEP_Sample_Data
YEP_Sediment_Respiration_Raw_Dissolved_Oxygen_Temperature.csv,Time series dissolved oxygen data from incubation. Methods information is embedded with methods codes that are defined in *_Methods_Codes.csv. The file follows the Environmental System Science Data Infrastructure for a Virtual Ecosystem (ESS-DIVE) Reporting Format for Soil; Sediment; and Water Chemistry data (Boye et al. 2022).,ESS-DIVE Water-Soil-Sediment Chem v1; ESS-DIVE CSV v1,12,1,/YEP_Sample_Data
YEP_Sediment_Water_Mass_Volume.csv,"Field moist sediment mass; dry sediment mass; water mass; and field moist sediment volume in incubation and sediment vials. The data from samples with ""INC"" in the sample name were used to normalize the respiration data. The data from samples with ""SED"" in the sample name were used to normalize the sediment NPOC/TN data. Methods information is embedded with methods codes that are defined in *_Methods_Codes.csv. The file follows the Environmental System Science Data Infrastructure for a Virtual Ecosystem (ESS-DIVE) Reporting Format for Soil; Sediment; and Water Chemistry data (Boye et al. 2022). ",ESS-DIVE Water-Soil-Sediment Chem v1; ESS-DIVE CSV v1,12,1,/YEP_Sample_Data
