"Sample_ID","Sediment_Type","Treatment","Total_Incubation_Time_min","Initial_DO_mg_L","Final_DO_mg_L","DOC_added_mol_per_L","O2_consumed_mol_per_L","CO2_produced_mol_per_L","C_mineralized_from_O2_mol_per_L","C_mineralized_from_CO2_mol_per_L","RQ","C_mineralized_to_DOC_ratio_O2","C_mineralized_to_DOC_ratio_CO2","Percent_DOC_Mineralized_O2","Percent_DOC_Mineralized_CO2"
"YEP1A_S1","Dry","Control (No DOM)",41.9192666666667,7.447,0.062,0,0.00023078125,8.62e-05,0.00023078125,8.62e-05,0.373513879485443,NA,NA,NA,NA
"YEP1A_S2","Dry","Control (No DOM)",42.8389166666667,7.413,0.067,0,0.0002295625,0.000114875,0.0002295625,0.000114875,0.500408385515927,NA,NA,NA,NA
"YEP1B_S3","Dry","Control (No DOM)",22.9182166666667,8.196,2.373,0,0.00018196875,0.000114404,0.00018196875,0.000114404,0.628701356688992,NA,NA,NA,NA
"YEP1C_S4","Dry","Control (No DOM)",22.91855,8.067,2.466,0,0.00017503125,8.74e-05,0.00017503125,8.74e-05,0.499339403677915,NA,NA,NA,NA
"YEP1C_S5","Dry","Control (No DOM)",21.9190833333333,8.598,2.593,0,0.00018765625,0.000100597,0.00018765625,0.000100597,0.536070607826811,NA,NA,NA,NA
"YEP1A_H2","Dry","High Severity DOM",55.9222333333333,8.16,0.054,0.00075,0.0002533125,9.73e-05,0.0002533125,9.73e-05,0.384110535405872,0.33775,0.129733333333333,33.775,12.9733333333333
"YEP1B_H1","Dry","High Severity DOM",23.9192,8.561,2.423,0.00075,0.0001918125,7.89e-05,0.0001918125,7.89e-05,0.411339198435973,0.25575,0.1052,25.575,10.52
"YEP1B_H3","Dry","High Severity DOM",16.8349333333333,7.814,2.417,0.00075,0.00016865625,0.000115666,0.00016865625,0.000115666,0.685809153233278,0.224875,0.154221333333333,22.4875,15.4221333333333
"YEP1C_H4","Dry","High Severity DOM",19.9184,8.577,2.499,0.00075,0.0001899375,0.00010841,0.0001899375,0.00010841,0.570766699572228,0.25325,0.144546666666667,25.325,14.4546666666667
"YEP1C_H5","Dry","High Severity DOM",15.9184833333333,7.346,2.777,0.00075,0.00014278125,8.29e-05,0.00014278125,8.29e-05,0.580608448238126,0.190375,0.110533333333333,19.0375,11.0533333333333
"YEP1A_U1","Dry","Unburned DOM",25.9176666666667,8.063,0.791,0.00075,0.00022725,8.05e-05,0.00022725,8.05e-05,0.354235423542354,0.303,0.107333333333333,30.3,10.7333333333333
"YEP1B_U2","Dry","Unburned DOM",21.00165,8.48,2.45,0.00075,0.0001884375,7.37e-05,0.0001884375,7.37e-05,0.391111111111111,0.25125,0.0982666666666667,25.125,9.82666666666667
"YEP1B_U3","Dry","Unburned DOM",21.0014333333333,8.63,2.598,0.00075,0.0001885,0.000187174,0.0001885,0.000187174,0.992965517241379,0.251333333333333,0.249565333333333,25.1333333333333,24.9565333333333
"YEP1C_U4","Dry","Unburned DOM",21.91855,8.69,2.665,0.00075,0.00018828125,7.44e-05,0.00018828125,7.44e-05,0.395153526970954,0.251041666666667,0.0992,25.1041666666667,9.92
"YEP1C_U5","Dry","Unburned DOM",19.91885,8.876,2.758,0.00075,0.0001911875,9.44e-05,0.0001911875,9.44e-05,0.49375612945407,0.254916666666667,0.125866666666667,25.4916666666667,12.5866666666667
"YEP2A_S1","Wet","Control (No DOM)",47.9214,4.98,0.061,0,0.00015371875,0.000269815,0.00015371875,0.000269815,1.7552510672901,NA,NA,NA,NA
"YEP2B_S3","Wet","Control (No DOM)",8.00071666666668,6.106,2.755,0,0.00010471875,0.000334049,0.00010471875,0.000334049,3.18996359295733,NA,NA,NA,NA
"YEP2C_S4","Wet","Control (No DOM)",9.9177,6.307,2.677,0,0.0001134375,0.000265036,0.0001134375,0.000265036,2.33640550964187,NA,NA,NA,NA
"YEP2C_S5","Wet","Control (No DOM)",9.91768333333333,6.593,2.744,0,0.00012028125,0.000261317,0.00012028125,0.000261317,2.17254975318265,NA,NA,NA,NA
"YEP2A_H1","Wet","High Severity DOM",32.91965,4.375,0.061,0.00075,0.0001348125,0.000243768,0.0001348125,0.000243768,1.80820027816412,0.17975,0.325024,17.975,32.5024
"YEP2A_H2","Wet","High Severity DOM",31.9199333333333,5.467,0.059,0.00075,0.000169,0.000240286,0.000169,0.000240286,1.42181065088757,0.225333333333333,0.320381333333333,22.5333333333333,32.0381333333333
"YEP2B_H3","Wet","High Severity DOM",10.0008166666667,5.462,1.786,0.00075,0.000114875,0.000258594,0.000114875,0.000258594,2.25109031556039,0.153166666666667,0.344792,15.3166666666667,34.4792
"YEP2C_H4","Wet","High Severity DOM",13.8346,6.734,2.496,0.00075,0.0001324375,0.000212727,0.0001324375,0.000212727,1.60624445493157,0.176583333333333,0.283636,17.6583333333333,28.3636
"YEP2C_H5","Wet","High Severity DOM",9.9175,6.307,2.639,0.00075,0.000114625,0.000228362,0.000114625,0.000228362,1.99225299890949,0.152833333333333,0.304482666666667,15.2833333333333,30.4482666666667
"YEP2A_U1","Wet","Unburned DOM",40.9204166666667,4.237,0.048,0.00075,0.00013090625,0.000287146,0.00013090625,0.000287146,2.19352399140606,0.174541666666667,0.382861333333333,17.4541666666667,38.2861333333333
"YEP2A_U2","Wet","Unburned DOM",14.9178666666667,5.268,0.49,0.00075,0.0001493125,0.000261437,0.0001493125,0.000261437,1.75093846797823,0.199083333333333,0.348582666666667,19.9083333333333,34.8582666666667
"YEP2B_U3","Wet","Unburned DOM",9.0006,5.268,1.503,0.00075,0.00011765625,0.000277415,0.00011765625,0.000277415,2.3578432934927,0.156875,0.369886666666667,15.6875,36.9886666666667
"YEP2C_U4","Wet","Unburned DOM",10.9176,7.033,2.647,0.00075,0.0001370625,0.000266153,0.0001370625,0.000266153,1.94183675330597,0.18275,0.354870666666667,18.275,35.4870666666667
"YEP2C_U5","Wet","Unburned DOM",9.83449999999999,6.587,2.675,0.00075,0.00012225,0.000256192,0.00012225,0.000256192,2.09564008179959,0.163,0.341589333333333,16.3,34.1589333333333
