File_Name,File_Description,Standard,Header_Rows,Column_or_Row_Name_Position,Join_By_Field,File_Path
v2_readme_YEP.pdf,Data package level readme. Contains data package summary; acknowledgements; and contact information.,N/A,-9999,-9999,N/A,/
v2_YEP_flmd.csv,File-level metadata that lists and describes all of the files contained in the data package.,ESS-DIVE FLMD v1; ESS-DIVE CSV v1,1,1,File_Name,/
v2_YEP_dd.csv,"Data dictionary that defines column and row headers across all tabular data files (files ending in "".csv"" or "".tsv"") in the data package.",ESS-DIVE FLMD v1; ESS-DIVE CSV v1,1,1,Column_or_Row_Name,/
YEP1_EnvContext.jpg,Field photos to show the environmental context of the YEP1 (dry) sample collection location.,N/A,-9999,-9999,N/A,/
YEP2_EnvContext.jpg,Field photos to show the environmental context of the YEP2 (wet) sample collection location.,N/A,-9999,-9999,N/A,/
YEP_Field_Metadata.csv,Metadata for each set of samples collected at a given point in space and time. Each row generally refers to the sediment collected as the source material for the incubation experiment. The metadata file provides accompanying information captured in the field (i.e. coordinates; date; turbidity; water color; weather; etc.).,ESS-DIVE CSV v1,1,1,Parent_ID,/
YEP_Field_Protocol.pdf,Step-by-step instructions used to complete the sampling in the field.,N/A,-9999,-9999,N/A,/
YEP_Metadata_IGSN_Mapping.csv,File that maps between sample names and registered International Generic Sample Numbers (IGSNs). Includes metadata required by Environmental System Science Data Infrastructure for a Virtual Ecosystem (ESS-DIVE) Reporting Format for Sample ID and Metadata (Damerow et al. 2020). Some fields are repeated from the field metadata. In compliance with the ESS-DIVE Location Metadata Reporting Format (Crystal-Ornelas et al. 2022) the Submission_Contact_Name; Submission_Contact_Email; Location_ID; Description; Latitude; and Longitude can all be found in the Dataset Metadata associated with this data package (and found on the ESS-DIVE landing page). The Location_ID; Latitude; and Longitude can also be found in this file as Locality; Latitude; and Longitude; respectively. There is no separate file associated with the ESS-DIVE Location Metadata Reporting Format.,ESS-DIVE Sample v1; ESS-DIVE CSV v1,1,1,Sample_Name,/
v2_YEP_Sample_Name_Metadata.csv,"Sample metadata file containing sample names and experimental parameters for all samples. Each row represents a unique sample with associated categorical descriptors including material type, sampling conditions, experimental treatments, and analytical methods. This file functions as a sample inventory, connecting sample identifiers to their experimental conditions and enabling integration for analysis. Note that there are more samples listed than are included in this data package.",ESS-DIVE CSV v1,1,1,Sample_Name,/
YEP_Sediment_FTICR_Methods.csv,"Fourier-transform ion cyclotron resonance mass spectrometer (FTICR-MS) methods information embedded with method codes that are defined in file ending in ""Methods_Codes.csv"". Data and instructions can be found in the FTICR folder; see readme for more details. The file follows the Environmental System Science Data Infrastructure for a Virtual Ecosystem (ESS-DIVE) Reporting Format for Soil; Sediment; and Water Chemistry data (Boye et al. 2022).",ESS-DIVE Water-Soil-Sediment Chem v1; ESS-DIVE CSV v1,12,1,Sample_Name,/v2_YEP_Sample_Data
YEP_Sediment_Gravimetric_Moisture.csv,Gravimetric moisture from sediment samples. Methods information is embedded with methods codes that are defined in *_Methods_Codes.csv. The file follows the Environmental System Science Data Infrastructure for a Virtual Ecosystem (ESS-DIVE) Reporting Format for Soil; Sediment; and Water Chemistry data (Boye et al. 2022).,ESS-DIVE Water-Soil-Sediment Chem v1; ESS-DIVE CSV v1,12,1,Sample_Name,/v2_YEP_Sample_Data
YEP_Sediment_Incubations_Respiration_Rates.csv,"Respiration rates calculated from time series dissolved oxygen data measured from laboratory incubations of sediment. Methods information is embedded with methods codes that are defined in the file ending in ""Methods_Codes.csv"". The file follows the Environmental System Science Data Infrastructure for a Virtual Ecosystem (ESS-DIVE) Reporting Format for Soil; Sediment; and Water Chemistry data (Boye et al. 2022). ",ESS-DIVE Water-Soil-Sediment Chem v1; ESS-DIVE CSV v1,12,1,Sample_Name,/v2_YEP_Sample_Data
YEP_Sediment_Ions.csv,"Ion data from sediment samples. Methods information is embedded with methods codes that are defined in ""Methods_Codes.csv"". The file follows the Environmental System Science Data Infrastructure for a Virtual Ecosystem (ESS-DIVE) Reporting Format for Soil; Sediment; and Water Chemistry data (Boye et al. 2022).",ESS-DIVE Water-Soil-Sediment Chem v1; ESS-DIVE CSV v1,12,1,Sample_Name,/v2_YEP_Sample_Data
YEP_Sediment_NPOC_TN.csv,Dissolved organic carbon (DOC; reported as non-purgeable organic carbon; NPOC) and total nitrogen (TN). Methods information is embedded with methods codes that are defined in *_Methods_Codes.csv. The file follows the Environmental System Science Data Infrastructure for a Virtual Ecosystem (ESS-DIVE) Reporting Format for Soil; Sediment; and Water Chemistry data (Boye et al. 2022).,ESS-DIVE Water-Soil-Sediment Chem v1; ESS-DIVE CSV v1,12,1,Sample_Name,/v2_YEP_Sample_Data
YEP_Sediment_Respiration_Raw_Dissolved_Oxygen_Temperature.csv,Time series dissolved oxygen data from incubation. Methods information is embedded with methods codes that are defined in *_Methods_Codes.csv. The file follows the Environmental System Science Data Infrastructure for a Virtual Ecosystem (ESS-DIVE) Reporting Format for Soil; Sediment; and Water Chemistry data (Boye et al. 2022).,ESS-DIVE Water-Soil-Sediment Chem v1; ESS-DIVE CSV v1,12,1,Sample_Name,/v2_YEP_Sample_Data
YEP_Sediment_Water_Mass_Volume.csv,"Field moist sediment mass; dry sediment mass; water mass; and field moist sediment volume in incubation and sediment vials. The data from samples with ""INC"" in the sample name were used to normalize the respiration data. The data from samples with ""SED"" in the sample name were used to normalize the sediment NPOC/TN data. Methods information is embedded with methods codes that are defined in *_Methods_Codes.csv. The file follows the Environmental System Science Data Infrastructure for a Virtual Ecosystem (ESS-DIVE) Reporting Format for Soil; Sediment; and Water Chemistry data (Boye et al. 2022).",ESS-DIVE Water-Soil-Sediment Chem v1; ESS-DIVE CSV v1,12,1,Sample_Name,/v2_YEP_Sample_Data
v2_YEP_Methods_Codes.csv,"Definitions of methods codes used in sample data files. The file follows the Environmental System Science Data Infrastructure for a Virtual Ecosystem (ESS-DIVE) Reporting Format for Soil, Sediment, and Water Chemistry data (Boye et al. 2022).",ESS-DIVE Water-Soil-Sediment Chem v1; ESS-DIVE CSV v1,1,1,Method_ID,/v2_YEP_Sample_Data
v2_YEP_Sediment_CO2_CH4_N2O.csv,"Partial pressure and production rate of carbon dioxide (CO2), methane (CH4), and nitrous oxide (N20) from headspace equilibrated gas sample post-incubation. Methods information is embedded with methods codes that are defined in ""Methods_Codes.csv"". The file follows the Environmental System Science Data Infrastructure for a Virtual Ecosystem (ESS-DIVE) Reporting Format for Soil; Sediment; and Water Chemistry data (Boye et al. 2022).",ESS-DIVE Water-Soil-Sediment Chem v1; ESS-DIVE CSV v1,12,1,Sample_Name,/v2_YEP_Sample_Data
YEP_Sediment_CoreMS_Processed_ICR_Calibration.csv,Combined CoreMS calibration outputs (.cal files) across all sediment samples. This data is processed from .xml files.,ESS-DIVE CSV v1,1,1,Sample_Name,/v2_YEP_Sample_Data/FTICR
YEP_Sediment_CoreMS_Processed_ICR_Data.csv,"Processed FTICR-MS mass-by-sample data from sediment extract samples. The first column contains calibrated masses. The following columns are samples. Each row is a peak intensity with values higher than zero indicating the peak is present in that sample. Use the ""Calibrated_Mass"" column to merge data with the mol files. This data is processed from .xml files.",ESS-DIVE CSV v1,1,1,Calibrated_Mass,/v2_YEP_Sample_Data/FTICR
YEP_Sediment_CoreMS_Processed_ICR_Mol.csv,"Processed FTICR-MS data containing molecular information describing each mass value for both sediment and water samples in the files ending in ""CoreMS_Processed_ICR_Data.csv"". Use the ""Calibrated_Mass"" column to merge molecular properties with the data files. This data is processed from .xml files.",ESS-DIVE CSV v1,1,1,Calibrated_Mass,/v2_YEP_Sample_Data/FTICR
CoreMS_MergeProcess.Rmd,"R markdown that combines CoreMS outputs (.corems.csv files) contained in a specified directory. Additionally, this markdown will run ftmsRanalysis to calculate additional molecular information and Song et al lambda calculation. See ""Instructions_for_Processing_FTICR_Data_using_CoreMS.pdf"" for more details.",N/A,-9999,-9999,N/A,/v2_YEP_Sample_Data/FTICR/FTICR_Instructions
CoreMS_Runner.py,"Python script used to run the CoreMS workflow and generates CoreMS outputs. See ""Instructions_for_Processing_FTICR_Data_using_CoreMS.pdf"" for more details.",N/A,-9999,-9999,N/A,/v2_YEP_Sample_Data/FTICR/FTICR_Instructions
Format_CoreMS_Outputs.R,R script that formats files from CoreMS outputs into ESS-DIVE CSV reporting format compliant files. This script is provided for traceability.,N/A,-9999,-9999,N/A,/v2_YEP_Sample_Data/FTICR/FTICR_Instructions
Instructions_for_Processing_FTICR_Data_using_CoreMS.pdf,Instructions for processing FTICR-MS data using the RC-SFA CoreMS pipeline.,N/A,-9999,-9999,N/A,/v2_YEP_Sample_Data/FTICR/FTICR_Instructions
getLambda.R,R script for the lambda calculation from Song et al 2020 (https://doi.org/10.3389/fmicb.2020.531756). Modified from https://github.com/hyunseobsong/lambda.,N/A,-9999,-9999,N/A,/v2_YEP_Sample_Data/FTICR/FTICR_Instructions
YEP_*.corems.cal,"CoreMS mass calibration file. This data is processed from .xml files. The asterisk * indicates the sample name, followed by the ion accumulation time (IAT). The ""p"" in the IAT indicates the decimal point (i.e. p01 indicates an IAT of 0.1 and 1p2 indicates an IAT of 1.2). FTICR methods information can be found in the file ending in ""FTICR_Methods.csv"" and the file ending in ""Methods_Codes.csv"". See the FTICR_Instructions folder and readme for more details.",N/A,-9999,-9999,N/A,/v2_YEP_Sample_Data/FTICR/Sediment_CoreMS_Output_Files
YEP_*.corems.csv,"CoreMS output FTICR-MS files. This data is processed from .xml files. The asterisk * indicates the sample name, followed by the ion accumulation time (IAT). The ""p"" in the IAT indicates the decimal point (i.e. p01 indicates an IAT of 0.1 and 1p2 indicates an IAT of 1.2). FTICR methods information can be found in the file ending in ""FTICR_Methods.csv"" and the file ending in ""Methods_Codes.csv"". See the FTICR_Instructions folder and readme for more details.",ESS-DIVE CSV v1,1,1,Calibrated_Mass,/v2_YEP_Sample_Data/FTICR/Sediment_CoreMS_Output_Files
YEP_(.corems.json,"CoreMS setting used at time of analysis. This data is processed from .xml files. The asterisk * indicates the sample name, followed by the ion accumulation time (IAT). The ""p"" in the IAT indicates the decimal point (i.e. p01 indicates an IAT of 0.1 and 1p2 indicates an IAT of 1.2). FTICR methods information can be found in the file ending in ""FTICR_Methods.csv"" and the file ending in ""Methods_Codes.csv"". See the FTICR_Instructions folder and readme for more details.",N/A,-9999,-9999,N/A,/v2_YEP_Sample_Data/FTICR/Sediment_CoreMS_Output_Files
YEP_MeOH_blank-*.corems.cal,"Raw FTICR-MS instrument files for process blanks. This data is processed from .xml files. The asterisk * indicates the blank number, followed by the ion accumulation time (IAT). The ""p"" in the IAT indicates the decimal point (i.e. p01 indicates an IAT of 0.1 and 1p2 indicates an IAT of 1.2). FTICR methods information can be found in the file ending in ""FTICR_Methods.csv"" and the file ending in ""Methods_Codes.csv"". See the FTICR_Instructions folder and readme for more details.",N/A,-9999,-9999,N/A,/v2_YEP_Sample_Data/FTICR/Sediment_CoreMS_Output_Files
YEP_MeOH_blank-*.corems.csv,"CoreMS output FTICR-MS files for blank samples. This data is processed from .xml files. The asterisk * indicates the blank number, followed by the ion accumulation time (IAT). The ""p"" in the IAT indicates the decimal point (i.e. p01 indicates an IAT of 0.1 and 1p2 indicates an IAT of 1.2). FTICR methods information can be found in the file ending in ""FTICR_Methods.csv"" and the file ending in ""Methods_Codes.csv"". See the FTICR_Instructions folder and readme for more details.",ESS-DIVE CSV v1,1,1,Calibrated_Mass,/v2_YEP_Sample_Data/FTICR/Sediment_CoreMS_Output_Files
YEP_MeOH_blank-*.corems.json,"CoreMS setting used at time of analysis from blank samples. This data is processed from .xml files. The asterisk * indicates the blank number, followed by the ion accumulation time (IAT). The ""p"" in the IAT indicates the decimal point (i.e. p01 indicates an IAT of 0.1 and 1p2 indicates an IAT of 1.2). FTICR methods information can be found in the file ending in ""FTICR_Methods.csv"" and the file ending in ""Methods_Codes.csv"". See the FTICR_Instructions folder and readme for more details.",N/A,-9999,-9999,N/A,/v2_YEP_Sample_Data/FTICR/Sediment_CoreMS_Output_Files
YEP_*.xml,"Raw FTICR-MS instrument files that have been preprocessed (i.e., peak picked) in Bruker. This data is processed from .xml files. The asterisk * indicates the sample name, followed by the ion accumulation time (IAT). The ""p"" in the IAT indicates the decimal point (i.e. p01 indicates an IAT of 0.1 and 1p2 indicates an IAT of 1.2). FTICR methods information can be found in the file ending in ""FTICR_Methods.csv"" and the file ending in ""Methods_Codes.csv"". See the FTICR_Instructions folder and readme for more details.",N/A,-9999,-9999,N/A,/v2_YEP_Sample_Data/FTICR/Sediment_XML_Files
YEP_MeOH_blank-*.xml,"Raw Fourier-transform ion cyclotron resonance mass spectrometer (FTICR-MS) instrument files from blank samples. This data is processed from .xml files. The asterisk * indicates the blank number, followed by the ion accumulation time (IAT). The ""p"" in the IAT indicates the decimal point (i.e. p01 indicates an IAT of 0.1 and 1p2 indicates an IAT of 1.2). FTICR methods information can be found in the file ending in ""FTICR_Methods.csv"" and the file ending in ""Methods_Codes.csv"". See the FTICR_Instructions folder and readme for more details.",N/A,-9999,-9999,N/A,/v2_YEP_Sample_Data/FTICR/Sediment_XML_Files
YEP_Calculate_Normalized_Respiration.R,The R code used to calculate normalized respiration rates.,N/A,-9999,-9999,N/A,/v2_YEP_Sample_Data/RespirationRateCalculation
YEP_Calculate_Respiration.R,The R code used to calculate respiration rates from the time series dissolved oxygen data.,N/A,-9999,-9999,N/A,/v2_YEP_Sample_Data/RespirationRateCalculation
YEP_Sediment_Incubations_DO_vs_Incubation_Time_Plots.pdf,Plots of time series dissolved oxygen data and incubation time.,N/A,-9999,-9999,N/A,/v2_YEP_Sample_Data/RespirationRateCalculation
