"Sample_Name","Respiration_Rate_mg_DO_per_L_per_H","Respiration_R_Squared","Respiration_R_Squared_Adj","Respiration_p_value","Total_Incubation_Time_Min","Number_Points_In_Respiration_Regression","Number_Points_Removed_Respiration_Regression","DO_Concentration_At_Incubation_Time_Zero","Methods_Deviation"
"YEP2A_INC-S2",-28.42,1,1,0,3.75,46,182,5.77,"N/A"
"YEP1A_INC-S2",-12,1,1,0,6.83,83,481,7.41,"N/A"
"YEP1A_INC-S1",-13.86,1,1,0,4.5,55,497,7.45,"N/A"
"YEP2A_INC-S1",-30.45,1,1,0,2.67,33,591,4.98,"N/A"
"YEP2A_INC-U1",-40.72,0.98,0.98,0,2.83,35,535,6.06,"N/A"
"YEP2A_INC-H1",-26.47,1,1,0,4.25,52,434,5.98,"N/A"
"YEP2A_INC-U2",-25.65,1,1,0,3.67,45,183,5.27,"N/A"
"YEP1A_INC-U1",-15.16,1,1,0,4,49,311,8.06,"N/A"
"YEP1A_INC-H2",-12.3,1,1,0,4.83,59,661,8.16,"N/A"
"YEP2A_INC-H2",-26.45,1,1,0,3.58,44,388,5.47,"N/A"
"YEP_INC-WU2",0.04,0.97,0.97,0,298.35,3581,835,8.44,"N/A"
"YEP_INC-WS1",-0.17,0.83,0.83,0,36.17,435,3945,8.7,"N/A"
"YEP_INC-WH1",-0.16,0.78,0.78,0,27.17,327,4005,8.63,"N/A"
"YEP1B_INC-S3",-14.09,1,1,0,3.67,45,280,8.2,"N/A"
"YEP_INC-WU1",-0.22,0.8,0.8,0,29.25,352,3956,8.89,"N/A"
"YEP2B_INC-U3",-30,1,1,0,3.34,41,116,5.27,"N/A"
"YEP2B_INC-H3",-25.56,1,1,0,3.92,48,121,5.46,"N/A"
"YEP1B_INC-U3",-16.38,1,1,0,3.92,48,253,8.63,"N/A"
"YEP1B_INC-H3",-18.95,1,1,0,3.33,41,211,7.81,"N/A"
"YEP1B_INC-U2",-17.7,1,1,0,15.67,189,112,8.48,"N/A"
"YEP2B_INC-S3",-29,1,1,0,3.33,41,104,6.11,"N/A"
"YEP1B_INC-H1",-13.62,1,1,0,1.58,20,316,8.56,"N/A"
"YEP_INC-WS2",-0.13,0.81,0.81,0,40.51,487,3917,8.67,"N/A"
"YEP_INC-WH2",-0.14,0.8,0.8,0,33.09,398,3946,8.63,"N/A"
"YEP1C_INC-H4",-17.3,1,1,0,2.08,26,262,8.58,"N/A"
"YEP1C_INC-U4",-16.16,1,1,0,3.17,39,273,8.69,"N/A"
"YEP1C_INC-U5",-16.81,1,1,0,2.83,35,253,8.88,"N/A"
"YEP2C_INC-S4",-25.18,1,1,0,4.33,53,115,6.31,"N/A"
"YEP1C_INC-H5",-17.35,1,1,0,13.83,167,73,7.35,"N/A"
"YEP2C_INC-H5",-25.8,1,1,0,3.83,47,121,6.31,"N/A"
"YEP1C_INC-S4",-14.38,1,1,0,7.5,91,233,8.07,"N/A"
"YEP1C_INC-S5",-14.64,1,1,0,4.25,52,260,8.6,"N/A"
"YEP2C_INC-U4",-28.13,1,1,0,4.5,55,125,7.03,"N/A"
"YEP2C_INC-U5",-27.71,1,1,0,4.08,50,118,6.59,"N/A"
"YEP2C_INC-H4",-21.47,1,1,0,5.5,67,149,6.73,"N/A"
"YEP2C_INC-S5",-26.56,1,1,0,4.33,53,115,6.55,"N/A"
