Sample_Name,Sediment_Type,Treatment,Dry_Sediment_Mass_g,Water_Mass_g,L_water_per_kg,Vmax_plot,kL_plot,Measured_plot
YEP1A_INC-H2,Dry Sediments,High Burn + DOC,10.2596,30.4104,2.9640921673359584,44.224314373405186,0,36.45833365823229
YEP1A_INC-S1,Dry Sediments,Control,10.4712,30.4188,2.9049965619986247,44.60225087678648,0,40.263252349300934
YEP1A_INC-S2,Dry Sediments,Control,10.0385,30.4015,3.0284903122976536,41.85575959363726,0,36.34188374757184
YEP1A_INC-U1,Dry Sediments,Unburned + DOC,10.7596,30.4304,2.828209227108814,51.21629039134302,0,42.87565188296962
YEP1B_INC-H1,Dry Sediments,High Burn + DOC,9.2024,30.3681,3.300019560114752,53.43683477366816,0,44.946266408762924
YEP1B_INC-H3,Dry Sediments,High Burn + DOC,10.0119,30.4005,3.0364366403979264,61.256729825320946,0,57.5404743355407
YEP1B_INC-S3,Dry Sediments,Control,10.1401,30.4056,2.998550310154732,47.99498812451583,0,42.24957387008017
YEP1B_INC-U2,Dry Sediments,Unburned + DOC,9.7119,30.3885,3.1289963858771195,55.61372949518084,0.21935636361167601,55.38323603002501
YEP1B_INC-U3,Dry Sediments,Unburned + DOC,10.3641,30.4146,2.934610820042261,52.76903039001029,0,48.06892523229223
YEP1C_INC-H4,Dry Sediments,High Burn + DOC,10.0044,30.4002,3.038682979489025,58.28308551145602,0,52.569215545160134
YEP1C_INC-H5,Dry Sediments,High Burn + DOC,9.9662,30.3987,3.0501796070719025,54.982609633832084,0,52.920616182697515
YEP1C_INC-S4,Dry Sediments,Control,9.4465,30.3779,3.215783623564283,49.130766938861576,0,46.24296850685439
YEP1C_INC-S5,Dry Sediments,Control,10.1333,30.4053,3.000532896489791,52.23409008406513,0,43.92780160461054
YEP1C_INC-U4,Dry Sediments,Unburned + DOC,10.0779,30.4031,3.016809057442523,51.83021552315419,0,48.75163436827117
YEP1C_INC-U5,Dry Sediments,Unburned + DOC,10.2784,30.4111,2.958738714196762,57.434074749775014,0,49.73639778564757
YEP2A_INC-H1,Wet Sediments,High Burn + DOC,14.1633,36.6567,2.58814683018788,31.12427766733329,7.154868064739336,68.50824659507317
YEP2A_INC-H2,Wet Sediments,High Burn + DOC,14.0408,36.5992,2.606632100735001,31.213185853640873,7.6529726152250825,68.94541906444077
YEP2A_INC-S1,Wet Sediments,Control,13.4762,36.3338,2.696145797776821,31.968901578995595,10.720159162699243,82.0976395423042
YEP2A_INC-S2,Wet Sediments,Control,13.6735,36.4265,2.664021647712729,32.350813956914436,8.703161962578422,75.71149522799577
YEP2A_INC-U1,Wet Sediments,Unburned + DOC,13.4082,36.3018,2.707432765024388,28.932178217951822,13.97164629835359,110.24666219179308
YEP2A_INC-U2,Wet Sediments,Unburned + DOC,13.966,36.564,2.6180724616926825,35.08050320883065,7.231981227186122,67.15355864241731
YEP2B_INC-H3,Wet Sediments,High Burn + DOC,14.7227,36.9196,2.5076650342668128,32.15292963778829,7.123448072562883,64.09591827585973
YEP2B_INC-S3,Wet Sediments,Control,14.2743,36.7089,2.5716777705386606,22.537129306355084,9.95539899726469,74.57865534562116
YEP2B_INC-U3,Wet Sediments,Unburned + DOC,14.6663,36.8932,2.515508342254011,34.23808779546241,9.606227004064957,75.46525026762033
YEP2C_INC-H4,Wet Sediments,High Burn + DOC,12.481,35.866,2.8736479448762124,23.736736649873613,6.6715974819487665,61.69722137649228
YEP2C_INC-H5,Wet Sediments,High Burn + DOC,14.4603,36.7963,2.544642918888267,23.77022281462347,7.664415259321016,65.65178730731729
YEP2C_INC-S4,Wet Sediments,Control,14.1651,36.6576,2.587881483364043,22.7620407314341,8.025988028118295,65.1628557511066
YEP2C_INC-S5,Wet Sediments,Control,13.9882,36.5745,2.6146680773795055,24.006876797073918,8.333806476221513,69.44558413519967
YEP2C_INC-U4,Wet Sediments,Unburned + DOC,13.912,36.5386,2.626408855664175,25.564033559628065,8.228970652158898,73.88088110983324
YEP2C_INC-U5,Wet Sediments,Unburned + DOC,14.014,36.5866,2.6107178535749966,23.89272394784347,8.706335974412097,72.34299172256316
