"Comparison","Effect_Size","Effect_Type","Interpretation"
"PyOM vs Control (Dry Sediments)",1.10073634134063,"Cohen's d","Large"
"PyOM vs Control (Wet Sediments)",1.76635621340567,"Cohen's d","Large"
"Unburned DOM vs Control (Dry Sediments)",1.73628806058818,"Cohen's d","Large"
"Unburned DOM vs Control (Wet Sediments)",0.070355404476775,"Cohen's d","Negligible"
"Combined DOC vs Control (Dry Sediments)",1.26714526766102,"Cohen's d","Large"
"Combined DOC vs Control (Wet Sediments)",0.700901320158474,"Cohen's d","Medium"
"Sediment Type (Main Effect)",0.84399473333696,"Eta squared","Large"
"DOC Treatment (Main Effect)",0.165116122802944,"Eta squared","Large"
"Sediment × DOC (Interaction)",0.331453527116637,"Eta squared","Large"
