Sample_Name,Distance_To_Centroid,Group
YEP1A_SIR-H2,0.35230422635732517,Dry
YEP1A_SIR-S1,0.4907764907065573,Dry
YEP1A_SIR-S2,0.29487295789417634,Dry
YEP1A_SIR-U1,0.47301927950902073,Dry
YEP1B_SIR-H1,0.4211288428242197,Dry
YEP1B_SIR-H3,0.5383677730949072,Dry
YEP1B_SIR-S3,0.26140259654772446,Dry
YEP1B_SIR-U2,0.27965490374348645,Dry
YEP1B_SIR-U3,0.29310216558816604,Dry
YEP1C_SIR-H4,0.2787074336500042,Dry
YEP1C_SIR-H5,0.2815606226125026,Dry
YEP1C_SIR-S4,0.3041543580820615,Dry
YEP1C_SIR-S5,0.5115298077180369,Dry
YEP1C_SIR-U4,0.25855394887003585,Dry
YEP1C_SIR-U5,0.28290462738241495,Dry
YEP2A_SIR-H2,0.35299990100636397,Wet
YEP2A_SIR-S1,0.455454798874964,Wet
YEP2A_SIR-S2,0.5321123350499403,Wet
YEP2A_SIR-U2,0.30241644555984765,Wet
YEP2B_SIR-H3,0.3382988708056382,Wet
YEP2B_SIR-S3,0.396944899775579,Wet
YEP2B_SIR-U3,0.31040313668228803,Wet
YEP2C_SIR-H4,0.5382362800004051,Wet
YEP2C_SIR-H5,0.3561919397233457,Wet
YEP2C_SIR-S4,0.7557188355669853,Wet
YEP2C_SIR-S5,0.7466130222187454,Wet
YEP2C_SIR-U4,0.26964682903586196,Wet
YEP2C_SIR-U5,0.2984171800189617,Wet
