Sample_Name,Sample_Type,Sample_Material,Sediment_Field_Moisture_Conditions,Incubation_Day,Treatment,Analysis,Replicate_Identifier,Moisture,join_key
YEP1A_SIR-H2,Subsample,Aqueous sample post-incubation (treatment solution and sediment),Dry,Day_1,High Burn + DOC,Fourier-transform ion cyclotron resonance mass spectrometry (FTICR-MS),2,Dry,High Burn + DOC|Dry|Day_1|2
YEP1A_SIR-S1,Subsample,Aqueous sample post-incubation (treatment solution and sediment),Dry,Day_1,Control,Fourier-transform ion cyclotron resonance mass spectrometry (FTICR-MS),1,Dry,Control|Dry|Day_1|1
YEP1A_SIR-S2,Subsample,Aqueous sample post-incubation (treatment solution and sediment),Dry,Day_1,Control,Fourier-transform ion cyclotron resonance mass spectrometry (FTICR-MS),2,Dry,Control|Dry|Day_1|2
YEP1A_SIR-U1,Subsample,Aqueous sample post-incubation (treatment solution and sediment),Dry,Day_1,Unburned + DOC,Fourier-transform ion cyclotron resonance mass spectrometry (FTICR-MS),1,Dry,Unburned + DOC|Dry|Day_1|1
YEP1B_SIR-H1,Subsample,Aqueous sample post-incubation (treatment solution and sediment),Dry,Day_2,High Burn + DOC,Fourier-transform ion cyclotron resonance mass spectrometry (FTICR-MS),1,Dry,High Burn + DOC|Dry|Day_2|1
YEP1B_SIR-H3,Subsample,Aqueous sample post-incubation (treatment solution and sediment),Dry,Day_2,High Burn + DOC,Fourier-transform ion cyclotron resonance mass spectrometry (FTICR-MS),3,Dry,High Burn + DOC|Dry|Day_2|3
YEP1B_SIR-S3,Subsample,Aqueous sample post-incubation (treatment solution and sediment),Dry,Day_2,Control,Fourier-transform ion cyclotron resonance mass spectrometry (FTICR-MS),3,Dry,Control|Dry|Day_2|3
YEP1B_SIR-U2,Subsample,Aqueous sample post-incubation (treatment solution and sediment),Dry,Day_2,Unburned + DOC,Fourier-transform ion cyclotron resonance mass spectrometry (FTICR-MS),2,Dry,Unburned + DOC|Dry|Day_2|2
YEP1B_SIR-U3,Subsample,Aqueous sample post-incubation (treatment solution and sediment),Dry,Day_2,Unburned + DOC,Fourier-transform ion cyclotron resonance mass spectrometry (FTICR-MS),3,Dry,Unburned + DOC|Dry|Day_2|3
YEP1C_SIR-H4,Subsample,Aqueous sample post-incubation (treatment solution and sediment),Dry,Day_3,High Burn + DOC,Fourier-transform ion cyclotron resonance mass spectrometry (FTICR-MS),4,Dry,High Burn + DOC|Dry|Day_3|4
YEP1C_SIR-H5,Subsample,Aqueous sample post-incubation (treatment solution and sediment),Dry,Day_3,High Burn + DOC,Fourier-transform ion cyclotron resonance mass spectrometry (FTICR-MS),5,Dry,High Burn + DOC|Dry|Day_3|5
YEP1C_SIR-S4,Subsample,Aqueous sample post-incubation (treatment solution and sediment),Dry,Day_3,Control,Fourier-transform ion cyclotron resonance mass spectrometry (FTICR-MS),4,Dry,Control|Dry|Day_3|4
YEP1C_SIR-S5,Subsample,Aqueous sample post-incubation (treatment solution and sediment),Dry,Day_3,Control,Fourier-transform ion cyclotron resonance mass spectrometry (FTICR-MS),5,Dry,Control|Dry|Day_3|5
YEP1C_SIR-U4,Subsample,Aqueous sample post-incubation (treatment solution and sediment),Dry,Day_3,Unburned + DOC,Fourier-transform ion cyclotron resonance mass spectrometry (FTICR-MS),4,Dry,Unburned + DOC|Dry|Day_3|4
YEP1C_SIR-U5,Subsample,Aqueous sample post-incubation (treatment solution and sediment),Dry,Day_3,Unburned + DOC,Fourier-transform ion cyclotron resonance mass spectrometry (FTICR-MS),5,Dry,Unburned + DOC|Dry|Day_3|5
YEP2A_SIR-H2,Subsample,Aqueous sample post-incubation (treatment solution and sediment),Wet,Day_1,High Burn + DOC,Fourier-transform ion cyclotron resonance mass spectrometry (FTICR-MS),2,Wet,High Burn + DOC|Wet|Day_1|2
YEP2A_SIR-S1,Subsample,Aqueous sample post-incubation (treatment solution and sediment),Wet,Day_1,Control,Fourier-transform ion cyclotron resonance mass spectrometry (FTICR-MS),1,Wet,Control|Wet|Day_1|1
YEP2A_SIR-S2,Subsample,Aqueous sample post-incubation (treatment solution and sediment),Wet,Day_1,Control,Fourier-transform ion cyclotron resonance mass spectrometry (FTICR-MS),2,Wet,Control|Wet|Day_1|2
YEP2A_SIR-U2,Subsample,Aqueous sample post-incubation (treatment solution and sediment),Wet,Day_1,Unburned + DOC,Fourier-transform ion cyclotron resonance mass spectrometry (FTICR-MS),2,Wet,Unburned + DOC|Wet|Day_1|2
YEP2B_SIR-H3,Subsample,Aqueous sample post-incubation (treatment solution and sediment),Wet,Day_2,High Burn + DOC,Fourier-transform ion cyclotron resonance mass spectrometry (FTICR-MS),3,Wet,High Burn + DOC|Wet|Day_2|3
YEP2B_SIR-S3,Subsample,Aqueous sample post-incubation (treatment solution and sediment),Wet,Day_2,Control,Fourier-transform ion cyclotron resonance mass spectrometry (FTICR-MS),3,Wet,Control|Wet|Day_2|3
YEP2B_SIR-U3,Subsample,Aqueous sample post-incubation (treatment solution and sediment),Wet,Day_2,Unburned + DOC,Fourier-transform ion cyclotron resonance mass spectrometry (FTICR-MS),3,Wet,Unburned + DOC|Wet|Day_2|3
YEP2C_SIR-H4,Subsample,Aqueous sample post-incubation (treatment solution and sediment),Wet,Day_3,High Burn + DOC,Fourier-transform ion cyclotron resonance mass spectrometry (FTICR-MS),4,Wet,High Burn + DOC|Wet|Day_3|4
YEP2C_SIR-H5,Subsample,Aqueous sample post-incubation (treatment solution and sediment),Wet,Day_3,High Burn + DOC,Fourier-transform ion cyclotron resonance mass spectrometry (FTICR-MS),5,Wet,High Burn + DOC|Wet|Day_3|5
YEP2C_SIR-S4,Subsample,Aqueous sample post-incubation (treatment solution and sediment),Wet,Day_3,Control,Fourier-transform ion cyclotron resonance mass spectrometry (FTICR-MS),4,Wet,Control|Wet|Day_3|4
YEP2C_SIR-S5,Subsample,Aqueous sample post-incubation (treatment solution and sediment),Wet,Day_3,Control,Fourier-transform ion cyclotron resonance mass spectrometry (FTICR-MS),5,Wet,Control|Wet|Day_3|5
YEP2C_SIR-U4,Subsample,Aqueous sample post-incubation (treatment solution and sediment),Wet,Day_3,Unburned + DOC,Fourier-transform ion cyclotron resonance mass spectrometry (FTICR-MS),4,Wet,Unburned + DOC|Wet|Day_3|4
YEP2C_SIR-U5,Subsample,Aqueous sample post-incubation (treatment solution and sediment),Wet,Day_3,Unburned + DOC,Fourier-transform ion cyclotron resonance mass spectrometry (FTICR-MS),5,Wet,Unburned + DOC|Wet|Day_3|5
