Sample_Name,NMDS1,NMDS2,Sample_Type,Sample_Material,Sediment_Field_Moisture_Conditions,Incubation_Day,Treatment,Analysis,Replicate_Identifier,Moisture,join_key
YEP1A_SIR-H2,-0.30451481831647154,0.13474196339445718,Subsample,Aqueous sample post-incubation (treatment solution and sediment),Dry,Day_1,High Burn + DOC,Fourier-transform ion cyclotron resonance mass spectrometry (FTICR-MS),2,Dry,High Burn + DOC|Dry|Day_1|2
YEP1A_SIR-S1,0.7288147354083874,-0.06796446915324411,Subsample,Aqueous sample post-incubation (treatment solution and sediment),Dry,Day_1,Control,Fourier-transform ion cyclotron resonance mass spectrometry (FTICR-MS),1,Dry,Control|Dry|Day_1|1
YEP1A_SIR-S2,-0.09534521762288553,-0.025772923112322075,Subsample,Aqueous sample post-incubation (treatment solution and sediment),Dry,Day_1,Control,Fourier-transform ion cyclotron resonance mass spectrometry (FTICR-MS),2,Dry,Control|Dry|Day_1|2
YEP1A_SIR-U1,0.6941292789160766,-0.06411811082594858,Subsample,Aqueous sample post-incubation (treatment solution and sediment),Dry,Day_1,Unburned + DOC,Fourier-transform ion cyclotron resonance mass spectrometry (FTICR-MS),1,Dry,Unburned + DOC|Dry|Day_1|1
YEP1B_SIR-H1,-0.4693594545595111,0.16734027961629744,Subsample,Aqueous sample post-incubation (treatment solution and sediment),Dry,Day_2,High Burn + DOC,Fourier-transform ion cyclotron resonance mass spectrometry (FTICR-MS),1,Dry,High Burn + DOC|Dry|Day_2|1
YEP1B_SIR-H3,0.8874374146271086,0.007696806874340629,Subsample,Aqueous sample post-incubation (treatment solution and sediment),Dry,Day_2,High Burn + DOC,Fourier-transform ion cyclotron resonance mass spectrometry (FTICR-MS),3,Dry,High Burn + DOC|Dry|Day_2|3
YEP1B_SIR-S3,-0.042991288636870885,0.07043797079938564,Subsample,Aqueous sample post-incubation (treatment solution and sediment),Dry,Day_2,Control,Fourier-transform ion cyclotron resonance mass spectrometry (FTICR-MS),3,Dry,Control|Dry|Day_2|3
YEP1B_SIR-U2,0.0919355861821045,-0.005687644445207848,Subsample,Aqueous sample post-incubation (treatment solution and sediment),Dry,Day_2,Unburned + DOC,Fourier-transform ion cyclotron resonance mass spectrometry (FTICR-MS),2,Dry,Unburned + DOC|Dry|Day_2|2
YEP1B_SIR-U3,-0.1473971797220007,0.07201571159023581,Subsample,Aqueous sample post-incubation (treatment solution and sediment),Dry,Day_2,Unburned + DOC,Fourier-transform ion cyclotron resonance mass spectrometry (FTICR-MS),3,Dry,Unburned + DOC|Dry|Day_2|3
YEP1C_SIR-H4,-0.12387833597998685,0.12222063448225971,Subsample,Aqueous sample post-incubation (treatment solution and sediment),Dry,Day_3,High Burn + DOC,Fourier-transform ion cyclotron resonance mass spectrometry (FTICR-MS),4,Dry,High Burn + DOC|Dry|Day_3|4
YEP1C_SIR-H5,0.20940953280599597,0.09410842678631044,Subsample,Aqueous sample post-incubation (treatment solution and sediment),Dry,Day_3,High Burn + DOC,Fourier-transform ion cyclotron resonance mass spectrometry (FTICR-MS),5,Dry,High Burn + DOC|Dry|Day_3|5
YEP1C_SIR-S4,-0.1799120652481434,-0.02710206446390964,Subsample,Aqueous sample post-incubation (treatment solution and sediment),Dry,Day_3,Control,Fourier-transform ion cyclotron resonance mass spectrometry (FTICR-MS),4,Dry,Control|Dry|Day_3|4
YEP1C_SIR-S5,-0.7509521572909307,0.002308782182463855,Subsample,Aqueous sample post-incubation (treatment solution and sediment),Dry,Day_3,Control,Fourier-transform ion cyclotron resonance mass spectrometry (FTICR-MS),5,Dry,Control|Dry|Day_3|5
YEP1C_SIR-U4,0.1297240701395851,0.027750118535255653,Subsample,Aqueous sample post-incubation (treatment solution and sediment),Dry,Day_3,Unburned + DOC,Fourier-transform ion cyclotron resonance mass spectrometry (FTICR-MS),4,Dry,Unburned + DOC|Dry|Day_3|4
YEP1C_SIR-U5,0.15937793179932597,0.04852297759206721,Subsample,Aqueous sample post-incubation (treatment solution and sediment),Dry,Day_3,Unburned + DOC,Fourier-transform ion cyclotron resonance mass spectrometry (FTICR-MS),5,Dry,Unburned + DOC|Dry|Day_3|5
YEP2A_SIR-H2,0.617748805929876,0.20094855038087994,Subsample,Aqueous sample post-incubation (treatment solution and sediment),Wet,Day_1,High Burn + DOC,Fourier-transform ion cyclotron resonance mass spectrometry (FTICR-MS),2,Wet,High Burn + DOC|Wet|Day_1|2
YEP2A_SIR-S1,-0.168857182176501,-0.459749820997977,Subsample,Aqueous sample post-incubation (treatment solution and sediment),Wet,Day_1,Control,Fourier-transform ion cyclotron resonance mass spectrometry (FTICR-MS),1,Wet,Control|Wet|Day_1|1
YEP2A_SIR-S2,1.1155025290691265,-0.36751330265713106,Subsample,Aqueous sample post-incubation (treatment solution and sediment),Wet,Day_1,Control,Fourier-transform ion cyclotron resonance mass spectrometry (FTICR-MS),2,Wet,Control|Wet|Day_1|2
YEP2A_SIR-U2,0.3725918735726334,-0.05990439270139168,Subsample,Aqueous sample post-incubation (treatment solution and sediment),Wet,Day_1,Unburned + DOC,Fourier-transform ion cyclotron resonance mass spectrometry (FTICR-MS),2,Wet,Unburned + DOC|Wet|Day_1|2
YEP2B_SIR-H3,0.3290054272606799,0.29789275323862324,Subsample,Aqueous sample post-incubation (treatment solution and sediment),Wet,Day_2,High Burn + DOC,Fourier-transform ion cyclotron resonance mass spectrometry (FTICR-MS),3,Wet,High Burn + DOC|Wet|Day_2|3
YEP2B_SIR-S3,0.44623766643722557,-0.39363355464149247,Subsample,Aqueous sample post-incubation (treatment solution and sediment),Wet,Day_2,Control,Fourier-transform ion cyclotron resonance mass spectrometry (FTICR-MS),3,Wet,Control|Wet|Day_2|3
YEP2B_SIR-U3,0.17856934686670453,-0.13011158059395347,Subsample,Aqueous sample post-incubation (treatment solution and sediment),Wet,Day_2,Unburned + DOC,Fourier-transform ion cyclotron resonance mass spectrometry (FTICR-MS),3,Wet,Unburned + DOC|Wet|Day_2|3
YEP2C_SIR-H4,-0.5410122086296144,0.5208730534700594,Subsample,Aqueous sample post-incubation (treatment solution and sediment),Wet,Day_3,High Burn + DOC,Fourier-transform ion cyclotron resonance mass spectrometry (FTICR-MS),4,Wet,High Burn + DOC|Wet|Day_3|4
YEP2C_SIR-H5,0.5597029104332296,0.27373082477941757,Subsample,Aqueous sample post-incubation (treatment solution and sediment),Wet,Day_3,High Burn + DOC,Fourier-transform ion cyclotron resonance mass spectrometry (FTICR-MS),5,Wet,High Burn + DOC|Wet|Day_3|5
YEP2C_SIR-S4,-2.2001190174968364,-0.3786228661733998,Subsample,Aqueous sample post-incubation (treatment solution and sediment),Wet,Day_3,Control,Fourier-transform ion cyclotron resonance mass spectrometry (FTICR-MS),4,Wet,Control|Wet|Day_3|4
YEP2C_SIR-S5,-2.119396242379077,0.0633712877666377,Subsample,Aqueous sample post-incubation (treatment solution and sediment),Wet,Day_3,Control,Fourier-transform ion cyclotron resonance mass spectrometry (FTICR-MS),5,Wet,Control|Wet|Day_3|5
YEP2C_SIR-U4,0.3496383177017586,-0.07088589322100494,Subsample,Aqueous sample post-incubation (treatment solution and sediment),Wet,Day_3,Unburned + DOC,Fourier-transform ion cyclotron resonance mass spectrometry (FTICR-MS),4,Wet,Unburned + DOC|Wet|Day_3|4
YEP2C_SIR-U5,0.2739097409090112,-0.05289351850170882,Subsample,Aqueous sample post-incubation (treatment solution and sediment),Wet,Day_3,Unburned + DOC,Fourier-transform ion cyclotron resonance mass spectrometry (FTICR-MS),5,Wet,Unburned + DOC|Wet|Day_3|5
