"Sample_Name","Treatment_Type","n_points","Initial_DO_mg_per_L","Km_mg_per_L","CB_dimensionless","Dry_Sediment_Mass_g","Water_Volume_mL","Conversion_Factor_L_per_g","Linear_kL_per_h","Linear_Rate_mg_per_L_per_h","Linear_Rate_mg_per_g_per_h","Linear_Rate_mg_per_kg_per_h","Linear_SSR","Linear_AIC","Linear_RMSE_mg_per_L","Linear_Residual_Lag1_AC","Biotic_Vmax_mg_per_L_per_h","Biotic_Vmax_mg_per_g_per_h","Biotic_Vmax_mg_per_kg_per_h","Biotic_Rate_mg_per_L_per_h","Biotic_Rate_mg_per_g_per_h","Biotic_Rate_mg_per_kg_per_h","Biotic_SSR","Biotic_AIC","Biotic_RMSE_mg_per_L","Biotic_Residual_Lag1_AC","Combined_Vmax_mg_per_L_per_h","Combined_Vmax_mg_per_g_per_h","Combined_Vmax_mg_per_kg_per_h","Combined_kL_per_h","Combined_Biotic_Rate_mg_per_L_per_h","Combined_FirstOrder_Rate_mg_per_L_per_h","Combined_Rate_mg_per_L_per_h","Combined_Biotic_Rate_mg_per_kg_per_h","Combined_FirstOrder_Rate_mg_per_kg_per_h","Combined_Rate_mg_per_g_per_h","Combined_Rate_mg_per_kg_per_h","Combined_Biotic_Fraction_Initial","Combined_FirstOrder_Fraction_Initial","Combined_SSR","Combined_AIC","Combined_RMSE_mg_per_L","Combined_Residual_Lag1_AC","Combined_RMSE_Improvement_vs_BestSingle_pct","Combined_kL_at_lower_bound","Combined_Vmax_at_lower_bound","Combined_kL_at_upper_bound","Combined_Vmax_at_upper_bound","Lowest_AIC_Model","Lowest_AIC","Best_Single_Model_RMSE","Combined_Lower_RMSE_Than_Both_Singles","Combined_Lower_Abs_Lag1_AC_Than_Both_Singles","Model_Interpretation","Model_Interpretation_Basis","Reference_Combined_Vmax_mg_per_kg_per_h","Reference_Combined_kL_per_h","Reference_Combined_Rate_mg_per_kg_per_h","Reference_Model_Interpretation","Vmax_Percent_Change_From_Primary","kL_Percent_Change_From_Primary","Combined_Rate_Percent_Change_From_Primary","Model_Interpretation_Changed"
"YEP1A_INC-H2","Dry_HighBurn_DOC",399,7.899,0.1,1,10.2596,30.4104,0.002964,2.838645,22.422459,0.066462,66.4622,150.05,-388.219,0.613242,0.999938,14.322063,0.042452,42.4519,14.143015,0.041921,41.9212,1.2612,-2295.0163,0.056221,0.997256,14.316903,0.042437,42.4366,0.001,14.13792,0.007901,14.145821,41.9061,0.0234,0.04193,41.9295,0.9994,6e-04,1.2661,-2291.4634,0.05633,0.997265,-0.1948,TRUE,FALSE,FALSE,FALSE,"Biotic",-2295.0163,"Biotic",FALSE,FALSE,"Biotic","Combined kL is at its lower bound; combined model collapses to biotic model",43.4448,0.001,42.3954,"Biotic",-2.32064596913785,0,-1.09893997933739,FALSE
"YEP1A_INC-S1","Dry_Control",346,7.287,0.1,1,10.4712,30.4188,0.002905,3.125883,22.778309,0.066171,66.1709,92.7261,-453.609,0.517682,0.999924,14.791053,0.042968,42.968,14.590823,0.042386,42.3863,0.2634,-2482.4222,0.027593,0.99083,14.786224,0.042954,42.9539,0.001,14.586059,0.007288,14.593347,42.3725,0.0212,0.042394,42.3936,0.9995,5e-04,0.2655,-2477.7256,0.0277,0.990896,-0.3904,TRUE,FALSE,FALSE,FALSE,"Biotic",-2482.4222,"Biotic",FALSE,FALSE,"Biotic","Combined kL is at its lower bound; combined model collapses to biotic model",44.0144,0.001,42.8598,"Biotic",-2.4094387291432,0,-1.08773256058125,FALSE
"YEP1A_INC-S2","Dry_Control",400,7.218,0.1,1,10.0385,30.4015,0.003028,2.848189,20.558229,0.06226,62.2604,137.6417,-424.7244,0.586604,0.999935,13.154051,0.039837,39.8369,12.974302,0.039293,39.2925,1.3647,-2270.212,0.05841,0.997135,13.149335,0.039823,39.8226,0.001,12.96965,0.007219,12.976869,39.2785,0.0219,0.0393,39.3003,0.9994,6e-04,1.3731,-2265.7514,0.05859,0.997152,-0.308,TRUE,FALSE,FALSE,FALSE,"Biotic",-2270.212,"Biotic",FALSE,FALSE,"Biotic","Combined kL is at its lower bound; combined model collapses to biotic model",40.8467,0.001,39.7672,"Biotic",-2.50717928253689,0,-1.17408316401457,FALSE
"YEP1A_INC-U1","Dry_Unburned_DOC",291,7.892,0.1,1,10.7596,30.4304,0.002828,3.21985,25.411056,0.071868,71.8678,69.8814,-413.1184,0.490043,0.999894,17.309751,0.048956,48.9556,17.093163,0.048343,48.343,0.9807,-1654.6199,0.058051,0.997482,17.304302,0.04894,48.9402,0.001,17.087782,0.007894,17.095675,48.3278,0.0223,0.04835,48.3501,0.9995,5e-04,0.9849,-1651.3707,0.058176,0.997492,-0.2149,TRUE,FALSE,FALSE,FALSE,"Biotic",-1654.6199,"Biotic",FALSE,FALSE,"Biotic","Combined kL is at its lower bound; combined model collapses to biotic model",49.952,0.001,48.7397,"Biotic",-2.02554452274183,0,-0.79934837514388,FALSE
"YEP1B_INC-H1","Dry_HighBurn_DOC",281,8.445,0.1,1,9.2024,30.3681,0.0033,2.535347,21.411004,0.070657,70.6567,28.7588,-638.5148,0.319913,0.999818,15.760807,0.052011,52.011,15.576363,0.051402,51.4023,0.1204,-2177.1297,0.020703,0.972261,15.754519,0.05199,51.9902,0.001001,15.570148,0.008452,15.5786,51.3818,0.0279,0.05141,51.4097,0.9995,5e-04,0.1216,-2172.4838,0.020801,0.972515,-0.4719,TRUE,FALSE,FALSE,FALSE,"Biotic",-2177.1297,"Biotic",FALSE,FALSE,"Biotic","Combined kL is at its lower bound; combined model collapses to biotic model",52.8718,0.001001,51.6765,"Biotic",-1.66742951819306,0,-0.516288835350684,FALSE
"YEP1B_INC-H3","Dry_HighBurn_DOC",197,7.661,0.1,1,10.0119,30.4005,0.003036,3.427421,26.257469,0.079729,79.7291,13.8633,-520.8299,0.265277,0.999704,19.643843,0.059647,59.6473,19.390733,0.058879,58.8787,0.0472,-1640.3216,0.015478,0.959406,19.63805,0.05963,59.6297,0.001,19.385015,0.007662,19.392677,58.8614,0.0233,0.058885,58.8846,0.9996,4e-04,0.0476,-1636.5279,0.015549,0.959773,-0.4563,TRUE,FALSE,FALSE,FALSE,"Biotic",-1640.3216,"Biotic",FALSE,FALSE,"Biotic","Combined kL is at its lower bound; combined model collapses to biotic model",60.7187,0.001,59.1971,"Biotic",-1.79351665961228,0,-0.527897481464464,FALSE
"YEP1B_INC-S3","Dry_Control",269,8.088,0.1,1,10.1401,30.4056,0.002999,2.581856,20.882055,0.062616,62.6159,26.1068,-625.4467,0.311531,0.999536,15.505192,0.046493,46.4931,15.315827,0.045925,45.9253,0.3156,-1813.1738,0.034255,0.964726,15.499118,0.046475,46.4749,0.001001,15.309828,0.008099,15.317927,45.9073,0.0243,0.045932,45.9316,0.9995,5e-04,0.3177,-1809.4532,0.034365,0.964952,-0.3203,TRUE,FALSE,FALSE,FALSE,"Biotic",-1813.1738,"Biotic",FALSE,FALSE,"Biotic","Combined kL is at its lower bound; combined model collapses to biotic model",47.2875,0.001001,46.1706,"Biotic",-1.71842453079567,0,-0.517645428042948,FALSE
"YEP1B_INC-U2","Dry_Unburned_DOC",241,8.217,0.1,1,9.7119,30.3885,0.003129,2.949828,24.238739,0.075843,75.8429,19.6838,-601.7054,0.285789,0.999753,17.837294,0.055813,55.8128,17.622826,0.055142,55.1418,0.1211,-1828.6364,0.022416,0.980261,17.295238,0.054117,54.1167,0.088601,17.087287,0.72803,17.815317,53.4661,2.278,0.055744,55.7441,0.9591,0.0409,0.0995,-1873.9139,0.020321,0.975326,9.3429,FALSE,FALSE,FALSE,FALSE,"Combined",-1873.9139,"Biotic",TRUE,TRUE,"Combined","Both parameters are interior; combined model has lower RMSE and lower absolute lag-1 residual autocorrelation than both single models",56.2649,0.026761,55.616,"Combined",-3.81801087356415,231.08254549531,0.230329401611053,FALSE
"YEP1B_INC-U3","Dry_Unburned_DOC",246,8.469,0.1,1,10.3641,30.4146,0.002935,2.768431,23.445843,0.068804,68.8044,23.3125,-577.6606,0.307841,0.999792,17.478133,0.051292,51.2915,17.274163,0.050693,50.6929,0.176,-1779.6536,0.026749,0.985226,17.471753,0.051273,51.2728,0.001,17.267858,0.008471,17.276329,50.6744,0.0249,0.050699,50.6993,0.9995,5e-04,0.1773,-1775.8036,0.02685,0.985337,-0.3767,TRUE,FALSE,FALSE,FALSE,"Biotic",-1779.6536,"Biotic",FALSE,FALSE,"Biotic","Combined kL is at its lower bound; combined model collapses to biotic model",52.124,0.001001,50.9463,"Biotic",-1.63302893101068,-0.0999000999000915,-0.48482421687149,FALSE
"YEP1C_INC-H4","Dry_HighBurn_DOC",233,8.43,0.1,1,10.0044,30.4002,0.003039,3.008684,25.363208,0.077071,77.0707,21.6835,-551.2549,0.305061,0.999727,18.74795,0.056969,56.9691,18.528162,0.056301,56.3012,0.0427,-2003.0984,0.013531,0.914955,18.741646,0.05695,56.9499,0.001001,18.521931,0.008437,18.530368,56.2823,0.0256,0.056308,56.3079,0.9995,5e-04,0.0432,-1998.4258,0.013609,0.915867,-0.5752,TRUE,FALSE,FALSE,FALSE,"Biotic",-2003.0984,"Biotic",FALSE,FALSE,"Biotic","Combined kL is at its lower bound; combined model collapses to biotic model",57.9113,0.001001,56.5948,"Biotic",-1.66012505331429,0,-0.506937033084317,FALSE
"YEP1C_INC-H5","Dry_HighBurn_DOC",185,7.182,0.1,1,9.9662,30.3987,0.00305,3.18123,22.847596,0.069689,69.6893,6.2894,-623.5743,0.184383,0.999566,17.692794,0.053966,53.9662,17.449828,0.053225,53.2251,0.0051,-1938.9538,0.005269,0.702931,17.49113,0.053351,53.3511,0.035927,17.250933,0.25803,17.508963,52.6184,0.787,0.053405,53.4055,0.9853,0.0147,0.0042,-1973.477,0.004774,0.663439,9.3996,FALSE,FALSE,FALSE,FALSE,"Combined",-1973.477,"Biotic",TRUE,TRUE,"Combined","Both parameters are interior; combined model has lower RMSE and lower absolute lag-1 residual autocorrelation than both single models",54.9514,0.001,53.4845,"Biotic",-2.91220969802407,3492.7,-0.147706344828864,TRUE
"YEP1C_INC-S4","Dry_Control",265,7.848,0.1,1,9.4465,30.3779,0.003216,2.534423,19.890148,0.063962,63.9624,19.8622,-684.5919,0.273773,0.999785,14.895423,0.0479,47.9005,14.708012,0.047298,47.2978,0.0945,-2101.7873,0.018885,0.972334,14.889484,0.047881,47.8814,0.001,14.702148,0.00785,14.709998,47.2789,0.0252,0.047304,47.3042,0.9995,5e-04,0.0956,-2096.8604,0.018989,0.972633,-0.5538,TRUE,FALSE,FALSE,FALSE,"Biotic",-2101.7873,"Biotic",FALSE,FALSE,"Biotic","Combined kL is at its lower bound; combined model collapses to biotic model",48.7335,0.001,47.5477,"Biotic",-1.74848923225297,0,-0.512117305358613,FALSE
"YEP1C_INC-S5","Dry_Control",257,8.469,0.1,1,10.1333,30.4053,0.003001,2.625702,22.237071,0.066723,66.7231,29.7145,-552.4623,0.34003,0.99979,16.650497,0.04996,49.9604,16.456186,0.049377,49.3773,1.1015,-1399.2564,0.065469,0.996652,16.644102,0.049941,49.9412,0.001,16.449865,0.008472,16.458337,49.3584,0.0254,0.049384,49.3838,0.9995,5e-04,1.105,-1396.4632,0.06557,0.996662,-0.1544,TRUE,FALSE,FALSE,FALSE,"Biotic",-1399.2564,"Biotic",FALSE,FALSE,"Biotic","Combined kL is at its lower bound; combined model collapses to biotic model",50.7657,0.001001,49.62,"Biotic",-1.62412810224226,-0.0999000999000915,-0.476017734784354,FALSE
"YEP1C_INC-U4","Dry_Unburned_DOC",256,8.502,0.1,1,10.0779,30.4031,0.003017,2.642106,22.463189,0.067767,67.7672,22.1849,-624.1159,0.29438,0.99978,16.763501,0.050572,50.5723,16.568621,0.049984,49.9844,0.0622,-2128.6542,0.015585,0.950963,16.757086,0.050553,50.5529,0.001,16.562282,0.008506,16.570787,49.9652,0.0257,0.049991,49.9909,0.9995,5e-04,0.063,-2123.3926,0.015685,0.951587,-0.6391,TRUE,FALSE,FALSE,FALSE,"Biotic",-2128.6542,"Biotic",FALSE,FALSE,"Biotic","Combined kL is at its lower bound; combined model collapses to biotic model",51.3875,0.001001,50.2321,"Biotic",-1.62413038190222,-0.0999000999000915,-0.480171046004446,FALSE
"YEP1C_INC-U5","Dry_Unburned_DOC",233,8.709,0.1,1,10.2784,30.4111,0.002959,2.879086,25.073959,0.074187,74.1873,23.544,-532.0752,0.317879,0.999765,18.766627,0.055526,55.5255,18.553588,0.054895,54.8952,0.4026,-1480.0929,0.041567,0.992839,18.760037,0.055506,55.506,0.001002,18.547073,0.008723,18.555796,54.8759,0.0258,0.054902,54.9018,0.9995,5e-04,0.4041,-1477.1932,0.041647,0.992866,-0.1933,TRUE,FALSE,FALSE,FALSE,"Biotic",-1480.0929,"Biotic",FALSE,FALSE,"Biotic","Combined kL is at its lower bound; combined model collapses to biotic model",56.3975,0.001001,55.1572,"Biotic",-1.58074382729731,0.0999000999001132,-0.463040183330556,FALSE
"YEP2A_INC-H1","Wet_HighBurn_DOC",180,4.151,0.1,1,14.1633,36.6567,0.002588,7.308888,30.339196,0.078522,78.5223,7.7244,-564.743,0.207155,0.999696,18.51568,0.047921,47.9213,18.08012,0.046794,46.794,3.3696,-714.0714,0.13682,0.999483,11.229335,0.029063,29.0632,2.795449,10.965177,11.60391,22.569088,28.3795,30.0326,0.058412,58.4121,0.4858,0.5142,0.0106,-1749.5647,0.007666,0.932395,94.3973,FALSE,FALSE,FALSE,FALSE,"Combined",-1749.5647,"Biotic",TRUE,TRUE,"Combined","Both parameters are interior; combined model has lower RMSE and lower absolute lag-1 residual autocorrelation than both single models",32.7828,2.461471,57.7205,"Combined",-11.3461937357395,13.5682281042515,1.19818781888584,FALSE
"YEP2A_INC-H2","Wet_HighBurn_DOC",179,4.646,0.1,1,14.0408,36.5992,0.002607,6.970979,32.387168,0.084421,84.4214,6.9331,-579.9427,0.196806,0.999566,19.912432,0.051904,51.9044,19.492869,0.050811,50.8107,5.0942,-635.1134,0.168698,0.99937,11.007812,0.028693,28.6933,3.060134,10.775873,14.21738,24.993254,28.0887,37.0595,0.065148,65.1482,0.4312,0.5688,0.0061,-1836.8197,0.005846,0.729653,96.5345,FALSE,FALSE,FALSE,FALSE,"Combined",-1836.8197,"Biotic",TRUE,TRUE,"Combined","Both parameters are interior; combined model has lower RMSE and lower absolute lag-1 residual autocorrelation than both single models",31.7255,2.825783,64.6376,"Combined",-9.55761138516335,8.29331197760055,0.789942695892169,FALSE
"YEP2A_INC-S1","Wet_Control",183,4.771,0.1,1,13.4762,36.3338,0.002696,8.334817,39.765411,0.107213,107.2133,7.7499,-576.6114,0.205789,0.999722,23.195148,0.062537,62.5375,22.718959,0.061254,61.2536,10.1258,-527.6756,0.235228,0.999457,10.124632,0.027297,27.2975,4.498987,9.916777,21.464669,31.381446,26.7371,57.8719,0.084609,84.609,0.316,0.684,0.06,-1464.1363,0.01811,0.986892,91.1998,FALSE,FALSE,FALSE,FALSE,"Combined",-1464.1363,"FirstOrder",TRUE,TRUE,"Combined","Both parameters are interior; combined model has lower RMSE and lower absolute lag-1 residual autocorrelation than both single models",30.7929,4.214452,83.7658,"Combined",-11.3513179986296,6.75141157142139,1.00661606526768,FALSE
"YEP2A_INC-S2","Wet_Control",144,5.4,0.1,1,13.6735,36.4265,0.002664,6.572803,35.493134,0.094554,94.5545,2.246,-597.1342,0.124889,0.999272,23.839939,0.06351,63.5101,23.406486,0.062355,62.3554,4.0433,-512.4763,0.167566,0.999264,10.607586,0.028259,28.2588,3.619157,10.414721,19.543449,29.95817,27.745,52.0642,0.079809,79.8092,0.3476,0.6524,0.0267,-1233.3591,0.013618,0.960378,89.0962,FALSE,FALSE,FALSE,FALSE,"Combined",-1233.3591,"FirstOrder",TRUE,TRUE,"Combined","Both parameters are interior; combined model has lower RMSE and lower absolute lag-1 residual autocorrelation than both single models",30.2046,3.510279,79.6237,"Combined",-6.44206511590949,3.10169077728579,0.232970836572534,FALSE
"YEP2A_INC-U1","Wet_Unburned_DOC",132,3.847,0.1,1,13.4082,36.3018,0.002707,9.226015,35.49248,0.096094,96.0935,2.5077,-521.1735,0.137832,0.999179,22.129242,0.059913,59.9134,21.568583,0.058395,58.3955,3.0532,-495.1938,0.152086,0.998926,10.873063,0.029438,29.4381,4.622571,10.597586,17.783032,28.380618,28.6923,48.1464,0.076839,76.8386,0.3734,0.6266,0.0596,-1012.7501,0.021252,0.975616,84.5816,FALSE,FALSE,FALSE,FALSE,"Combined",-1012.7501,"FirstOrder",TRUE,TRUE,"Combined","Both parameters are interior; combined model has lower RMSE and lower absolute lag-1 residual autocorrelation than both single models",32.907,4.325592,76.3339,"Combined",-10.5415261190628,6.86562671652804,0.661174131021734,FALSE
"YEP2A_INC-U2","Wet_Unburned_DOC",152,4.792,0.1,1,13.966,36.564,0.002618,6.935335,33.234126,0.087009,87.0094,4.1698,-544.5934,0.165629,0.999376,21.66174,0.056712,56.712,21.218941,0.055553,55.5527,2.8503,-602.4199,0.136938,0.999048,12.266365,0.032114,32.1142,2.972489,12.015622,14.24417,26.259791,31.4578,37.2923,0.06875,68.75,0.4576,0.5424,0.0043,-1588.9245,0.005301,0.653739,96.129,FALSE,FALSE,FALSE,FALSE,"Combined",-1588.9245,"Biotic",TRUE,TRUE,"Combined","Both parameters are interior; combined model has lower RMSE and lower absolute lag-1 residual autocorrelation than both single models",34.882,2.784382,68.4168,"Combined",-7.93475144773809,6.75578997422049,0.487014885232874,FALSE
"YEP2B_INC-H3","Wet_HighBurn_DOC",114,5.191,0.1,1,14.7227,36.9196,0.002508,6.134512,31.844253,0.079855,79.8547,0.8063,-562.4718,0.0841,0.998078,23.592424,0.059162,59.1619,23.146527,0.058044,58.0437,0.9583,-542.7883,0.091683,0.997914,11.62631,0.029155,29.1549,3.093062,11.406573,16.056083,27.462655,28.6039,40.2633,0.068867,68.8671,0.4153,0.5847,0.0071,-1099.5198,0.007907,0.836857,90.598,FALSE,FALSE,FALSE,FALSE,"Combined",-1099.5198,"FirstOrder",TRUE,TRUE,"Combined","Both parameters are interior; combined model has lower RMSE and lower absolute lag-1 residual autocorrelation than both single models",30.9003,2.997688,68.7757,"Combined",-5.64848884962282,3.18158527505198,0.132895775688205,FALSE
"YEP2B_INC-S3","Wet_Control",88,5.694,0.1,1,14.2743,36.7089,0.002572,5.763865,32.819447,0.084401,84.401,0.1102,-586.0594,0.035393,0.989479,26.261107,0.067535,67.5351,25.807861,0.06637,66.3695,0.5328,-447.4117,0.077811,0.996587,8.397247,0.021595,21.595,3.91154,8.252317,22.272309,30.524626,21.2223,57.2772,0.0785,78.4995,0.2703,0.7297,0.003,-900.5313,0.005861,0.663176,83.4393,FALSE,FALSE,FALSE,FALSE,"Combined",-900.5313,"FirstOrder",TRUE,TRUE,"Combined","Both parameters are interior; combined model has lower RMSE and lower absolute lag-1 residual autocorrelation than both single models",22.6252,3.866222,78.4711,"Combined",-4.55332991531567,1.17215203886378,0.0361916680153466,FALSE
"YEP2B_INC-U3","Wet_Unburned_DOC",93,4.936,0.1,1,14.6663,36.8932,0.002516,7.436452,36.706328,0.092335,92.3351,0.4979,-484.3835,0.07317,0.997151,27.312964,0.068706,68.706,26.77061,0.067342,67.3417,0.7545,-445.7252,0.090074,0.997469,12.629383,0.031769,31.7693,3.976219,12.378601,19.626617,32.005218,31.1385,49.3709,0.080509,80.5094,0.3868,0.6132,0.0013,-1038.8371,0.003673,0.233051,94.9797,FALSE,FALSE,FALSE,FALSE,"Combined",-1038.8371,"FirstOrder",TRUE,TRUE,"Combined","Both parameters are interior; combined model has lower RMSE and lower absolute lag-1 residual autocorrelation than both single models",33.7626,3.862402,80.4056,"Combined",-5.90386996262136,2.94679321313525,0.129095485886546,FALSE
"YEP2C_INC-H4","Wet_HighBurn_DOC",161,6.516,0.1,1,12.481,35.866,0.002874,4.004874,26.09576,0.07499,74.99,0.8309,-845.9316,0.071839,0.998133,19.624125,0.056393,56.3928,19.327508,0.05554,55.5405,2.468,-670.6555,0.123812,0.999006,7.409516,0.021292,21.2923,2.482584,7.297522,16.176516,23.474039,20.9705,46.4856,0.067456,67.4561,0.3109,0.6891,0.0263,-1399.8831,0.01278,0.947094,82.2104,FALSE,FALSE,FALSE,FALSE,"Combined",-1399.8831,"FirstOrder",TRUE,TRUE,"Combined","Both parameters are interior; combined model has lower RMSE and lower absolute lag-1 residual autocorrelation than both single models",22.2657,2.446529,67.4132,"Combined",-4.37174667762522,1.47372052405674,0.0636373885233204,FALSE
"YEP2C_INC-H5","Wet_HighBurn_DOC",113,6.012,0.1,1,14.4603,36.7963,0.002545,4.983955,29.96354,0.076247,76.2465,0.3071,-665.6101,0.052129,0.996545,23.37554,0.059482,59.4824,22.993087,0.058509,58.5092,0.9498,-538.0174,0.091679,0.998166,8.664414,0.022048,22.0478,3.126387,8.522654,18.79584,27.318494,21.6871,47.8287,0.069516,69.5158,0.312,0.688,0.0118,-1031.9897,0.010214,0.92185,80.407,FALSE,FALSE,FALSE,FALSE,"Combined",-1031.9897,"FirstOrder",TRUE,TRUE,"Combined","Both parameters are interior; combined model has lower RMSE and lower absolute lag-1 residual autocorrelation than both single models",23.0794,3.081709,69.4815,"Combined",-4.46978690953838,1.44977997598085,0.0493656584846352,FALSE
"YEP2C_INC-S4","Wet_Control",112,5.992,0.1,1,14.1651,36.6576,0.002588,4.960362,29.722488,0.076918,76.9183,0.2493,-682.0493,0.04718,0.994983,23.260394,0.060195,60.1951,22.878575,0.059207,59.207,0.9523,-531.9503,0.092208,0.997942,8.087891,0.020931,20.9305,3.225956,7.955129,19.329931,27.28506,20.5869,50.0236,0.070611,70.6105,0.2916,0.7084,0.0046,-1126.1201,0.00644,0.758175,86.3494,FALSE,FALSE,FALSE,FALSE,"Combined",-1126.1201,"FirstOrder",TRUE,TRUE,"Combined","Both parameters are interior; combined model has lower RMSE and lower absolute lag-1 residual autocorrelation than both single models",21.9129,3.183957,70.5775,"Combined",-4.48320395748624,1.31908188458576,0.0467571109772962,FALSE
"YEP2C_INC-S5","Wet_Control",113,6.288,0.1,1,13.9882,36.5745,0.002615,5.043463,31.713296,0.08292,82.9197,0.3086,-665.0381,0.052261,0.996236,24.640462,0.064427,64.4266,24.254732,0.063418,63.4181,1.14,-517.3846,0.100443,0.998311,8.679861,0.022695,22.695,3.256592,8.543983,20.477452,29.021435,22.3397,53.5417,0.075881,75.8814,0.2944,0.7056,0.0041,-1151.1868,0.006027,0.760264,88.4669,FALSE,FALSE,FALSE,FALSE,"Combined",-1151.1868,"FirstOrder",TRUE,TRUE,"Combined","Both parameters are interior; combined model has lower RMSE and lower absolute lag-1 residual autocorrelation than both single models",23.7213,3.214804,75.8448,"Combined",-4.32649138116376,1.29986151566316,0.0482564394658472,FALSE
"YEP2C_INC-U4","Wet_Unburned_DOC",122,6.566,0.1,1,13.912,36.5386,0.002626,5.061159,33.231567,0.08728,87.2797,0.5137,-665.3552,0.06489,0.997317,25.279282,0.066394,66.3937,24.900055,0.065398,65.3977,1.6955,-519.6784,0.117887,0.998595,9.240351,0.024269,24.2689,3.199302,9.101732,21.006614,30.108346,23.9049,55.172,0.079077,79.0768,0.3023,0.6977,0.0107,-1135.4173,0.009375,0.888788,85.553,FALSE,FALSE,FALSE,FALSE,"Combined",-1135.4173,"FirstOrder",TRUE,TRUE,"Combined","Both parameters are interior; combined model has lower RMSE and lower absolute lag-1 residual autocorrelation than both single models",25.3524,3.15623,79.0321,"Combined",-4.27375711964154,1.36466607313155,0.0565592967920705,FALSE
"YEP2C_INC-U5","Wet_Unburned_DOC",109,6.134,0.1,1,14.014,36.5866,0.002611,5.225813,32.055134,0.083687,83.6869,0.2896,-644.4187,0.051549,0.992616,24.923546,0.065068,65.0683,24.523746,0.064025,64.0246,1.0416,-504.9162,0.097754,0.997069,8.813509,0.02301,23.0096,3.36719,8.672131,20.654341,29.326472,22.6405,53.9227,0.076563,76.5631,0.2957,0.7043,0.0097,-1013.011,0.009417,0.799418,81.731,FALSE,FALSE,FALSE,FALSE,"Combined",-1013.011,"FirstOrder",TRUE,TRUE,"Combined","Both parameters are interior; combined model has lower RMSE and lower absolute lag-1 residual autocorrelation than both single models",24.0706,3.323071,76.5267,"Combined",-4.40786685832509,1.32765745901908,0.0475650981944869,FALSE
"YEP_INC-WH1","Unknown",4277,8.626,0.1,1,NA,NA,NA,0.001,0.008626,NA,NA,38.2982,-20166.6346,0.094628,0.997788,0.01,NA,NA,0.009885,NA,NA,41.4485,-19828.5432,0.098443,0.997901,0.01,NA,NA,0.001,0.009886,0.008626,0.018512,NA,NA,NA,NA,0.534,0.466,66.82,-17784.0639,0.124992,0.998475,-32.0881,TRUE,TRUE,FALSE,FALSE,"FirstOrder",-20166.6346,"FirstOrder",FALSE,FALSE,"ManualReview","Both combined-model parameters are at lower bounds",NA,0.001,NA,"ManualReview",NA,0,NA,FALSE
"YEP_INC-WH2","Unknown",4288,8.623,0.1,1,NA,NA,NA,0.001,0.008623,NA,NA,32.1767,-20976.3282,0.086625,0.997842,0.01,NA,NA,0.009885,NA,NA,34.8273,-20636.8888,0.090122,0.997954,0.01,NA,NA,0.001,0.009885,0.008623,0.018509,NA,NA,NA,NA,0.5341,0.4659,56.8181,-18536.1127,0.115111,0.99852,-32.8841,TRUE,TRUE,FALSE,FALSE,"FirstOrder",-20976.3282,"FirstOrder",FALSE,FALSE,"ManualReview","Both combined-model parameters are at lower bounds",NA,0.001,NA,"ManualReview",NA,0,NA,FALSE
"YEP_INC-WS1","Unknown",4325,8.686,0.1,1,NA,NA,NA,0.001,0.008686,NA,NA,27.4798,-21876.9414,0.07971,0.996914,0.01,NA,NA,0.009886,NA,NA,29.1792,-21617.4272,0.082138,0.997068,0.01,NA,NA,0.001,0.009886,0.008686,0.018573,NA,NA,NA,NA,0.5323,0.4677,45.5892,-19685.5484,0.102669,0.997887,-28.8024,TRUE,TRUE,FALSE,FALSE,"FirstOrder",-21876.9414,"FirstOrder",FALSE,FALSE,"ManualReview","Both combined-model parameters are at lower bounds",NA,0.001,NA,"ManualReview",NA,0,NA,FALSE
"YEP_INC-WS2","Unknown",4349,8.664,0.1,1,NA,NA,NA,0.001,0.008664,NA,NA,19.5755,-23497.4889,0.067091,0.99693,0.01,NA,NA,0.009886,NA,NA,21.0159,-23188.7119,0.069515,0.997113,0.01,NA,NA,0.001,0.009886,0.008664,0.01855,NA,NA,NA,NA,0.5329,0.4671,35.4562,-20912.0948,0.090292,0.99803,-34.5829,TRUE,TRUE,FALSE,FALSE,"FirstOrder",-23497.4889,"FirstOrder",FALSE,FALSE,"ManualReview","Both combined-model parameters are at lower bounds",NA,0.001,NA,"ManualReview",NA,0,NA,FALSE
"YEP_INC-WU1","Unknown",4253,8.886,0.1,1,NA,NA,NA,0.001,0.008886,NA,NA,22.8824,-22219.9792,0.07335,0.996801,0.01,NA,NA,0.009889,NA,NA,23.3215,-22139.1376,0.074051,0.996951,0.01,NA,NA,0.001,0.009889,0.008886,0.018775,NA,NA,NA,NA,0.5267,0.4733,31.3499,-20878.9495,0.085856,0.9979,-17.0489,TRUE,TRUE,FALSE,FALSE,"FirstOrder",-22219.9792,"FirstOrder",FALSE,FALSE,"ManualReview","Both combined-model parameters are at lower bounds",NA,0.001,NA,"ManualReview",NA,0,NA,FALSE
"YEP_INC-WU2","Unknown",4361,8.434,0.1,1,NA,NA,NA,0.001,0.008434,NA,NA,57.3383,-18887.6197,0.114665,0.997348,0.01,NA,NA,0.009883,NA,NA,62.489,-18512.4788,0.119704,0.997522,0.01,NA,NA,0.001,0.009883,0.008434,0.018317,NA,NA,NA,NA,0.5395,0.4605,96.342,-16622.5404,0.148633,0.998248,-29.624,TRUE,TRUE,FALSE,FALSE,"FirstOrder",-18887.6197,"FirstOrder",FALSE,FALSE,"ManualReview","Both combined-model parameters are at lower bounds",NA,0.001,NA,"ManualReview",NA,0,NA,FALSE
"YEP1A_INC-H2","Dry_HighBurn_DOC",399,7.899,0.2,1,10.2596,30.4104,0.002964,2.838645,22.422459,0.066462,66.4622,150.05,-388.219,0.613242,0.999938,14.662334,0.043461,43.4605,14.300257,0.042387,42.3873,1.723,-2170.5162,0.065713,0.997991,14.657048,0.043445,43.4448,0.001,14.295101,0.0079,14.303001,42.372,0.0234,0.042395,42.3954,0.9994,6e-04,1.7319,-2166.4633,0.065883,0.998001,-0.2576,TRUE,FALSE,FALSE,FALSE,"Biotic",-2170.5162,"Biotic",FALSE,FALSE,"Biotic","Combined kL is at its lower bound; combined model collapses to biotic model",43.4448,0.001,42.3954,"Biotic",0,0,0,FALSE
"YEP1A_INC-S1","Dry_Control",346,7.287,0.2,1,10.4712,30.4188,0.002905,3.125883,22.778309,0.066171,66.1709,92.7261,-453.609,0.517682,0.999924,15.156214,0.044029,44.0287,14.751347,0.042853,42.8526,0.559,-2222.1203,0.040194,0.995707,15.151263,0.044014,44.0144,0.001,14.746527,0.007287,14.753815,42.8386,0.0212,0.04286,42.8598,0.9995,5e-04,0.5633,-2217.4496,0.040349,0.99574,-0.3867,TRUE,FALSE,FALSE,FALSE,"Biotic",-2222.1203,"Biotic",FALSE,FALSE,"Biotic","Combined kL is at its lower bound; combined model collapses to biotic model",44.0144,0.001,42.8598,"Biotic",0,0,0,FALSE
"YEP1A_INC-S2","Dry_Control",400,7.218,0.2,1,10.0385,30.4015,0.003028,2.848189,20.558229,0.06226,62.2604,137.6417,-424.7244,0.586604,0.999935,13.49231,0.040861,40.8613,13.128538,0.03976,39.7596,2.4331,-2038.9263,0.077991,0.998453,13.487469,0.040847,40.8467,0.001,13.123827,0.007219,13.131046,39.7454,0.0219,0.039767,39.7672,0.9995,5e-04,2.4448,-2035.004,0.078179,0.99846,-0.2406,TRUE,FALSE,FALSE,FALSE,"Biotic",-2038.9263,"Biotic",FALSE,FALSE,"Biotic","Combined kL is at its lower bound; combined model collapses to biotic model",40.8467,0.001,39.7672,"Biotic",0,0,0,FALSE
"YEP1A_INC-U1","Dry_Unburned_DOC",291,7.892,0.2,1,10.7596,30.4304,0.002828,3.21985,25.411056,0.071868,71.8678,69.8814,-413.1184,0.490043,0.999894,17.667614,0.049968,49.9677,17.230945,0.048733,48.7327,1.3641,-1558.5909,0.068465,0.998195,17.662052,0.049952,49.952,0.001,17.225521,0.007893,17.233414,48.7174,0.0223,0.04874,48.7397,0.9995,5e-04,1.3693,-1555.4773,0.068596,0.998201,-0.1915,TRUE,FALSE,FALSE,FALSE,"Biotic",-1558.5909,"Biotic",FALSE,FALSE,"Biotic","Combined kL is at its lower bound; combined model collapses to biotic model",49.952,0.001,48.7397,"Biotic",0,0,0,FALSE
"YEP1B_INC-H1","Dry_HighBurn_DOC",281,8.445,0.2,1,9.2024,30.3681,0.0033,2.535347,21.411004,0.070657,70.6567,28.7588,-638.5148,0.319913,0.999818,16.028056,0.052893,52.8929,15.657251,0.051669,51.6692,0.1861,-2054.8877,0.025734,0.982122,16.021661,0.052872,52.8718,0.001001,15.651004,0.008451,15.659455,51.6486,0.0279,0.051677,51.6765,0.9995,5e-04,0.1877,-2050.505,0.025843,0.982274,-0.4249,TRUE,FALSE,FALSE,FALSE,"Biotic",-2054.8877,"Biotic",FALSE,FALSE,"Biotic","Combined kL is at its lower bound; combined model collapses to biotic model",52.8718,0.001001,51.6765,"Biotic",0,0,0,FALSE
"YEP1B_INC-H3","Dry_HighBurn_DOC",197,7.661,0.2,1,10.0119,30.4005,0.003036,3.427421,26.257469,0.079729,79.7291,13.8633,-520.8299,0.265277,0.999704,20.002584,0.060737,60.7366,19.493677,0.059191,59.1913,0.0838,-1527.119,0.02063,0.977309,19.996686,0.060719,60.7187,0.001,19.487929,0.007665,19.495593,59.1739,0.0233,0.059197,59.1971,0.9996,4e-04,0.0844,-1523.7226,0.020703,0.977469,-0.355,TRUE,FALSE,FALSE,FALSE,"Biotic",-1527.119,"Biotic",FALSE,FALSE,"Biotic","Combined kL is at its lower bound; combined model collapses to biotic model",60.7187,0.001,59.1971,"Biotic",0,0,0,FALSE
"YEP1B_INC-S3","Dry_Control",269,8.088,0.2,1,10.1401,30.4056,0.002999,2.581856,20.882055,0.062616,62.6159,26.1068,-625.4467,0.311531,0.999536,15.77628,0.047306,47.306,15.395578,0.046164,46.1644,0.4329,-1728.1737,0.040118,0.974514,15.770107,0.047287,47.2875,0.001001,15.389554,0.008094,15.397648,46.1464,0.0243,0.046171,46.1706,0.9995,5e-04,0.4353,-1724.7135,0.040227,0.974653,-0.2718,TRUE,FALSE,FALSE,FALSE,"Biotic",-1728.1737,"Biotic",FALSE,FALSE,"Biotic","Combined kL is at its lower bound; combined model collapses to biotic model",47.2875,0.001001,46.1706,"Biotic",0,0,0,FALSE
"YEP1B_INC-U2","Dry_Unburned_DOC",241,8.217,0.2,1,9.7119,30.3885,0.003129,2.949828,24.238739,0.075843,75.8429,19.6838,-601.7054,0.285789,0.999753,18.148389,0.056786,56.7862,17.717158,0.055437,55.4369,0.0915,-1896.2741,0.019481,0.973649,17.981784,0.056265,56.2649,0.026761,17.554511,0.219892,17.774403,54.928,0.688,0.055616,55.616,0.9876,0.0124,0.0896,-1899.2764,0.01928,0.972686,1.0324,FALSE,FALSE,FALSE,FALSE,"Combined",-1899.2764,"Biotic",TRUE,TRUE,"Combined","Both parameters are interior; combined model has lower RMSE and lower absolute lag-1 residual autocorrelation than both single models",56.2649,0.026761,55.616,"Combined",0,0,0,FALSE
"YEP1B_INC-U3","Dry_Unburned_DOC",246,8.469,0.2,1,10.3641,30.4146,0.002935,2.768431,23.445843,0.068804,68.8044,23.3125,-577.6606,0.307841,0.999792,17.768282,0.052143,52.143,17.358355,0.05094,50.94,0.2535,-1689.9639,0.032098,0.9898,17.761796,0.052124,52.124,0.001001,17.352019,0.008476,17.360495,50.9214,0.0249,0.050946,50.9463,0.9995,5e-04,0.2551,-1686.4005,0.0322,0.989865,-0.3183,TRUE,FALSE,FALSE,FALSE,"Biotic",-1689.9639,"Biotic",FALSE,FALSE,"Biotic","Combined kL is at its lower bound; combined model collapses to biotic model",52.124,0.001001,50.9463,"Biotic",0,0,0,FALSE
"YEP1C_INC-H4","Dry_HighBurn_DOC",233,8.43,0.2,1,10.0044,30.4002,0.003039,3.008684,25.363208,0.077071,77.0707,21.6835,-551.2549,0.305061,0.999727,19.064438,0.057931,57.9308,18.62262,0.056588,56.5882,0.0785,-1860.9835,0.018356,0.952993,19.058027,0.057911,57.9113,0.001001,18.616358,0.008437,18.624795,56.5692,0.0256,0.056595,56.5948,0.9995,5e-04,0.0793,-1856.6583,0.018447,0.953455,-0.5002,TRUE,FALSE,FALSE,FALSE,"Biotic",-1860.9835,"Biotic",FALSE,FALSE,"Biotic","Combined kL is at its lower bound; combined model collapses to biotic model",57.9113,0.001001,56.5948,"Biotic",0,0,0,FALSE
"YEP1C_INC-H5","Dry_HighBurn_DOC",185,7.182,0.2,1,9.9662,30.3987,0.00305,3.18123,22.847596,0.069689,69.6893,6.2894,-623.5743,0.184383,0.999566,18.021514,0.054969,54.9689,17.533258,0.05348,53.4796,0.0049,-1948.1894,0.00514,0.719641,18.015796,0.054951,54.9514,0.001,17.527696,0.007184,17.53488,53.4626,0.0219,0.053485,53.4845,0.9996,4e-04,0.0049,-1944.5092,0.005163,0.722239,-0.4551,TRUE,FALSE,FALSE,FALSE,"Biotic",-1948.1894,"Biotic",FALSE,FALSE,"Biotic","Combined kL is at its lower bound; combined model collapses to biotic model",54.9514,0.001,53.4845,"Biotic",0,0,0,FALSE
"YEP1C_INC-S4","Dry_Control",265,7.848,0.2,1,9.4465,30.3779,0.003216,2.534423,19.890148,0.063962,63.9624,19.8622,-684.5919,0.273773,0.999785,15.160521,0.048753,48.753,14.783769,0.047541,47.5414,0.1586,-1964.6327,0.024462,0.983509,15.154478,0.048734,48.7335,0.001,14.777875,0.007852,14.785727,47.5224,0.0252,0.047548,47.5477,0.9995,5e-04,0.1599,-1960.3947,0.024566,0.983645,-0.4232,TRUE,FALSE,FALSE,FALSE,"Biotic",-1964.6327,"Biotic",FALSE,FALSE,"Biotic","Combined kL is at its lower bound; combined model collapses to biotic model",48.7335,0.001,47.5477,"Biotic",0,0,0,FALSE
"YEP1C_INC-S5","Dry_Control",257,8.469,0.2,1,10.1333,30.4053,0.003001,2.625702,22.237071,0.066723,66.7231,29.7145,-552.4623,0.34003,0.99979,16.925406,0.050785,50.7852,16.534925,0.049614,49.6136,1.2737,-1361.9475,0.070398,0.997107,16.918904,0.050766,50.7657,0.001001,16.528573,0.008477,16.53705,49.5945,0.0254,0.04962,49.62,0.9995,5e-04,1.2773,-1359.2068,0.070499,0.997115,-0.1442,TRUE,FALSE,FALSE,FALSE,"Biotic",-1361.9475,"Biotic",FALSE,FALSE,"Biotic","Combined kL is at its lower bound; combined model collapses to biotic model",50.7657,0.001001,49.62,"Biotic",0,0,0,FALSE
"YEP1C_INC-U4","Dry_Unburned_DOC",256,8.502,0.2,1,10.0779,30.4031,0.003017,2.642106,22.463189,0.067767,67.7672,22.1849,-624.1159,0.29438,0.99978,17.040235,0.051407,51.4071,16.648596,0.050226,50.2256,0.1093,-1984.2949,0.020662,0.972424,17.033716,0.051387,51.3875,0.001001,16.642226,0.008507,16.650733,50.2064,0.0257,0.050232,50.2321,0.9995,5e-04,0.1104,-1979.6969,0.020767,0.972707,-0.5087,TRUE,FALSE,FALSE,FALSE,"Biotic",-1984.2949,"Biotic",FALSE,FALSE,"Biotic","Combined kL is at its lower bound; combined model collapses to biotic model",51.3875,0.001001,50.2321,"Biotic",0,0,0,FALSE
"YEP1C_INC-U5","Dry_Unburned_DOC",233,8.709,0.2,1,10.2784,30.4111,0.002959,2.879086,25.073959,0.074187,74.1873,23.544,-532.0752,0.317879,0.999765,19.068014,0.056417,56.4173,18.639952,0.055151,55.1507,0.4853,-1436.5587,0.045637,0.994031,19.061321,0.056397,56.3975,0.001001,18.633409,0.008722,18.642131,55.1314,0.0258,0.055157,55.1572,0.9995,5e-04,0.4871,-1433.692,0.045722,0.994053,-0.1862,TRUE,FALSE,FALSE,FALSE,"Biotic",-1436.5587,"Biotic",FALSE,FALSE,"Biotic","Combined kL is at its lower bound; combined model collapses to biotic model",56.3975,0.001001,55.1572,"Biotic",0,0,0,FALSE
"YEP2A_INC-H1","Wet_HighBurn_DOC",180,4.151,0.2,1,14.1633,36.6567,0.002588,7.308888,30.339196,0.078522,78.5223,7.7244,-564.743,0.207155,0.999696,19.402528,0.050217,50.2166,18.510662,0.047908,47.9083,2.2146,-789.6221,0.11092,0.999371,12.666517,0.032783,32.7828,2.461471,12.084282,10.217564,22.301846,31.2759,26.4446,0.05772,57.7205,0.5419,0.4581,0.0018,-2065.9694,0.003183,0.622838,97.1303,FALSE,FALSE,FALSE,FALSE,"Combined",-2065.9694,"Biotic",TRUE,TRUE,"Combined","Both parameters are interior; combined model has lower RMSE and lower absolute lag-1 residual autocorrelation than both single models",32.7828,2.461471,57.7205,"Combined",0,0,0,FALSE
"YEP2A_INC-H2","Wet_HighBurn_DOC",179,4.646,0.2,1,14.0408,36.5992,0.002607,6.970979,32.387168,0.084421,84.4214,6.9331,-579.9427,0.196806,0.999566,20.773337,0.054148,54.1484,19.915998,0.051914,51.9137,3.7593,-689.5052,0.144919,0.999238,12.171087,0.031726,31.7255,2.825783,11.668772,13.128586,24.797358,30.4162,34.2214,0.064638,64.6376,0.4706,0.5294,0.0106,-1738.2031,0.0077,0.840944,94.6865,FALSE,FALSE,FALSE,FALSE,"Combined",-1738.2031,"Biotic",TRUE,TRUE,"Combined","Both parameters are interior; combined model has lower RMSE and lower absolute lag-1 residual autocorrelation than both single models",31.7255,2.825783,64.6376,"Combined",0,0,0,FALSE
"YEP2A_INC-S1","Wet_Control",183,4.771,0.2,1,13.4762,36.3338,0.002696,8.334817,39.765411,0.107213,107.2133,7.7499,-576.6114,0.205789,0.999722,24.131497,0.065062,65.062,23.160606,0.062444,62.4444,7.9861,-571.1167,0.208901,0.999479,11.421078,0.030793,30.7929,4.214452,10.96157,20.107153,31.068723,29.554,54.2118,0.083766,83.7658,0.3528,0.6472,0.0838,-1402.9791,0.021403,0.990348,89.5993,FALSE,FALSE,FALSE,FALSE,"Combined",-1402.9791,"FirstOrder",TRUE,TRUE,"Combined","Both parameters are interior; combined model has lower RMSE and lower absolute lag-1 residual autocorrelation than both single models",30.7929,4.214452,83.7658,"Combined",0,0,0,FALSE
"YEP2A_INC-S2","Wet_Control",144,5.4,0.2,1,13.6735,36.4265,0.002664,6.572803,35.493134,0.094554,94.5545,2.246,-597.1342,0.124889,0.999272,24.574172,0.065466,65.4661,23.696523,0.063128,63.128,3.5014,-533.1978,0.155933,0.999218,11.337967,0.030205,30.2046,3.510279,10.933039,18.955508,29.888548,29.1259,50.4979,0.079624,79.6237,0.3658,0.6342,0.0302,-1215.4151,0.014493,0.96482,88.3952,FALSE,FALSE,FALSE,FALSE,"Combined",-1215.4151,"FirstOrder",TRUE,TRUE,"Combined","Both parameters are interior; combined model has lower RMSE and lower absolute lag-1 residual autocorrelation than both single models",30.2046,3.510279,79.6237,"Combined",0,0,0,FALSE
"YEP2A_INC-U1","Wet_Unburned_DOC",132,3.847,0.2,1,13.4082,36.3018,0.002707,9.226015,35.49248,0.096094,96.0935,2.5077,-521.1735,0.137832,0.999179,23.242988,0.062929,62.9288,22.094335,0.059819,59.8189,2.3081,-532.1202,0.132234,0.998734,12.154318,0.032907,32.907,4.325592,11.55366,16.640551,28.194211,31.2808,45.0532,0.076334,76.3339,0.4098,0.5902,0.0709,-989.8046,0.023181,0.979143,82.4695,FALSE,FALSE,FALSE,FALSE,"Combined",-989.8046,"Biotic",TRUE,TRUE,"Combined","Both parameters are interior; combined model has lower RMSE and lower absolute lag-1 residual autocorrelation than both single models",32.907,4.325592,76.3339,"Combined",0,0,0,FALSE
"YEP2A_INC-U2","Wet_Unburned_DOC",152,4.792,0.2,1,13.966,36.564,0.002618,6.935335,33.234126,0.087009,87.0094,4.1698,-544.5934,0.165629,0.999376,22.463002,0.05881,58.8098,21.563042,0.056454,56.4536,2.2416,-638.9354,0.121439,0.998894,13.323557,0.034882,34.882,2.784382,12.789761,13.34276,26.132521,33.4845,34.9323,0.068417,68.4168,0.4894,0.5106,0.0067,-1520.7393,0.006634,0.777451,94.5374,FALSE,FALSE,FALSE,FALSE,"Combined",-1520.7393,"Biotic",TRUE,TRUE,"Combined","Both parameters are interior; combined model has lower RMSE and lower absolute lag-1 residual autocorrelation than both single models",34.882,2.784382,68.4168,"Combined",0,0,0,FALSE
"YEP2B_INC-H3","Wet_HighBurn_DOC",114,5.191,0.2,1,14.7227,36.9196,0.002508,6.134512,31.844253,0.079855,79.8547,0.8063,-562.4718,0.0841,0.998078,24.237051,0.060778,60.7784,23.337884,0.058524,58.5236,0.8427,-557.4401,0.085976,0.997726,12.322334,0.0309,30.9003,2.997688,11.865189,15.560998,27.426187,29.7539,39.0218,0.068776,68.7757,0.4326,0.5674,0.0078,-1089.7473,0.008253,0.849923,90.1862,FALSE,FALSE,FALSE,FALSE,"Combined",-1089.7473,"FirstOrder",TRUE,TRUE,"Combined","Both parameters are interior; combined model has lower RMSE and lower absolute lag-1 residual autocorrelation than both single models",30.9003,2.997688,68.7757,"Combined",0,0,0,FALSE
"YEP2B_INC-S3","Wet_Control",88,5.694,0.2,1,14.2743,36.7089,0.002572,5.763865,32.819447,0.084401,84.401,0.1102,-586.0594,0.035393,0.989479,26.851099,0.069052,69.0524,25.939966,0.066709,66.7092,0.4946,-453.9529,0.074972,0.996418,8.797836,0.022625,22.6252,3.866222,8.499301,22.014268,30.513569,21.8575,56.6136,0.078471,78.4711,0.2785,0.7215,0.0031,-898.3619,0.005934,0.671142,83.2339,FALSE,FALSE,FALSE,FALSE,"Combined",-898.3619,"FirstOrder",TRUE,TRUE,"Combined","Both parameters are interior; combined model has lower RMSE and lower absolute lag-1 residual autocorrelation than both single models",22.6252,3.866222,78.4711,"Combined",0,0,0,FALSE
"YEP2B_INC-U3","Wet_Unburned_DOC",93,4.936,0.2,1,14.6663,36.8932,0.002516,7.436452,36.706328,0.092335,92.3351,0.4979,-484.3835,0.07317,0.997151,28.093265,0.070669,70.6688,26.99929,0.067917,67.9169,0.664,-457.6153,0.084496,0.997271,13.421777,0.033763,33.7626,3.862402,12.899122,19.064817,31.96394,32.4479,47.9577,0.080406,80.4056,0.4036,0.5964,0.0014,-1027.32,0.003908,0.318971,94.6591,FALSE,FALSE,FALSE,FALSE,"Combined",-1027.32,"FirstOrder",TRUE,TRUE,"Combined","Both parameters are interior; combined model has lower RMSE and lower absolute lag-1 residual autocorrelation than both single models",33.7626,3.862402,80.4056,"Combined",0,0,0,FALSE
"YEP2C_INC-H4","Wet_HighBurn_DOC",161,6.516,0.2,1,12.481,35.866,0.002874,4.004874,26.09576,0.07499,74.99,0.8309,-845.9316,0.071839,0.998133,20.041732,0.057593,57.5929,19.444897,0.055878,55.8778,2.2795,-683.4487,0.118989,0.998954,7.748243,0.022266,22.2657,2.446529,7.517503,15.941585,23.459088,21.6027,45.8105,0.067413,67.4132,0.3205,0.6795,0.0272,-1394.3043,0.013003,0.948848,81.8995,FALSE,FALSE,FALSE,FALSE,"Combined",-1394.3043,"FirstOrder",TRUE,TRUE,"Combined","Both parameters are interior; combined model has lower RMSE and lower absolute lag-1 residual autocorrelation than both single models",22.2657,2.446529,67.4132,"Combined",0,0,0,FALSE
"YEP2C_INC-H5","Wet_HighBurn_DOC",113,6.012,0.2,1,14.4603,36.7963,0.002545,4.983955,29.96354,0.076247,76.2465,0.3071,-665.6101,0.052129,0.996545,23.889057,0.060789,60.7891,23.11993,0.058832,58.832,0.8777,-546.939,0.088131,0.998076,9.069795,0.023079,23.0794,3.081709,8.777786,18.527234,27.305021,22.3363,47.1452,0.069482,69.4815,0.3215,0.6785,0.0121,-1028.9313,0.010353,0.923855,80.1401,FALSE,FALSE,FALSE,FALSE,"Combined",-1028.9313,"FirstOrder",TRUE,TRUE,"Combined","Both parameters are interior; combined model has lower RMSE and lower absolute lag-1 residual autocorrelation than both single models",23.0794,3.081709,69.4815,"Combined",0,0,0,FALSE
"YEP2C_INC-S4","Wet_Control",112,5.992,0.2,1,14.1651,36.6576,0.002588,4.960362,29.722488,0.076918,76.9183,0.2493,-682.0493,0.04718,0.994983,23.771069,0.061517,61.5167,23.003269,0.05953,59.5297,0.8817,-540.5741,0.088726,0.997837,8.46752,0.021913,21.9129,3.183957,8.194021,19.078271,27.272292,21.2052,49.3723,0.070577,70.5775,0.3005,0.6995,0.0048,-1122.4486,0.006547,0.765823,86.1238,FALSE,FALSE,FALSE,FALSE,"Combined",-1122.4486,"FirstOrder",TRUE,TRUE,"Combined","Both parameters are interior; combined model has lower RMSE and lower absolute lag-1 residual autocorrelation than both single models",21.9129,3.183957,70.5775,"Combined",0,0,0,FALSE
"YEP2C_INC-S5","Wet_Control",113,6.288,0.2,1,13.9882,36.5745,0.002615,5.043463,31.713296,0.08292,82.9197,0.3086,-665.0381,0.052261,0.996236,25.160704,0.065787,65.7869,24.385097,0.063759,63.7589,1.0576,-525.866,0.096744,0.998236,9.072405,0.023721,23.7213,3.214804,8.792738,20.214686,29.007424,22.9901,52.8547,0.075845,75.8448,0.3031,0.6969,0.0043,-1146.5508,0.006152,0.769625,88.2279,FALSE,FALSE,FALSE,FALSE,"Combined",-1146.5508,"FirstOrder",TRUE,TRUE,"Combined","Both parameters are interior; combined model has lower RMSE and lower absolute lag-1 residual autocorrelation than both single models",23.7213,3.214804,75.8448,"Combined",0,0,0,FALSE
"YEP2C_INC-U4","Wet_Unburned_DOC",122,6.566,0.2,1,13.912,36.5386,0.002626,5.061159,33.231567,0.08728,87.2797,0.5137,-665.3552,0.06489,0.997317,25.804849,0.067774,67.7741,25.042069,0.065771,65.7707,1.5712,-528.9652,0.113485,0.998533,9.652862,0.025352,25.3524,3.15623,9.367528,20.723807,30.091335,24.603,54.4292,0.079032,79.0321,0.3113,0.6887,0.0111,-1130.7326,0.009556,0.892895,85.2729,FALSE,FALSE,FALSE,FALSE,"Combined",-1130.7326,"FirstOrder",TRUE,TRUE,"Combined","Both parameters are interior; combined model has lower RMSE and lower absolute lag-1 residual autocorrelation than both single models",25.3524,3.15623,79.0321,"Combined",0,0,0,FALSE
"YEP2C_INC-U5","Wet_Unburned_DOC",109,6.134,0.2,1,14.014,36.5866,0.002611,5.225813,32.055134,0.083687,83.6869,0.2896,-644.4187,0.051549,0.992616,25.462502,0.066475,66.4754,24.658507,0.064376,64.3764,0.9652,-513.221,0.0941,0.996903,9.219909,0.024071,24.0706,3.323071,8.928785,20.383719,29.312504,23.3105,53.2161,0.076527,76.5267,0.3046,0.6954,0.0099,-1009.9613,0.00955,0.804815,81.4736,FALSE,FALSE,FALSE,FALSE,"Combined",-1009.9613,"FirstOrder",TRUE,TRUE,"Combined","Both parameters are interior; combined model has lower RMSE and lower absolute lag-1 residual autocorrelation than both single models",24.0706,3.323071,76.5267,"Combined",0,0,0,FALSE
"YEP_INC-WH1","Unknown",4277,8.626,0.2,1,NA,NA,NA,0.001,0.008626,NA,NA,38.2982,-20166.6346,0.094628,0.997788,0.01,NA,NA,0.009774,NA,NA,41.1658,-19857.8223,0.098107,0.997892,0.01,NA,NA,0.001,0.009774,0.008626,0.0184,NA,NA,NA,NA,0.5312,0.4688,66.4401,-17808.449,0.124637,0.998469,-31.7121,TRUE,TRUE,FALSE,FALSE,"FirstOrder",-20166.6346,"FirstOrder",FALSE,FALSE,"ManualReview","Both combined-model parameters are at lower bounds",NA,0.001,NA,"ManualReview",NA,0,NA,FALSE
"YEP_INC-WH2","Unknown",4288,8.623,0.2,1,NA,NA,NA,0.001,0.008623,NA,NA,32.1767,-20976.3282,0.086625,0.997842,0.01,NA,NA,0.009773,NA,NA,34.5886,-20666.3784,0.089813,0.997944,0.01,NA,NA,0.001,0.009774,0.008623,0.018397,NA,NA,NA,NA,0.5313,0.4687,56.4821,-18561.5457,0.11477,0.998514,-32.4906,TRUE,TRUE,FALSE,FALSE,"FirstOrder",-20976.3282,"FirstOrder",FALSE,FALSE,"ManualReview","Both combined-model parameters are at lower bounds",NA,0.001,NA,"ManualReview",NA,0,NA,FALSE
"YEP_INC-WS1","Unknown",4325,8.686,0.2,1,NA,NA,NA,0.001,0.008686,NA,NA,27.4798,-21876.9414,0.07971,0.996914,0.01,NA,NA,0.009775,NA,NA,29.0179,-21641.3981,0.081911,0.997054,0.01,NA,NA,0.001,0.009775,0.008686,0.018461,NA,NA,NA,NA,0.5295,0.4705,45.327,-19710.4984,0.102373,0.997879,-28.4314,TRUE,TRUE,FALSE,FALSE,"FirstOrder",-21876.9414,"FirstOrder",FALSE,FALSE,"ManualReview","Both combined-model parameters are at lower bounds",NA,0.001,NA,"ManualReview",NA,0,NA,FALSE
"YEP_INC-WS2","Unknown",4349,8.664,0.2,1,NA,NA,NA,0.001,0.008664,NA,NA,19.5755,-23497.4889,0.067091,0.99693,0.01,NA,NA,0.009775,NA,NA,20.88,-23216.9258,0.06929,0.997097,0.01,NA,NA,0.001,0.009775,0.008664,0.018439,NA,NA,NA,NA,0.5301,0.4699,35.2185,-20941.3509,0.089989,0.998021,-34.131,TRUE,TRUE,FALSE,FALSE,"FirstOrder",-23497.4889,"FirstOrder",FALSE,FALSE,"ManualReview","Both combined-model parameters are at lower bounds",NA,0.001,NA,"ManualReview",NA,0,NA,FALSE
"YEP_INC-WU1","Unknown",4253,8.886,0.2,1,NA,NA,NA,0.001,0.008886,NA,NA,22.8824,-22219.9792,0.07335,0.996801,0.01,NA,NA,0.00978,NA,NA,23.2705,-22148.4457,0.07397,0.996935,0.01,NA,NA,0.001,0.00978,0.008886,0.018666,NA,NA,NA,NA,0.5239,0.4761,31.2031,-20898.9102,0.085655,0.997891,-16.7746,TRUE,TRUE,FALSE,FALSE,"FirstOrder",-22219.9792,"FirstOrder",FALSE,FALSE,"ManualReview","Both combined-model parameters are at lower bounds",NA,0.001,NA,"ManualReview",NA,0,NA,FALSE
"YEP_INC-WU2","Unknown",4361,8.434,0.2,1,NA,NA,NA,0.001,0.008434,NA,NA,57.3383,-18887.6197,0.114665,0.997348,0.01,NA,NA,0.009769,NA,NA,62.0783,-18541.2337,0.11931,0.997509,0.01,NA,NA,0.001,0.009768,0.008434,0.018203,NA,NA,NA,NA,0.5366,0.4634,95.8281,-16645.864,0.148236,0.998241,-29.2779,TRUE,TRUE,FALSE,FALSE,"FirstOrder",-18887.6197,"FirstOrder",FALSE,FALSE,"ManualReview","Both combined-model parameters are at lower bounds",NA,0.001,NA,"ManualReview",NA,0,NA,FALSE
"YEP1A_INC-H2","Dry_HighBurn_DOC",399,7.899,0.5,1,10.2596,30.4104,0.002964,2.838645,22.422459,0.066462,66.4622,150.05,-388.219,0.613242,0.999938,15.635861,0.046346,46.3461,14.705044,0.043587,43.5871,5.0124,-1744.4381,0.112083,0.999336,15.629963,0.046329,46.3287,0.001052,14.699497,0.008308,14.707805,43.5707,0.0246,0.043595,43.5953,0.9994,6e-04,5.0298,-1741.0621,0.112276,0.999338,-0.1726,FALSE,FALSE,FALSE,FALSE,"Biotic",-1744.4381,"Biotic",FALSE,FALSE,"ManualReview","Combined parameters are interior but RMSE and residual-autocorrelation diagnostics do not both favor the combined model",43.4448,0.001,42.3954,"Biotic",6.63807866534084,5.2,2.83025988668582,TRUE
"YEP1A_INC-S1","Dry_Control",346,7.287,0.5,1,10.4712,30.4188,0.002905,3.125883,22.778309,0.066171,66.1709,92.7261,-453.609,0.517682,0.999924,16.211178,0.047093,47.0934,15.170265,0.04407,44.0696,2.5992,-1690.3646,0.086673,0.999105,16.205371,0.047077,47.0765,0.001109,15.164831,0.008083,15.172914,44.0538,0.0235,0.044077,44.0773,0.9995,5e-04,2.609,-1687.0678,0.086836,0.999108,-0.1876,FALSE,FALSE,FALSE,FALSE,"Biotic",-1690.3646,"Biotic",FALSE,FALSE,"ManualReview","Combined parameters are interior but RMSE and residual-autocorrelation diagnostics do not both favor the combined model",44.0144,0.001,42.8598,"Biotic",6.95704133192773,10.9,2.84065721258616,TRUE
"YEP1A_INC-S2","Dry_Control",400,7.218,0.5,1,10.0385,30.4015,0.003028,2.848189,20.558229,0.06226,62.2604,137.6417,-424.7244,0.586604,0.999935,14.460827,0.043794,43.7945,13.524002,0.040957,40.9573,7.0081,-1615.7618,0.132364,0.999468,14.453994,0.043774,43.7738,0.001319,13.517612,0.009523,13.527135,40.938,0.0288,0.040967,40.9668,0.9993,7e-04,7.0315,-1612.4264,0.132585,0.99947,-0.1671,FALSE,FALSE,FALSE,FALSE,"Biotic",-1615.7618,"Biotic",FALSE,FALSE,"ManualReview","Combined parameters are interior but RMSE and residual-autocorrelation diagnostics do not both favor the combined model",40.8467,0.001,39.7672,"Biotic",7.16606237468389,31.9,3.01655635800357,TRUE
"YEP1A_INC-U1","Dry_Unburned_DOC",291,7.892,0.5,1,10.7596,30.4304,0.002828,3.21985,25.411056,0.071868,71.8678,69.8814,-413.1184,0.490043,0.999894,18.722101,0.05295,52.95,17.606628,0.049795,49.7952,2.9061,-1338.494,0.099933,0.999148,18.716179,0.052933,52.9333,0.001008,17.601059,0.007952,17.60901,49.7795,0.0225,0.049802,49.802,0.9995,5e-04,2.9136,-1335.7433,0.100062,0.99915,-0.1291,TRUE,FALSE,FALSE,FALSE,"Biotic",-1338.494,"Biotic",FALSE,FALSE,"Biotic","Combined kL is at its lower bound; combined model collapses to biotic model",49.952,0.001,48.7397,"Biotic",5.96832959641257,0.799999999999998,2.17953742021391,FALSE
"YEP1B_INC-H1","Dry_HighBurn_DOC",281,8.445,0.5,1,9.2024,30.3681,0.0033,2.535347,21.411004,0.070657,70.6567,28.7588,-638.5148,0.319913,0.999818,16.825374,0.055524,55.5241,15.884883,0.05242,52.4204,0.4973,-1778.6699,0.042069,0.99354,16.818587,0.055502,55.5017,0.001013,15.878476,0.008553,15.887029,52.3993,0.0282,0.052428,52.4275,0.9995,5e-04,0.5,-1775.1396,0.042183,0.993575,-0.2727,FALSE,FALSE,FALSE,FALSE,"Biotic",-1778.6699,"Biotic",FALSE,FALSE,"ManualReview","Combined parameters are interior but RMSE and residual-autocorrelation diagnostics do not both favor the combined model",52.8718,0.001001,51.6765,"Biotic",4.974107180009,1.19880119880121,1.45327179665806,TRUE
"YEP1B_INC-H3","Dry_HighBurn_DOC",197,7.661,0.5,1,10.0119,30.4005,0.003036,3.427421,26.257469,0.079729,79.7291,13.8633,-520.8299,0.265277,0.999704,21.073532,0.063988,63.9884,19.78242,0.060068,60.0681,0.2529,-1309.5868,0.035832,0.992556,21.067327,0.06397,63.9696,0.001,19.776595,0.007664,19.784259,60.0504,0.0233,0.060074,60.0736,0.9996,4e-04,0.2539,-1306.8105,0.035903,0.992584,-0.1972,TRUE,FALSE,FALSE,FALSE,"Biotic",-1309.5868,"Biotic",FALSE,FALSE,"Biotic","Combined kL is at its lower bound; combined model collapses to biotic model",60.7187,0.001,59.1971,"Biotic",5.35403425962677,0,1.48064685601153,FALSE
"YEP1B_INC-S3","Dry_Control",269,8.088,0.5,1,10.1401,30.4056,0.002999,2.581856,20.882055,0.062616,62.6159,26.1068,-625.4467,0.311531,0.999536,16.585341,0.049732,49.732,15.619729,0.046837,46.8365,0.8636,-1542.4246,0.056661,0.987469,16.578844,0.049712,49.7125,0.001003,15.613611,0.008115,15.621726,46.8182,0.0243,0.046843,46.8425,0.9995,5e-04,0.8668,-1539.4374,0.056765,0.987515,-0.1836,TRUE,FALSE,FALSE,FALSE,"Biotic",-1542.4246,"Biotic",FALSE,FALSE,"Biotic","Combined kL is at its lower bound; combined model collapses to biotic model",47.2875,0.001001,46.1706,"Biotic",5.12820512820512,0.199800199800205,1.45525507574084,FALSE
"YEP1B_INC-U2","Dry_Unburned_DOC",241,8.217,0.5,1,9.7119,30.3885,0.003129,2.949828,24.238739,0.075843,75.8429,19.6838,-601.7054,0.285789,0.999753,19.076381,0.05969,59.6899,17.982175,0.056266,56.2662,0.1223,-1826.2911,0.022525,0.977709,19.069762,0.059669,59.6692,0.001013,17.975936,0.00832,17.984257,56.2466,0.026,0.056273,56.2727,0.9995,5e-04,0.123,-1822.852,0.022592,0.977832,-0.299,FALSE,FALSE,FALSE,FALSE,"Biotic",-1826.2911,"Biotic",FALSE,FALSE,"ManualReview","Combined parameters are interior but RMSE and residual-autocorrelation diagnostics do not both favor the combined model",56.2649,0.026761,55.616,"Combined",6.05048618232681,-96.2146407084937,1.1807753164557,TRUE
"YEP1B_INC-U3","Dry_Unburned_DOC",246,8.469,0.5,1,10.3641,30.4146,0.002935,2.768431,23.445843,0.068804,68.8044,23.3125,-577.6606,0.307841,0.999792,18.634655,0.054685,54.6855,17.595818,0.051637,51.6369,0.5597,-1495.0707,0.0477,0.995433,18.627863,0.054666,54.6655,0.001,17.589405,0.008472,17.597877,51.6181,0.0249,0.051643,51.6429,0.9995,5e-04,0.562,-1492.0514,0.047799,0.995451,-0.2074,TRUE,FALSE,FALSE,FALSE,"Biotic",-1495.0707,"Biotic",FALSE,FALSE,"Biotic","Combined kL is at its lower bound; combined model collapses to biotic model",52.124,0.001001,50.9463,"Biotic",4.87587291842529,-0.0999000999000915,1.36732206264242,FALSE
"YEP1C_INC-H4","Dry_HighBurn_DOC",233,8.43,0.5,1,10.0044,30.4002,0.003039,3.008684,25.363208,0.077071,77.0707,21.6835,-551.2549,0.305061,0.999727,20.008952,0.060801,60.8009,18.88863,0.057397,57.3966,0.2772,-1567.0022,0.034494,0.986868,20.002231,0.06078,60.7804,0.001001,18.882285,0.008437,18.890722,57.3773,0.0256,0.057403,57.4029,0.9996,4e-04,0.2788,-1563.7288,0.034589,0.98694,-0.2736,TRUE,FALSE,FALSE,FALSE,"Biotic",-1567.0022,"Biotic",FALSE,FALSE,"Biotic","Combined kL is at its lower bound; combined model collapses to biotic model",57.9113,0.001001,56.5948,"Biotic",4.95430080139801,0,1.42786969827617,FALSE
"YEP1C_INC-H5","Dry_HighBurn_DOC",185,7.182,0.5,1,9.9662,30.3987,0.00305,3.18123,22.847596,0.069689,69.6893,6.2894,-623.5743,0.184383,0.999566,19.004447,0.057967,57.967,17.7675,0.054194,54.1941,0.0379,-1569.0743,0.014319,0.961096,18.998423,0.057949,57.9486,0.001001,17.761869,0.007187,17.769056,54.1769,0.0219,0.054199,54.1988,0.9996,4e-04,0.0382,-1565.7068,0.014372,0.96137,-0.3703,TRUE,FALSE,FALSE,FALSE,"Biotic",-1569.0743,"Biotic",FALSE,FALSE,"Biotic","Combined kL is at its lower bound; combined model collapses to biotic model",54.9514,0.001,53.4845,"Biotic",5.45427414042226,0.0999999999999916,1.33552711533248,FALSE
"YEP1C_INC-S4","Dry_Control",265,7.848,0.5,1,9.4465,30.3779,0.003216,2.534423,19.890148,0.063962,63.9624,19.8622,-684.5919,0.273773,0.999785,15.95207,0.051298,51.2984,14.996627,0.048226,48.2259,0.4249,-1703.4291,0.040043,0.993841,15.945185,0.051276,51.2763,0.001085,14.990154,0.008511,14.998666,48.2051,0.0274,0.048232,48.2325,0.9994,6e-04,0.4272,-1700.0341,0.040149,0.993872,-0.2635,FALSE,FALSE,FALSE,FALSE,"Biotic",-1703.4291,"Biotic",FALSE,FALSE,"ManualReview","Combined parameters are interior but RMSE and residual-autocorrelation diagnostics do not both favor the combined model",48.7335,0.001,47.5477,"Biotic",5.21776601311213,8.5,1.44023790845825,TRUE
"YEP1C_INC-S5","Dry_Control",257,8.469,0.5,1,10.1333,30.4053,0.003001,2.625702,22.237071,0.066723,66.7231,29.7145,-552.4623,0.34003,0.99979,17.746364,0.053249,53.2485,16.757047,0.05028,50.2801,1.8443,-1266.7976,0.084714,0.998005,17.73944,0.053228,53.2278,0.001017,16.75051,0.008613,16.759123,50.2605,0.0258,0.050286,50.2863,0.9995,5e-04,1.8487,-1264.1847,0.084815,0.99801,-0.1193,FALSE,FALSE,FALSE,FALSE,"Biotic",-1266.7976,"Biotic",FALSE,FALSE,"ManualReview","Combined parameters are interior but RMSE and residual-autocorrelation diagnostics do not both favor the combined model",50.7657,0.001001,49.62,"Biotic",4.84992819955206,1.59840159840159,1.34280532043531,TRUE
"YEP1C_INC-U4","Dry_Unburned_DOC",256,8.502,0.5,1,10.0779,30.4031,0.003017,2.642106,22.463189,0.067767,67.7672,22.1849,-624.1159,0.29438,0.99978,17.866653,0.0539,53.9003,16.874282,0.050906,50.9065,0.3326,-1699.3842,0.036044,0.991185,17.859781,0.05388,53.8795,0.001007,16.867791,0.008561,16.876352,50.8869,0.0258,0.050913,50.9127,0.9995,5e-04,0.3345,-1695.912,0.036148,0.991235,-0.2879,TRUE,FALSE,FALSE,FALSE,"Biotic",-1699.3842,"Biotic",FALSE,FALSE,"Biotic","Combined kL is at its lower bound; combined model collapses to biotic model",51.3875,0.001001,50.2321,"Biotic",4.84942836292872,0.599400599400614,1.35491050543377,FALSE
"YEP1C_INC-U5","Dry_Unburned_DOC",233,8.709,0.5,1,10.2784,30.4111,0.002959,2.879086,25.073959,0.074187,74.1873,23.544,-532.0752,0.317879,0.999765,19.968203,0.059081,59.0807,18.884035,0.055873,55.8729,0.7988,-1320.4336,0.058552,0.996368,19.960799,0.059059,59.0588,0.001059,18.877034,0.009221,18.886254,55.8522,0.0273,0.055879,55.8795,0.9995,5e-04,0.8014,-1317.6842,0.058646,0.99638,-0.1609,FALSE,FALSE,FALSE,FALSE,"Biotic",-1320.4336,"Biotic",FALSE,FALSE,"ManualReview","Combined parameters are interior but RMSE and residual-autocorrelation diagnostics do not both favor the combined model",56.3975,0.001001,55.1572,"Biotic",4.71882618910412,5.79420579420581,1.30952985285692,TRUE
"YEP2A_INC-H1","Wet_HighBurn_DOC",180,4.151,0.5,1,14.1633,36.6567,0.002588,7.308888,30.339196,0.078522,78.5223,7.7244,-564.743,0.207155,0.999696,21.895052,0.056668,56.6676,19.541251,0.050576,50.5756,0.6439,-1011.9616,0.059811,0.998465,17.050732,0.04413,44.1298,1.565767,15.217714,6.499498,21.717211,39.3857,16.8217,0.056207,56.2073,0.7007,0.2993,0.0221,-1617.035,0.011077,0.965893,81.4799,FALSE,FALSE,FALSE,FALSE,"Combined",-1617.035,"Biotic",TRUE,TRUE,"Combined","Both parameters are interior; combined model has lower RMSE and lower absolute lag-1 residual autocorrelation than both single models",32.7828,2.461471,57.7205,"Combined",34.6126627377771,-36.3889722852717,-2.62159891199834,FALSE
"YEP2A_INC-H2","Wet_HighBurn_DOC",179,4.646,0.5,1,14.0408,36.5992,0.002607,6.970979,32.387168,0.084421,84.4214,6.9331,-579.9427,0.196806,0.999566,23.170707,0.060398,60.3975,20.919376,0.054529,54.5291,1.637,-838.3147,0.095632,0.998576,15.759805,0.04108,41.08,2.176251,14.228537,10.110862,24.339399,37.0886,26.3553,0.063444,63.4439,0.5846,0.4154,0.0432,-1486.9978,0.015533,0.959619,83.7577,FALSE,FALSE,FALSE,FALSE,"Combined",-1486.9978,"Biotic",TRUE,TRUE,"Combined","Both parameters are interior; combined model has lower RMSE and lower absolute lag-1 residual autocorrelation than both single models",31.7255,2.825783,64.6376,"Combined",29.4857449055176,-22.985912223267,-1.84675792418036,FALSE
"YEP2A_INC-S1","Wet_Control",183,4.771,0.5,1,13.4762,36.3338,0.002696,8.334817,39.765411,0.107213,107.2133,7.7499,-576.6114,0.205789,0.999722,26.932572,0.072614,72.6141,24.377784,0.065726,65.7261,4.1387,-691.4079,0.150385,0.999363,15.267843,0.041164,41.1643,3.476911,13.819556,16.588342,30.407898,37.2595,44.7246,0.081984,81.9841,0.4545,0.5455,0.1877,-1255.4887,0.032025,0.99512,78.7044,FALSE,FALSE,FALSE,FALSE,"Combined",-1255.4887,"Biotic",TRUE,TRUE,"Combined","Both parameters are interior; combined model has lower RMSE and lower absolute lag-1 residual autocorrelation than both single models",30.7929,4.214452,83.7658,"Combined",33.6811407824531,-17.50028236174,-2.12700171191584,FALSE
"YEP2A_INC-S2","Wet_Control",144,5.4,0.5,1,13.6735,36.4265,0.002664,6.572803,35.493134,0.094554,94.5545,2.246,-597.1342,0.124889,0.999272,26.726863,0.071201,71.2009,24.461874,0.065167,65.167,2.3271,-592.0272,0.127124,0.999034,13.628737,0.036307,36.3073,3.191198,12.473759,17.232467,29.706226,33.2304,45.9077,0.079138,79.138,0.4199,0.5801,0.0409,-1171.8744,0.016859,0.973542,86.5012,FALSE,FALSE,FALSE,FALSE,"Combined",-1171.8744,"FirstOrder",TRUE,TRUE,"Combined","Both parameters are interior; combined model has lower RMSE and lower absolute lag-1 residual autocorrelation than both single models",30.2046,3.510279,79.6237,"Combined",20.204538381571,-9.08990424977616,-0.609994260502833,FALSE
"YEP2A_INC-U1","Wet_Unburned_DOC",132,3.847,0.5,1,13.4082,36.3018,0.002707,9.226015,35.49248,0.096094,96.0935,2.5077,-521.1735,0.137832,0.999179,26.360914,0.07137,71.3704,23.328833,0.063161,63.1612,1.1177,-627.8453,0.092017,0.997887,16.17741,0.043799,43.7993,3.495216,14.316654,13.446097,27.762751,38.7614,36.4044,0.075166,75.1658,0.5157,0.4843,0.1047,-938.3507,0.02817,0.985146,69.3866,FALSE,FALSE,FALSE,FALSE,"Combined",-938.3507,"Biotic",TRUE,TRUE,"Combined","Both parameters are interior; combined model has lower RMSE and lower absolute lag-1 residual autocorrelation than both single models",32.907,4.325592,76.3339,"Combined",33.1002522259702,-19.1968174529637,-1.5302506487943,FALSE
"YEP2A_INC-U2","Wet_Unburned_DOC",152,4.792,0.5,1,13.966,36.564,0.002618,6.935335,33.234126,0.087009,87.0094,4.1698,-544.5934,0.165629,0.999376,24.774223,0.064861,64.8607,22.433499,0.058733,58.7325,1.1135,-745.2818,0.085592,0.998141,16.63901,0.043562,43.5621,2.242632,15.066919,10.746693,25.813613,39.4463,28.1356,0.067582,67.5819,0.5837,0.4163,0.0186,-1364.9752,0.011073,0.918737,87.0625,FALSE,FALSE,FALSE,FALSE,"Combined",-1364.9752,"Biotic",TRUE,TRUE,"Combined","Both parameters are interior; combined model has lower RMSE and lower absolute lag-1 residual autocorrelation than both single models",34.882,2.784382,68.4168,"Combined",24.884180952927,-19.4567412086416,-1.22031430876625,FALSE
"YEP2B_INC-H3","Wet_HighBurn_DOC",114,5.191,0.5,1,14.7227,36.9196,0.002508,6.134512,31.844253,0.079855,79.8547,0.8063,-562.4718,0.0841,0.998078,26.156785,0.065592,65.5925,23.858702,0.05983,59.8296,0.5768,-600.66,0.07113,0.997005,14.512796,0.036393,36.3932,2.714391,13.23773,14.090402,27.328132,33.1958,35.334,0.06853,68.5298,0.4844,0.5156,0.0097,-1064.8654,0.009205,0.878622,87.0589,FALSE,FALSE,FALSE,FALSE,"Combined",-1064.8654,"Biotic",TRUE,TRUE,"Combined","Both parameters are interior; combined model has lower RMSE and lower absolute lag-1 residual autocorrelation than both single models",30.9003,2.997688,68.7757,"Combined",17.7762028200373,-9.45051653140687,-0.357539072666663,FALSE
"YEP2B_INC-S3","Wet_Control",88,5.694,0.5,1,14.2743,36.7089,0.002572,5.763865,32.819447,0.084401,84.401,0.1102,-586.0594,0.035393,0.989479,28.616645,0.073593,73.5928,26.306615,0.067652,67.6521,0.3985,-472.9675,0.067294,0.99585,10.051514,0.025849,25.8493,3.730767,9.240123,21.242986,30.483109,23.7626,54.6301,0.078393,78.3927,0.3031,0.6969,0.0033,-892.5053,0.006135,0.691715,82.6666,FALSE,FALSE,FALSE,FALSE,"Combined",-892.5053,"FirstOrder",TRUE,TRUE,"Combined","Both parameters are interior; combined model has lower RMSE and lower absolute lag-1 residual autocorrelation than both single models",22.6252,3.866222,78.4711,"Combined",14.2500397786539,-3.50354945991202,-0.0999093933945134,FALSE
"YEP2B_INC-U3","Wet_Unburned_DOC",93,4.936,0.5,1,14.6663,36.8932,0.002516,7.436452,36.706328,0.092335,92.3351,0.4979,-484.3835,0.07317,0.997151,30.417092,0.076514,76.5144,27.619346,0.069477,69.4767,0.4559,-492.5812,0.070015,0.996508,15.922113,0.040052,40.0522,3.524246,14.457607,17.395679,31.853286,36.3682,43.759,0.080127,80.1272,0.4539,0.5461,0.002,-996.2916,0.004617,0.505965,93.4051,FALSE,FALSE,FALSE,FALSE,"Combined",-996.2916,"Biotic",TRUE,TRUE,"Combined","Both parameters are interior; combined model has lower RMSE and lower absolute lag-1 residual autocorrelation than both single models",33.7626,3.862402,80.4056,"Combined",18.6288970636148,-8.75507003155031,-0.346244540181287,FALSE
"YEP2C_INC-H4","Wet_HighBurn_DOC",161,6.516,0.5,1,12.481,35.866,0.002874,4.004874,26.09576,0.07499,74.99,0.8309,-845.9316,0.071839,0.998133,21.288606,0.061176,61.176,19.771459,0.056816,56.8162,1.8089,-720.6773,0.105998,0.998776,8.804023,0.0253,25.2997,2.339052,8.176598,15.241264,23.417862,23.4967,43.798,0.067295,67.2947,0.3492,0.6508,0.0299,-1379.4596,0.013617,0.953233,81.0455,FALSE,FALSE,FALSE,FALSE,"Combined",-1379.4596,"FirstOrder",TRUE,TRUE,"Combined","Both parameters are interior; combined model has lower RMSE and lower absolute lag-1 residual autocorrelation than both single models",22.2657,2.446529,67.4132,"Combined",13.6263400656615,-4.39304009885024,-0.175781597669295,FALSE
"YEP2C_INC-H5","Wet_HighBurn_DOC",113,6.012,0.5,1,14.4603,36.7963,0.002545,4.983955,29.96354,0.076247,76.2465,0.3071,-665.6101,0.052129,0.996545,25.424558,0.064696,64.6964,23.472426,0.059729,59.7289,0.6973,-572.9349,0.078555,0.997766,10.336289,0.026302,26.3022,2.948312,9.542655,17.725251,27.267906,24.2826,45.1044,0.069387,69.3871,0.35,0.65,0.013,-1020.7487,0.010735,0.928962,79.4078,FALSE,FALSE,FALSE,FALSE,"Combined",-1020.7487,"FirstOrder",TRUE,TRUE,"Combined","Both parameters are interior; combined model has lower RMSE and lower absolute lag-1 residual autocorrelation than both single models",23.0794,3.081709,69.4815,"Combined",13.9639678674489,-4.3286695791199,-0.135863503234664,FALSE
"YEP2C_INC-S4","Wet_Control",112,5.992,0.5,1,14.1651,36.6576,0.002588,4.960362,29.722488,0.076918,76.9183,0.2493,-682.0493,0.04718,0.994983,25.298243,0.065469,65.4689,23.349826,0.060427,60.4266,0.7045,-565.6988,0.079312,0.99748,9.653898,0.024983,24.9831,3.05853,8.910376,18.326712,27.237087,23.059,47.4274,0.070486,70.4864,0.3271,0.6729,0.0052,-1112.5194,0.006843,0.785331,85.4949,FALSE,FALSE,FALSE,FALSE,"Combined",-1112.5194,"FirstOrder",TRUE,TRUE,"Combined","Both parameters are interior; combined model has lower RMSE and lower absolute lag-1 residual autocorrelation than both single models",21.9129,3.183957,70.5775,"Combined",14.0109250715332,-3.93934340193664,-0.129077963940345,FALSE
"YEP2C_INC-S5","Wet_Control",113,6.288,0.5,1,13.9882,36.5745,0.002615,5.043463,31.713296,0.08292,82.9197,0.3086,-665.0381,0.052261,0.996236,26.71631,0.069854,69.8543,24.748403,0.064709,64.7089,0.8496,-550.6083,0.086711,0.99798,10.297119,0.026924,26.9235,3.090019,9.538639,19.430037,28.968677,24.9404,50.8031,0.075743,75.7435,0.3293,0.6707,0.0048,-1134.1133,0.0065,0.792993,87.5619,FALSE,FALSE,FALSE,FALSE,"Combined",-1134.1133,"FirstOrder",TRUE,TRUE,"Combined","Both parameters are interior; combined model has lower RMSE and lower absolute lag-1 residual autocorrelation than both single models",23.7213,3.214804,75.8448,"Combined",13.4992601585917,-3.88157411773782,-0.13356222180032,FALSE
"YEP2C_INC-U4","Wet_Unburned_DOC",122,6.566,0.5,1,13.912,36.5386,0.002626,5.061159,33.231567,0.08728,87.2797,0.5137,-665.3552,0.06489,0.997317,27.375085,0.071898,71.8982,25.437986,0.066811,66.8106,1.2585,-556.0364,0.101567,0.998322,10.938213,0.028728,28.7282,3.027731,10.16421,19.880079,30.044289,26.6954,52.2132,0.078909,78.9086,0.3383,0.6617,0.0123,-1118.2427,0.010058,0.903105,84.4994,FALSE,FALSE,FALSE,FALSE,"Combined",-1118.2427,"FirstOrder",TRUE,TRUE,"Combined","Both parameters are interior; combined model has lower RMSE and lower absolute lag-1 residual autocorrelation than both single models",25.3524,3.15623,79.0321,"Combined",13.3155046465029,-4.07128124376233,-0.156265618653677,FALSE
"YEP2C_INC-U5","Wet_Unburned_DOC",109,6.134,0.5,1,14.014,36.5866,0.002611,5.225813,32.055134,0.083687,83.6869,0.2896,-644.4187,0.051549,0.992616,27.073902,0.070682,70.6823,25.033361,0.065355,65.355,0.7732,-537.3988,0.084221,0.99634,10.488811,0.027383,27.3833,3.19134,9.698276,19.575682,29.273959,25.3195,51.1066,0.076426,76.426,0.3313,0.6687,0.0107,-1001.7895,0.009915,0.818569,80.766,FALSE,FALSE,FALSE,FALSE,"Combined",-1001.7895,"FirstOrder",TRUE,TRUE,"Combined","Both parameters are interior; combined model has lower RMSE and lower absolute lag-1 residual autocorrelation than both single models",24.0706,3.323071,76.5267,"Combined",13.7624321786744,-3.96413438051731,-0.131588060114971,FALSE
"YEP_INC-WH1","Unknown",4277,8.626,0.5,1,NA,NA,NA,0.001,0.008626,NA,NA,38.2982,-20166.6346,0.094628,0.997788,0.01,NA,NA,0.009452,NA,NA,40.3615,-19942.214,0.097144,0.997864,0.01,NA,NA,0.001,0.009452,0.008626,0.018078,NA,NA,NA,NA,0.5228,0.4772,65.3582,-17878.6657,0.123618,0.998452,-30.6354,TRUE,TRUE,FALSE,FALSE,"FirstOrder",-20166.6346,"FirstOrder",FALSE,FALSE,"ManualReview","Both combined-model parameters are at lower bounds",NA,0.001,NA,"ManualReview",NA,0,NA,FALSE
"YEP_INC-WH2","Unknown",4288,8.623,0.5,1,NA,NA,NA,0.001,0.008623,NA,NA,32.1767,-20976.3282,0.086625,0.997842,0.01,NA,NA,0.009452,NA,NA,33.9117,-20751.1321,0.08893,0.997917,0.01,NA,NA,0.001,0.009452,0.008623,0.018075,NA,NA,NA,NA,0.5229,0.4771,55.525,-18634.8294,0.113793,0.998497,-31.3632,TRUE,TRUE,FALSE,FALSE,"FirstOrder",-20976.3282,"FirstOrder",FALSE,FALSE,"ManualReview","Both combined-model parameters are at lower bounds",NA,0.001,NA,"ManualReview",NA,0,NA,FALSE
"YEP_INC-WS1","Unknown",4325,8.686,0.5,1,NA,NA,NA,0.001,0.008686,NA,NA,27.4798,-21876.9414,0.07971,0.996914,0.01,NA,NA,0.009456,NA,NA,28.5626,-21709.8053,0.081265,0.997015,0.01,NA,NA,0.001,0.009456,0.008686,0.018142,NA,NA,NA,NA,0.5212,0.4788,44.5847,-19781.9073,0.101531,0.997855,-27.3755,TRUE,TRUE,FALSE,FALSE,"FirstOrder",-21876.9414,"FirstOrder",FALSE,FALSE,"ManualReview","Both combined-model parameters are at lower bounds",NA,0.001,NA,"ManualReview",NA,0,NA,FALSE
"YEP_INC-WS2","Unknown",4349,8.664,0.5,1,NA,NA,NA,0.001,0.008664,NA,NA,19.5755,-23497.4889,0.067091,0.99693,0.01,NA,NA,0.009455,NA,NA,20.4975,-23297.3328,0.068652,0.997052,0.01,NA,NA,0.001,0.009455,0.008664,0.018119,NA,NA,NA,NA,0.5218,0.4782,34.5439,-21025.4538,0.089123,0.997994,-32.8403,TRUE,TRUE,FALSE,FALSE,"FirstOrder",-23497.4889,"FirstOrder",FALSE,FALSE,"ManualReview","Both combined-model parameters are at lower bounds",NA,0.001,NA,"ManualReview",NA,0,NA,FALSE
"YEP_INC-WU1","Unknown",4253,8.886,0.5,1,NA,NA,NA,0.001,0.008886,NA,NA,22.8824,-22219.9792,0.07335,0.996801,0.01,NA,NA,0.009467,NA,NA,23.1305,-22174.1174,0.073747,0.996891,0.01,NA,NA,0.001,0.009467,0.008886,0.018354,NA,NA,NA,NA,0.5158,0.4842,30.7892,-20955.7007,0.085085,0.997865,-15.9975,TRUE,TRUE,FALSE,FALSE,"FirstOrder",-22219.9792,"FirstOrder",FALSE,FALSE,"ManualReview","Both combined-model parameters are at lower bounds",NA,0.001,NA,"ManualReview",NA,0,NA,FALSE
"YEP_INC-WU2","Unknown",4361,8.434,0.5,1,NA,NA,NA,0.001,0.008434,NA,NA,57.3383,-18887.6197,0.114665,0.997348,0.01,NA,NA,0.00944,NA,NA,60.9086,-18624.1867,0.118181,0.997471,0.01,NA,NA,0.001,0.00944,0.008434,0.017875,NA,NA,NA,NA,0.5281,0.4719,94.3638,-16713.0162,0.147099,0.998218,-28.2863,TRUE,TRUE,FALSE,FALSE,"FirstOrder",-18887.6197,"FirstOrder",FALSE,FALSE,"ManualReview","Both combined-model parameters are at lower bounds",NA,0.001,NA,"ManualReview",NA,0,NA,FALSE
"YEP1A_INC-H2","Dry_HighBurn_DOC",399,7.899,1,1,10.2596,30.4104,0.002964,2.838645,22.422459,0.066462,66.4622,150.05,-388.219,0.613242,0.999938,17.187012,0.050944,50.9439,15.25567,0.045219,45.2192,12.6241,-1375.8897,0.177874,0.999724,17.114804,0.05073,50.7299,0.012489,15.191576,0.098649,15.290226,45.0292,0.2924,0.045322,45.3216,0.9935,0.0065,12.9096,-1364.966,0.179874,0.999728,-1.1245,FALSE,FALSE,FALSE,FALSE,"Biotic",-1375.8897,"Biotic",FALSE,FALSE,"ManualReview","Combined parameters are interior but RMSE and residual-autocorrelation diagnostics do not both favor the combined model",43.4448,0.001,42.3954,"Biotic",16.768635141605,1148.9,6.90216391400952,TRUE
"YEP1A_INC-S1","Dry_Control",346,7.287,1,1,10.4712,30.4188,0.002905,3.125883,22.778309,0.066171,66.1709,92.7261,-453.609,0.517682,0.999924,17.902854,0.052008,52.0077,15.7425,0.045732,45.7319,7.388,-1328.9161,0.146126,0.999662,17.680261,0.051361,51.3611,0.038205,15.546767,0.278403,15.825171,45.1633,0.8088,0.045972,45.9721,0.9824,0.0176,7.8745,-1304.8498,0.15086,0.999679,-3.2402,FALSE,FALSE,FALSE,FALSE,"Biotic",-1328.9161,"Biotic",FALSE,FALSE,"ManualReview","Combined parameters are interior but RMSE and residual-autocorrelation diagnostics do not both favor the combined model",44.0144,0.001,42.8598,"Biotic",16.6915827547348,3720.5,7.26158311518019,TRUE
"YEP1A_INC-S2","Dry_Control",400,7.218,1,1,10.0385,30.4015,0.003028,2.848189,20.558229,0.06226,62.2604,137.6417,-424.7244,0.586604,0.999935,16.007217,0.048478,48.4777,14.059393,0.042579,42.5787,15.7043,-1293.0131,0.198143,0.999747,15.945723,0.048291,48.2915,0.01193,14.005382,0.086111,14.091493,42.4152,0.2608,0.042676,42.676,0.9939,0.0061,15.9729,-1284.2293,0.19983,0.999749,-0.8516,FALSE,FALSE,FALSE,FALSE,"Biotic",-1293.0131,"Biotic",FALSE,FALSE,"ManualReview","Combined parameters are interior but RMSE and residual-autocorrelation diagnostics do not both favor the combined model",40.8467,0.001,39.7672,"Biotic",18.2261969755207,1093,7.31457080206803,TRUE
"YEP1A_INC-U1","Dry_Unburned_DOC",291,7.892,1,1,10.7596,30.4304,0.002828,3.21985,25.411056,0.071868,71.8678,69.8814,-413.1184,0.490043,0.999894,20.439545,0.057807,57.8073,18.140901,0.051306,51.3063,6.0536,-1124.9477,0.144231,0.999567,20.432944,0.057789,57.7886,0.001037,18.135042,0.008185,18.143227,51.2897,0.0231,0.051313,51.3128,0.9995,5e-04,6.0635,-1122.4721,0.144349,0.999568,-0.0817,FALSE,FALSE,FALSE,FALSE,"Biotic",-1124.9477,"Biotic",FALSE,FALSE,"ManualReview","Combined parameters are interior but RMSE and residual-autocorrelation diagnostics do not both favor the combined model",49.952,0.001,48.7397,"Biotic",15.6882607303011,3.69999999999999,5.27926926099259,TRUE
"YEP1B_INC-H1","Dry_HighBurn_DOC",281,8.445,1,1,9.2024,30.3681,0.0033,2.535347,21.411004,0.070657,70.6567,28.7588,-638.5148,0.319913,0.999818,18.142859,0.059872,59.8718,16.221963,0.053533,53.5328,1.2564,-1518.2312,0.066868,0.997489,18.135639,0.059848,59.848,0.001002,16.215508,0.008462,16.223969,53.5115,0.0279,0.053539,53.5394,0.9995,5e-04,1.2604,-1515.3501,0.066973,0.997497,-0.1569,TRUE,FALSE,FALSE,FALSE,"Biotic",-1518.2312,"Biotic",FALSE,FALSE,"Biotic","Combined kL is at its lower bound; combined model collapses to biotic model",52.8718,0.001001,51.6765,"Biotic",13.1945574011099,0.0999000999001132,3.60492680425339,FALSE
"YEP1B_INC-H3","Dry_HighBurn_DOC",197,7.661,1,1,10.0119,30.4005,0.003036,3.427421,26.257469,0.079729,79.7291,13.8633,-520.8299,0.265277,0.999704,22.84492,0.069367,69.3672,20.207243,0.061358,61.358,0.6564,-1121.7227,0.057724,0.997081,22.838203,0.069347,69.3468,0.001001,20.201302,0.007665,20.208967,61.34,0.0233,0.061363,61.3632,0.9996,4e-04,0.6579,-1119.2876,0.057787,0.997087,-0.1105,TRUE,FALSE,FALSE,FALSE,"Biotic",-1121.7227,"Biotic",FALSE,FALSE,"Biotic","Combined kL is at its lower bound; combined model collapses to biotic model",60.7187,0.001,59.1971,"Biotic",14.2099550879713,0.0999999999999916,3.65913195072056,FALSE
"YEP1B_INC-S3","Dry_Control",269,8.088,1,1,10.1401,30.4056,0.002999,2.581856,20.882055,0.062616,62.6159,26.1068,-625.4467,0.311531,0.999536,17.922983,0.053743,53.743,15.950823,0.047829,47.8293,1.7354,-1354.6999,0.080319,0.993856,17.915978,0.053722,53.722,0.001002,15.94459,0.008105,15.952695,47.8107,0.0243,0.047835,47.835,0.9995,5e-04,1.7394,-1352.069,0.080413,0.99387,-0.1173,TRUE,FALSE,FALSE,FALSE,"Biotic",-1354.6999,"Biotic",FALSE,FALSE,"Biotic","Combined kL is at its lower bound; combined model collapses to biotic model",47.2875,0.001001,46.1706,"Biotic",13.6071900607983,0.0999000999001132,3.60489142441294,FALSE
"YEP1B_INC-U2","Dry_Unburned_DOC",241,8.217,1,1,9.7119,30.3885,0.003129,2.949828,24.238739,0.075843,75.8429,19.6838,-601.7054,0.285789,0.999753,20.609472,0.064487,64.487,18.373444,0.05749,57.4904,0.4371,-1519.2759,0.042588,0.993618,20.602417,0.064465,64.4649,0.001001,18.367154,0.008226,18.37538,57.4708,0.0257,0.057496,57.4965,0.9996,4e-04,0.4388,-1516.3272,0.042672,0.993643,-0.197,TRUE,FALSE,FALSE,FALSE,"Biotic",-1519.2759,"Biotic",FALSE,FALSE,"Biotic","Combined kL is at its lower bound; combined model collapses to biotic model",56.2649,0.026761,55.616,"Combined",14.573917309015,-96.2594820821345,3.38122123130034,TRUE
"YEP1B_INC-U3","Dry_Unburned_DOC",246,8.469,1,1,10.3641,30.4146,0.002935,2.768431,23.445843,0.068804,68.8044,23.3125,-577.6606,0.307841,0.999792,20.067978,0.058892,58.8917,17.948644,0.052672,52.6723,1.2247,-1302.4583,0.070557,0.9979,20.060664,0.05887,58.8702,0.001002,17.942102,0.008487,17.950589,52.6531,0.0249,0.052678,52.678,0.9995,5e-04,1.2278,-1299.8274,0.070647,0.997906,-0.1283,TRUE,FALSE,FALSE,FALSE,"Biotic",-1302.4583,"Biotic",FALSE,FALSE,"Biotic","Combined kL is at its lower bound; combined model collapses to biotic model",52.124,0.001001,50.9463,"Biotic",12.9425984191543,0.0999000999001132,3.39906921601764,FALSE
"YEP1C_INC-H4","Dry_HighBurn_DOC",233,8.43,1,1,10.0044,30.4002,0.003039,3.008684,25.363208,0.077071,77.0707,21.6835,-551.2549,0.305061,0.999727,21.570348,0.065545,65.5454,19.28293,0.058595,58.5947,0.804,-1318.933,0.058741,0.9955,21.563109,0.065523,65.5235,0.001002,19.276459,0.008445,19.284904,58.575,0.0257,0.058601,58.6007,0.9996,4e-04,0.8063,-1316.2479,0.058827,0.995513,-0.1471,TRUE,FALSE,FALSE,FALSE,"Biotic",-1318.933,"Biotic",FALSE,FALSE,"Biotic","Combined kL is at its lower bound; combined model collapses to biotic model",57.9113,0.001001,56.5948,"Biotic",13.1445849082994,0.0999000999001132,3.54431855930228,FALSE
"YEP1C_INC-H5","Dry_HighBurn_DOC",185,7.182,1,1,9.9662,30.3987,0.00305,3.18123,22.847596,0.069689,69.6893,6.2894,-623.5743,0.184383,0.999566,20.634182,0.062938,62.938,18.112283,0.055246,55.2457,0.1673,-1294.562,0.03007,0.990809,20.627651,0.062918,62.918,0.001001,18.10655,0.007186,18.113736,55.2282,0.0219,0.05525,55.2501,0.9996,4e-04,0.1678,-1291.9476,0.03012,0.990838,-0.1662,TRUE,FALSE,FALSE,FALSE,"Biotic",-1294.562,"Biotic",FALSE,FALSE,"Biotic","Combined kL is at its lower bound; combined model collapses to biotic model",54.9514,0.001,53.4845,"Biotic",14.497537824332,0.0999999999999916,3.30114332189701,FALSE
"YEP1C_INC-S4","Dry_Control",265,7.848,1,1,9.4465,30.3779,0.003216,2.534423,19.890148,0.063962,63.9624,19.8622,-684.5919,0.273773,0.999785,17.261646,0.05551,55.5097,15.310736,0.049236,49.236,1.0207,-1471.1887,0.062063,0.997408,17.254784,0.055488,55.4877,0.001001,15.30465,0.007859,15.312509,49.2164,0.0253,0.049242,49.2417,0.9995,5e-04,1.0236,-1468.4397,0.062151,0.997415,-0.1414,TRUE,FALSE,FALSE,FALSE,"Biotic",-1471.1887,"Biotic",FALSE,FALSE,"Biotic","Combined kL is at its lower bound; combined model collapses to biotic model",48.7335,0.001,47.5477,"Biotic",13.8594601249654,0.0999999999999916,3.56273805042095,FALSE
"YEP1C_INC-S5","Dry_Control",257,8.469,1,1,10.1333,30.4053,0.003001,2.625702,22.237071,0.066723,66.7231,29.7145,-552.4623,0.34003,0.99979,19.104781,0.057325,57.3245,17.087168,0.051271,51.2706,2.8945,-1150.9659,0.106126,0.99872,19.097459,0.057303,57.3026,0.001002,17.080619,0.008484,17.089103,51.251,0.0255,0.051276,51.2764,0.9995,5e-04,2.8996,-1148.5166,0.106219,0.998722,-0.0874,TRUE,FALSE,FALSE,FALSE,"Biotic",-1150.9659,"Biotic",FALSE,FALSE,"Biotic","Combined kL is at its lower bound; combined model collapses to biotic model",50.7657,0.001001,49.62,"Biotic",12.8766076307428,0.0999000999001132,3.33817009270456,FALSE
"YEP1C_INC-U4","Dry_Unburned_DOC",256,8.502,1,1,10.0779,30.4031,0.003017,2.642106,22.463189,0.067767,67.7672,22.1849,-624.1159,0.29438,0.99978,19.234099,0.058026,58.0256,17.209883,0.051919,51.9189,0.8819,-1449.7329,0.058694,0.9967,19.226757,0.058003,58.0035,0.001001,17.203314,0.00851,17.211824,51.8991,0.0257,0.051925,51.9248,0.9995,5e-04,0.8847,-1446.9127,0.058788,0.99671,-0.1603,TRUE,FALSE,FALSE,FALSE,"Biotic",-1449.7329,"Biotic",FALSE,FALSE,"Biotic","Combined kL is at its lower bound; combined model collapses to biotic model",51.3875,0.001001,50.2321,"Biotic",12.8747263439552,0,3.36975758528908,FALSE
"YEP1C_INC-U5","Dry_Unburned_DOC",233,8.709,1,1,10.2784,30.4111,0.002959,2.879086,25.073959,0.074187,74.1873,23.544,-532.0752,0.317879,0.999765,21.458047,0.063489,63.4888,19.247928,0.05695,56.9496,1.4591,-1180.0621,0.079134,0.998002,21.450528,0.063467,63.4665,0.001002,19.241183,0.008729,19.249912,56.9296,0.0258,0.056955,56.9555,0.9995,5e-04,1.4622,-1177.5579,0.07922,0.998006,-0.1083,TRUE,FALSE,FALSE,FALSE,"Biotic",-1180.0621,"Biotic",FALSE,FALSE,"Biotic","Combined kL is at its lower bound; combined model collapses to biotic model",56.3975,0.001001,55.1572,"Biotic",12.534243539164,0.0999000999001132,3.26031778262856,FALSE
"YEP2A_INC-H1","Wet_HighBurn_DOC",180,4.151,1,1,14.1633,36.6567,0.002588,7.308888,30.339196,0.078522,78.5223,7.7244,-564.743,0.207155,0.999696,25.821824,0.066831,66.8307,20.808851,0.053856,53.8564,0.0985,-1349.9877,0.023388,0.991313,24.992688,0.064685,64.6847,0.227482,20.140681,0.944277,21.084959,52.127,2.4439,0.054571,54.571,0.9552,0.0448,0.09,-1364.1655,0.02236,0.990896,4.3943,FALSE,FALSE,FALSE,FALSE,"Combined",-1364.1655,"Biotic",TRUE,TRUE,"Combined","Both parameters are interior; combined model has lower RMSE and lower absolute lag-1 residual autocorrelation than both single models",32.7828,2.461471,57.7205,"Combined",97.3129201898557,-90.7582904693982,-5.45646693982208,FALSE
"YEP2A_INC-H2","Wet_HighBurn_DOC",179,4.646,1,1,14.0408,36.5992,0.002607,6.970979,32.387168,0.084421,84.4214,6.9331,-579.9427,0.196806,0.999566,26.939968,0.070223,70.2226,22.168454,0.057785,57.785,0.4245,-1079.9142,0.048699,0.995212,22.247306,0.057991,57.9905,1.185024,18.30694,5.505622,23.812562,47.7195,14.3511,0.062071,62.0706,0.7688,0.2312,0.1103,-1319.0909,0.024828,0.983531,49.017,FALSE,FALSE,FALSE,FALSE,"Combined",-1319.0909,"Biotic",TRUE,TRUE,"Combined","Both parameters are interior; combined model has lower RMSE and lower absolute lag-1 residual autocorrelation than both single models",31.7255,2.825783,64.6376,"Combined",82.7882933287103,-58.0638711465105,-3.97137269948143,FALSE
"YEP2A_INC-S1","Wet_Control",183,4.771,1,1,13.4762,36.3338,0.002696,8.334817,39.765411,0.107213,107.2133,7.7499,-576.6114,0.205789,0.999722,31.442999,0.084775,84.7749,25.99455,0.070085,70.0851,1.612,-863.9577,0.093855,0.998868,22.06003,0.059477,59.4771,2.403836,18.237464,11.468702,29.706166,49.1709,30.9213,0.080092,80.0922,0.6139,0.3861,0.3519,-1140.4688,0.043851,0.996966,53.2782,FALSE,FALSE,FALSE,FALSE,"Combined",-1140.4688,"Biotic",TRUE,TRUE,"Combined","Both parameters are interior; combined model has lower RMSE and lower absolute lag-1 residual autocorrelation than both single models",30.7929,4.214452,83.7658,"Combined",93.1519928295159,-42.962074310017,-4.38556069422126,FALSE
"YEP2A_INC-S2","Wet_Control",144,5.4,1,1,13.6735,36.4265,0.002664,6.572803,35.493134,0.094554,94.5545,2.246,-597.1342,0.124889,0.999272,30.218676,0.080503,80.5032,25.497008,0.067925,67.9246,1.2307,-683.7566,0.092449,0.998542,17.791341,0.047397,47.3965,2.676838,15.011444,14.454924,29.466367,39.9908,38.5082,0.078499,78.499,0.5094,0.4906,0.0576,-1122.6764,0.019999,0.980691,78.3675,FALSE,FALSE,FALSE,FALSE,"Combined",-1122.6764,"Biotic",TRUE,TRUE,"Combined","Both parameters are interior; combined model has lower RMSE and lower absolute lag-1 residual autocorrelation than both single models",30.2046,3.510279,79.6237,"Combined",56.9181515398317,-23.7428705809424,-1.41251913689015,FALSE
"YEP2A_INC-U1","Wet_Unburned_DOC",132,3.847,1,1,13.4082,36.3018,0.002707,9.226015,35.49248,0.096094,96.0935,2.5077,-521.1735,0.137832,0.999179,31.288415,0.084711,84.7113,24.833202,0.067234,67.2342,0.4118,-759.6286,0.055857,0.995128,23.630759,0.063979,63.9787,2.21509,18.755422,8.521451,27.276872,50.779,23.0713,0.07385,73.8503,0.6876,0.3124,0.1522,-889.0379,0.033955,0.989125,39.2111,FALSE,FALSE,FALSE,FALSE,"Combined",-889.0379,"Biotic",TRUE,TRUE,"Combined","Both parameters are interior; combined model has lower RMSE and lower absolute lag-1 residual autocorrelation than both single models",32.907,4.325592,76.3339,"Combined",94.4227671923907,-48.7910556520356,-3.25360030078379,FALSE
"YEP2A_INC-U2","Wet_Unburned_DOC",152,4.792,1,1,13.966,36.564,0.002618,6.935335,33.234126,0.087009,87.0094,4.1698,-544.5934,0.165629,0.999376,28.478154,0.074558,74.5579,23.561346,0.061685,61.6853,0.3323,-929.0718,0.04676,0.994607,22.694585,0.059416,59.4161,1.386091,18.776321,6.642148,25.418469,49.1578,17.3896,0.066547,66.5474,0.7387,0.2613,0.0432,-1237.2738,0.016855,0.963968,63.955,FALSE,FALSE,FALSE,FALSE,"Combined",-1237.2738,"Biotic",TRUE,TRUE,"Combined","Both parameters are interior; combined model has lower RMSE and lower absolute lag-1 residual autocorrelation than both single models",34.882,2.784382,68.4168,"Combined",70.3345565047876,-50.219079134975,-2.73236982729388,FALSE
"YEP2B_INC-H3","Wet_HighBurn_DOC",114,5.191,1,1,14.7227,36.9196,0.002508,6.134512,31.844253,0.079855,79.8547,0.8063,-562.4718,0.0841,0.998078,29.323318,0.073533,73.5331,24.586875,0.061656,61.6556,0.3085,-671.9863,0.052022,0.99501,18.507334,0.04641,46.4102,2.249331,15.517941,11.676277,27.194218,38.9138,29.2802,0.068194,68.194,0.5706,0.4294,0.0126,-1034.3508,0.010523,0.906348,79.7717,FALSE,FALSE,FALSE,FALSE,"Combined",-1034.3508,"Biotic",TRUE,TRUE,"Combined","Both parameters are interior; combined model has lower RMSE and lower absolute lag-1 residual autocorrelation than both single models",30.9003,2.997688,68.7757,"Combined",50.1933638184743,-24.9644726202327,-0.845792918138235,FALSE
"YEP2B_INC-S3","Wet_Control",88,5.694,1,1,14.2743,36.7089,0.002572,5.763865,32.819447,0.084401,84.401,0.1102,-586.0594,0.035393,0.989479,31.547707,0.081131,81.1305,26.834873,0.069011,69.0106,0.2833,-503.0058,0.056736,0.994656,12.314228,0.031668,31.6682,3.506355,10.474636,19.965186,30.439822,26.9374,51.344,0.078281,78.2814,0.3441,0.6559,0.0036,-884.4967,0.00642,0.717778,81.8596,FALSE,FALSE,FALSE,FALSE,"Combined",-884.4967,"FirstOrder",TRUE,TRUE,"Combined","Both parameters are interior; combined model has lower RMSE and lower absolute lag-1 residual autocorrelation than both single models",22.6252,3.866222,78.4711,"Combined",39.9687074589396,-9.3079755896066,-0.241745050088506,FALSE
"YEP2B_INC-U3","Wet_Unburned_DOC",93,4.936,1,1,14.6663,36.8932,0.002516,7.436452,36.706328,0.092335,92.3351,0.4979,-484.3835,0.07317,0.997151,34.250605,0.086158,86.1577,28.480625,0.071643,71.6432,0.2456,-550.1132,0.051388,0.994412,20.502474,0.051574,51.5741,2.968881,17.048553,14.654399,31.702952,42.8858,36.8633,0.079749,79.749,0.5378,0.4622,0.003,-957.8316,0.005678,0.668687,88.9505,FALSE,FALSE,FALSE,FALSE,"Combined",-957.8316,"Biotic",TRUE,TRUE,"Combined","Both parameters are interior; combined model has lower RMSE and lower absolute lag-1 residual autocorrelation than both single models",33.7626,3.862402,80.4056,"Combined",52.7551195701753,-23.1338167285539,-0.816609788372963,FALSE
"YEP2C_INC-H4","Wet_HighBurn_DOC",161,6.516,1,1,12.481,35.866,0.002874,4.004874,26.09576,0.07499,74.99,0.8309,-845.9316,0.071839,0.998133,23.351608,0.067104,67.1043,20.244688,0.058176,58.1761,1.2537,-779.7001,0.088245,0.998392,10.696187,0.030737,30.7371,2.161765,9.273065,14.086058,23.359122,26.6475,40.4784,0.067126,67.1259,0.397,0.603,0.0338,-1359.6311,0.014482,0.958499,79.8416,FALSE,FALSE,FALSE,FALSE,"Combined",-1359.6311,"FirstOrder",TRUE,TRUE,"Combined","Both parameters are interior; combined model has lower RMSE and lower absolute lag-1 residual autocorrelation than both single models",22.2657,2.446529,67.4132,"Combined",38.0468613158356,-11.6395105065176,-0.426177662534937,FALSE
"YEP2C_INC-H5","Wet_HighBurn_DOC",113,6.012,1,1,14.4603,36.7963,0.002545,4.983955,29.96354,0.076247,76.2465,0.3071,-665.6101,0.052129,0.996545,27.970718,0.071175,71.1755,23.98174,0.061025,61.025,0.4839,-614.2117,0.065441,0.9971,12.615361,0.032102,32.1016,2.727692,10.816251,16.398885,27.215136,27.5235,41.7293,0.069253,69.2528,0.3974,0.6026,0.0144,-1009.7155,0.011272,0.935295,78.3776,FALSE,FALSE,FALSE,FALSE,"Combined",-1009.7155,"FirstOrder",TRUE,TRUE,"Combined","Both parameters are interior; combined model has lower RMSE and lower absolute lag-1 residual autocorrelation than both single models",23.0794,3.081709,69.4815,"Combined",39.0920041248906,-11.4876842686964,-0.329152364298415,FALSE
"YEP2C_INC-S4","Wet_Control",112,5.992,1,1,14.1651,36.6576,0.002588,4.960362,29.722488,0.076918,76.9183,0.2493,-682.0493,0.04718,0.994983,27.831011,0.072023,72.0234,23.850603,0.061723,61.7225,0.4934,-605.5973,0.066371,0.996717,11.789828,0.030511,30.5107,2.851023,10.103639,17.083329,27.186969,26.147,44.2096,0.070357,70.3567,0.3716,0.6284,0.0059,-1098.941,0.007271,0.809429,84.5884,FALSE,FALSE,FALSE,FALSE,"Combined",-1098.941,"FirstOrder",TRUE,TRUE,"Combined","Both parameters are interior; combined model has lower RMSE and lower absolute lag-1 residual autocorrelation than both single models",21.9129,3.183957,70.5775,"Combined",39.2362489675032,-10.4566110660414,-0.31284757890262,FALSE
"YEP2C_INC-S5","Wet_Control",113,6.288,1,1,13.9882,36.5745,0.002615,5.043463,31.713296,0.08292,82.9197,0.3086,-665.0381,0.052261,0.996236,29.295604,0.076598,76.5983,25.275899,0.066088,66.0881,0.5996,-589.9912,0.072844,0.997436,12.49559,0.032672,32.6718,2.883615,10.781047,18.132171,28.913219,28.1889,47.4096,0.075598,75.5985,0.3729,0.6271,0.0055,-1117.3246,0.007002,0.820853,86.6027,FALSE,FALSE,FALSE,FALSE,"Combined",-1117.3246,"FirstOrder",TRUE,TRUE,"Combined","Both parameters are interior; combined model has lower RMSE and lower absolute lag-1 residual autocorrelation than both single models",23.7213,3.214804,75.8448,"Combined",37.7319118260803,-10.3019966380532,-0.324742104930074,FALSE
"YEP2C_INC-U4","Wet_Unburned_DOC",122,6.566,1,1,13.912,36.5386,0.002626,5.061159,33.231567,0.08728,87.2797,0.5137,-665.3552,0.06489,0.997317,29.975511,0.078728,78.7279,26.013641,0.068322,68.3225,0.8844,-599.0762,0.085143,0.99787,13.240343,0.034775,34.7746,2.815498,11.490364,18.486561,29.976925,30.1784,48.5533,0.078732,78.7317,0.3833,0.6167,0.0142,-1101.5158,0.010772,0.915242,83.3995,FALSE,FALSE,FALSE,FALSE,"Combined",-1101.5158,"FirstOrder",TRUE,TRUE,"Combined","Both parameters are interior; combined model has lower RMSE and lower absolute lag-1 residual autocorrelation than both single models",25.3524,3.15623,79.0321,"Combined",37.164923241981,-10.7955377142984,-0.380098719381107,FALSE
"YEP2C_INC-U5","Wet_Unburned_DOC",109,6.134,1,1,14.014,36.5866,0.002611,5.225813,32.055134,0.083687,83.6869,0.2896,-644.4187,0.051549,0.992616,29.74561,0.077657,77.6574,25.576054,0.066772,66.7719,0.544,-575.7203,0.070645,0.995144,12.769659,0.033338,33.338,2.973479,10.979688,18.239318,29.219006,28.6649,47.6177,0.076283,76.2826,0.3758,0.6242,0.0119,-990.7445,0.01043,0.835628,79.7664,FALSE,FALSE,FALSE,FALSE,"Combined",-990.7445,"FirstOrder",TRUE,TRUE,"Combined","Both parameters are interior; combined model has lower RMSE and lower absolute lag-1 residual autocorrelation than both single models",24.0706,3.323071,76.5267,"Combined",38.5009098236022,-10.52014838082,-0.318973639265777,FALSE
"YEP_INC-WH1","Unknown",4277,8.626,1,1,NA,NA,NA,0.001,0.008626,NA,NA,38.2982,-20166.6346,0.094628,0.997788,0.01,NA,NA,0.008961,NA,NA,39.1528,-20072.2489,0.095678,0.997821,0.01,NA,NA,0.001,0.008961,0.008626,0.017587,NA,NA,NA,NA,0.5095,0.4905,63.725,-17986.899,0.122063,0.998425,-28.9929,TRUE,TRUE,FALSE,FALSE,"FirstOrder",-20166.6346,"FirstOrder",FALSE,FALSE,"ManualReview","Both combined-model parameters are at lower bounds",NA,0.001,NA,"ManualReview",NA,0,NA,FALSE
"YEP_INC-WH2","Unknown",4288,8.623,1,1,NA,NA,NA,0.001,0.008623,NA,NA,32.1767,-20976.3282,0.086625,0.997842,0.01,NA,NA,0.008961,NA,NA,32.8978,-20881.2928,0.08759,0.997874,0.01,NA,NA,0.001,0.008961,0.008623,0.017584,NA,NA,NA,NA,0.5096,0.4904,54.0833,-18747.6419,0.112306,0.998471,-29.6465,TRUE,TRUE,FALSE,FALSE,"FirstOrder",-20976.3282,"FirstOrder",FALSE,FALSE,"ManualReview","Both combined-model parameters are at lower bounds",NA,0.001,NA,"ManualReview",NA,0,NA,FALSE
"YEP_INC-WS1","Unknown",4325,8.686,1,1,NA,NA,NA,0.001,0.008686,NA,NA,27.4798,-21876.9414,0.07971,0.996914,0.01,NA,NA,0.008968,NA,NA,27.8872,-21813.3007,0.080299,0.996954,0.01,NA,NA,0.001,0.008968,0.008686,0.017654,NA,NA,NA,NA,0.508,0.492,43.47,-19891.4141,0.100254,0.997817,-25.7731,TRUE,TRUE,FALSE,FALSE,"FirstOrder",-21876.9414,"FirstOrder",FALSE,FALSE,"ManualReview","Both combined-model parameters are at lower bounds",NA,0.001,NA,"ManualReview",NA,0,NA,FALSE
"YEP_INC-WS2","Unknown",4349,8.664,1,1,NA,NA,NA,0.001,0.008664,NA,NA,19.5755,-23497.4889,0.067091,0.99693,0.01,NA,NA,0.008965,NA,NA,19.934,-23418.5483,0.067702,0.996979,0.01,NA,NA,0.001,0.008965,0.008664,0.01763,NA,NA,NA,NA,0.5085,0.4915,33.5339,-21154.5178,0.087811,0.997954,-30.8837,TRUE,TRUE,FALSE,FALSE,"FirstOrder",-23497.4889,"FirstOrder",FALSE,FALSE,"ManualReview","Both combined-model parameters are at lower bounds",NA,0.001,NA,"ManualReview",NA,0,NA,FALSE
"YEP_INC-WU1","Unknown",4253,8.886,1,1,NA,NA,NA,0.001,0.008886,NA,NA,22.8824,-22219.9792,0.07335,0.996801,0.01,NA,NA,0.008989,NA,NA,22.935,-22210.2135,0.073435,0.99682,0.01,NA,NA,0.001,0.008989,0.008886,0.017875,NA,NA,NA,NA,0.5029,0.4971,30.1744,-21041.479,0.084231,0.997824,-14.8336,TRUE,TRUE,FALSE,FALSE,"FirstOrder",-22219.9792,"FirstOrder",FALSE,FALSE,"ManualReview","Both combined-model parameters are at lower bounds",NA,0.001,NA,"ManualReview",NA,0,NA,FALSE
"YEP_INC-WU2","Unknown",4361,8.434,1,1,NA,NA,NA,0.001,0.008434,NA,NA,57.3383,-18887.6197,0.114665,0.997348,0.01,NA,NA,0.00894,NA,NA,59.1475,-18752.1402,0.11646,0.997413,0.01,NA,NA,0.001,0.00894,0.008434,0.017374,NA,NA,NA,NA,0.5146,0.4854,92.1552,-16816.302,0.145367,0.998184,-26.7761,TRUE,TRUE,FALSE,FALSE,"FirstOrder",-18887.6197,"FirstOrder",FALSE,FALSE,"ManualReview","Both combined-model parameters are at lower bounds",NA,0.001,NA,"ManualReview",NA,0,NA,FALSE
