"Sample_Name","Treatment_Type","n_points","Initial_DO_mg_per_L","Time_to_Anoxia_h","Km_mg_per_L","CB_initial_dimensionless","Dry_Sediment_Mass_g","Water_Volume_mL","Conversion_Factor","Linear_kL_per_h","Linear_Rate_mg_per_L_per_h","Linear_Rate_mg_per_g_per_h","Linear_Rate_mg_per_kg_per_h","Linear_SSR","Biotic_Vmax_per_h","Biotic_Rate_mg_per_L_per_h","Biotic_Rate_mg_per_g_per_h","Biotic_Rate_mg_per_kg_per_h","Biotic_SSR","Combined_Vmax_per_h","Combined_kL_per_h","Combined_Biotic_Rate_mg_per_L_per_h","Combined_FirstOrder_Rate_mg_per_L_per_h","Combined_Rate_mg_per_L_per_h","Combined_Biotic_Rate_mg_per_kg_per_h","Combined_FirstOrder_Rate_mg_per_kg_per_h","Combined_Rate_mg_per_g_per_h","Combined_Rate_mg_per_kg_per_h","Combined_Biotic_Fraction_Initial","Combined_FirstOrder_Fraction_Initial","Combined_SSR","Best_Fit_Model","Best_SSR","Reference_Combined_Vmax","Reference_Combined_kL","Reference_Combined_Rate","Reference_Best_Fit_Model","Vmax_Percent_Change_From_Primary","kL_Percent_Change_From_Primary","Combined_Rate_Percent_Change_From_Primary","Best_Fit_Model_Changed"
"YEP1A_INC-H2","Dry_HighBurn_DOC",399,7.899,0.5528,0.2,1,10.2596,30.4104,0.002964,2.838645,22.422459,0.066462,66.4622,150.050036,NA,NA,NA,NA,NA,3.316567,1.471726,3.234666,11.625163,14.859829,9.5878,34.4581,0.044046,44.0459,0.2177,0.7823,2.643344,"Combined",2.643344,12.474209,0.769007,34.3223,"Combined",-73.4126067632825,91.3800524572598,28.3302692418632,FALSE
"YEP1A_INC-S1","Dry_Control",346,7.287,0.4792,0.2,1,10.4712,30.4188,0.002905,3.125883,22.778309,0.066171,66.1709,92.726083,5.506333,5.359242,0.015569,15.5686,196.269118,3.588182,1.626425,3.492331,11.851762,15.344093,10.1452,34.4293,0.044575,44.5745,0.2276,0.7724,0.817217,"Combined",0.817217,14.044538,0.877331,35.7701,"Combined",-74.451405948704,85.3832817944425,24.6138534697974,FALSE
"YEP1A_INC-S2","Dry_Control",400,7.218,0.5542,0.2,1,10.0385,30.4015,0.003028,2.848189,20.558229,0.06226,62.2604,137.641658,4.906502,4.774216,0.014459,14.4587,194.656359,3.285911,1.390065,3.197318,10.033488,13.230806,9.683,30.3863,0.040069,40.0694,0.2417,0.7583,1.054172,"Combined",1.054172,13.042738,0.646631,30.6939,"Combined",-74.806585856436,114.970361767376,30.5451571810686,FALSE
"YEP1A_INC-U1","Dry_Unburned_DOC",291,7.892,0.4028,0.2,1,10.7596,30.4304,0.002828,3.21985,25.411056,0.071868,71.8678,69.881406,NA,NA,NA,NA,NA,4.164748,1.695244,4.061813,13.378865,17.440679,11.4877,37.8382,0.049326,49.3259,0.2329,0.7671,1.050107,"Combined",1.050107,14.606965,1.036724,41.3621,"Combined",-71.4879305865387,63.519316616573,19.25385800044,FALSE
"YEP1B_INC-H1","Dry_HighBurn_DOC",281,8.445,0.3889,0.2,1,9.2024,30.3681,0.0033,2.535347,21.411004,0.070657,70.6567,28.758765,NA,NA,NA,NA,NA,3.689351,1.477116,3.603998,12.474249,16.078247,11.8933,41.1653,0.053059,53.0585,0.2242,0.7758,0.267636,"Combined",0.267636,11.322772,1.141014,48.9062,"Combined",-67.4165389888624,29.4564308588677,8.4903345588085,FALSE
"YEP1B_INC-H3","Dry_HighBurn_DOC",197,7.661,0.2722,0.2,1,10.0119,30.4005,0.003036,3.427421,26.257469,0.079729,79.7291,13.863298,NA,NA,NA,NA,NA,4.908271,1.971041,4.783395,15.100147,19.883542,14.5245,45.8506,0.060375,60.3751,0.2406,0.7594,0.082986,"Combined",0.082986,15.867736,1.508766,55.9973,"Combined",-69.0676035951191,30.6392773962298,7.81787693335214,FALSE
"YEP1B_INC-S3","Dry_Control",269,8.088,0.3722,0.2,1,10.1401,30.4056,0.002999,2.581856,20.882055,0.062616,62.6159,26.106794,NA,NA,NA,NA,NA,3.830265,1.45153,3.737836,11.739973,15.477809,11.2081,35.2029,0.046411,46.411,0.2415,0.7585,0.175466,"Combined",0.175466,11.97277,1.096797,42.6528,"Combined",-68.0085310249842,32.3426304047148,8.81114487208343,FALSE
"YEP1B_INC-U2","Dry_Unburned_DOC",241,8.217,0.3334,0.2,1,9.7119,30.3885,0.003129,2.949828,24.238739,0.075843,75.8429,19.683783,NA,NA,NA,NA,NA,4.093831,1.780556,3.996556,14.630827,18.627383,12.5052,45.7798,0.058285,58.285,0.2146,0.7854,0.326673,"Combined",0.326673,12.891914,1.394696,54.0543,"Combined",-68.2449712277013,27.6662441134125,7.82675938824478,FALSE
"YEP1B_INC-U3","Dry_Unburned_DOC",246,8.469,0.3403,0.2,1,10.3641,30.4146,0.002935,2.768431,23.445843,0.068804,68.8044,23.312456,NA,NA,NA,NA,NA,4.166766,1.599992,4.070635,13.550334,17.620969,11.9457,39.765,0.051711,51.7107,0.231,0.769,0.192329,"Combined",0.192329,12.581656,1.245375,47.8824,"Combined",-66.8822132793966,28.4747164508682,7.99521327251768,FALSE
"YEP1C_INC-H4","Dry_HighBurn_DOC",233,8.43,0.3222,0.2,1,10.0044,30.4002,0.003039,3.008684,25.363208,0.077071,77.0707,21.68355,NA,NA,NA,NA,NA,4.372065,1.771588,4.270743,14.934483,19.205226,12.9774,45.3812,0.058359,58.3586,0.2224,0.7776,0.162613,"Combined",0.162613,13.382182,1.384152,54.0567,"Combined",-67.3292068513192,27.9908564955294,7.95812544975924,FALSE
"YEP1C_INC-H5","Dry_HighBurn_DOC",185,7.182,0.2556,0.2,1,9.9662,30.3987,0.00305,3.18123,22.847596,0.069689,69.6893,6.289447,NA,NA,NA,NA,NA,4.528897,1.902595,4.406196,13.664438,18.070634,13.4397,41.679,0.055119,55.1187,0.2438,0.7562,0.019997,"Combined",0.019997,14.844197,1.525541,52.3449,"Combined",-69.4904547548109,24.716084326806,5.29908357834286,FALSE
"YEP1C_INC-S4","Dry_Control",265,7.848,0.3667,0.2,1,9.4465,30.3779,0.003216,2.534423,19.890148,0.063962,63.9624,19.862172,NA,NA,NA,NA,NA,3.698042,1.454253,3.606142,11.412974,15.019116,11.5966,36.7017,0.048298,48.2982,0.2401,0.7599,0.08014,"Combined",0.08014,11.717824,1.119839,44.8312,"Combined",-68.4408811738425,29.8626856182005,7.7334534877496,FALSE
"YEP1C_INC-S5","Dry_Control",257,8.469,0.3556,0.2,1,10.1333,30.4053,0.003001,2.625702,22.237071,0.066723,66.7231,29.714498,NA,NA,NA,NA,NA,4.144509,1.440141,4.048892,12.196558,16.24545,12.1488,36.5962,0.048745,48.745,0.2492,0.7508,0.631345,"Combined",0.631345,12.457104,1.077484,44.5202,"Combined",-66.7297551662088,33.6577619714074,9.48962493429947,FALSE
"YEP1C_INC-U4","Dry_Unburned_DOC",256,8.502,0.3542,0.2,1,10.0779,30.4031,0.003017,2.642106,22.463189,0.067767,67.7672,22.18491,NA,NA,NA,NA,NA,3.931966,1.55687,3.841597,13.236513,17.07811,11.5894,39.932,0.051521,51.5214,0.2249,0.7751,0.151314,"Combined",0.151314,11.837972,1.230072,47.9607,"Combined",-66.7851385355532,26.5673879252597,7.4242035666702,FALSE
"YEP1C_INC-U5","Dry_Unburned_DOC",233,8.709,0.3223,0.2,1,10.2784,30.4111,0.002959,2.879086,25.073959,0.074187,74.1873,23.543982,NA,NA,NA,NA,NA,4.444624,1.662709,4.344846,14.480534,18.82538,12.8553,42.8441,0.055699,55.6994,0.2308,0.7692,0.482867,"Combined",0.482867,13.141297,1.296716,51.5127,"Combined",-66.1781938266824,28.2246073928293,8.12751030328442,FALSE
"YEP2A_INC-H1","Wet_HighBurn_DOC",180,4.151,0.2486,0.2,1,14.1633,36.6567,0.002588,7.308888,30.339196,0.078522,78.5223,7.724402,9.324875,8.896244,0.023025,23.0248,35.430322,4.768692,4.475345,4.549493,18.577157,23.126649,11.7748,48.0804,0.059855,59.8552,0.1967,0.8033,0.025704,"Combined",0.025704,33.485725,2.360188,50.7787,"Combined",-85.7590301538939,89.618157536603,17.8746206578743,FALSE
"YEP2A_INC-H2","Wet_HighBurn_DOC",179,4.646,0.2473,0.2,1,14.0408,36.5992,0.002607,6.970979,32.387168,0.084421,84.4214,6.933116,9.508873,9.116431,0.023763,23.7632,53.258933,4.596438,4.563868,4.406738,21.203732,25.610469,11.4867,55.2703,0.066757,66.7571,0.1721,0.8279,0.007791,"Combined",0.007791,29.067062,2.883066,58.9499,"Combined",-84.1867815880394,58.2991162880073,13.2437883694459,FALSE
"YEP2A_INC-S1","Wet_Control",183,4.771,0.2528,0.2,1,13.4762,36.3338,0.002696,8.334817,39.765411,0.107213,107.2133,7.749864,11.081859,10.635998,0.028676,28.6762,61.305823,4.62487,5.778714,4.438796,27.570244,32.00904,11.9676,74.3334,0.086301,86.301,0.1387,0.8613,0.033035,"Combined",0.033035,31.781744,3.76611,76.1217,"Combined",-85.4480295354465,53.4398623513387,13.3724023504467,FALSE
"YEP2A_INC-S2","Wet_Control",144,5.4,0.1986,0.2,1,13.6735,36.4265,0.002664,6.572803,35.493134,0.094554,94.5545,2.246018,NA,NA,NA,NA,NA,4.561226,4.821119,4.398325,26.03404,30.432365,11.7172,69.3552,0.081072,81.0725,0.1445,0.8555,0.012205,"Combined",0.012205,23.17113,3.852596,77.0674,"Combined",-80.3150472160831,25.1394903592279,5.19687961446733,FALSE
"YEP2A_INC-U1","Wet_Unburned_DOC",132,3.847,0.182,0.2,1,13.4082,36.3018,0.002707,9.226015,35.49248,0.096094,96.0935,2.5077,11.455716,10.889583,0.029483,29.4828,25.639973,5.278315,6.190727,5.017464,23.815725,28.833189,13.5844,64.4795,0.078064,78.0639,0.174,0.826,0.043479,"Combined",0.043479,39.059648,3.997532,71.0163,"Combined",-86.4865269651176,54.863725918892,9.92391887496251,FALSE
"YEP2A_INC-U2","Wet_Unburned_DOC",152,4.792,0.2097,0.2,1,13.966,36.564,0.002618,6.935335,33.234126,0.087009,87.0094,4.169814,9.965972,9.566694,0.025046,25.0463,47.316605,4.992673,4.606222,4.792646,22.073015,26.865661,12.5475,57.7888,0.070336,70.3362,0.1784,0.8216,0.004022,"Combined",0.004022,28.607925,3.178943,64.1461,"Combined",-82.5479373285549,44.8979110352089,9.65000210457066,FALSE
"YEP2B_INC-H3","Wet_HighBurn_DOC",114,5.191,0.157,0.2,1,14.7227,36.9196,0.002508,6.134512,31.844253,0.079855,79.8547,0.806293,NA,NA,NA,NA,NA,4.925166,4.441639,4.742448,23.056547,27.798995,11.8925,57.8181,0.069711,69.7106,0.1706,0.8294,0.00343,"Combined",0.00343,23.038575,3.668285,67.4931,"Combined",-78.6220892568225,21.0821678250191,3.28552103844689,FALSE
"YEP2B_INC-S3","Wet_Control",88,5.694,0.1208,0.2,1,14.2743,36.7089,0.002572,5.763865,32.819447,0.084401,84.401,0.110233,NA,NA,NA,NA,NA,4.143949,4.680401,4.003334,26.650203,30.653536,10.2953,68.5357,0.078831,78.831,0.1306,0.8694,0.002315,"Combined",0.002315,17.261847,4.230478,78.0535,"Combined",-75.9935944282208,10.6352757300712,0.99611164137419,FALSE
"YEP2B_INC-U3","Wet_Unburned_DOC",93,4.936,0.1278,0.2,1,14.6663,36.8932,0.002516,7.436452,36.706328,0.092335,92.3351,0.497913,NA,NA,NA,NA,NA,5.626325,5.458648,5.407231,26.943889,32.35112,13.6019,67.7776,0.08138,81.3795,0.1671,0.8329,0.000789,"Combined",0.000789,27.654548,4.505287,78.9298,"Combined",-79.6549739305086,21.1609382487731,3.10364399757759,FALSE
"YEP2C_INC-H4","Wet_HighBurn_DOC",161,6.516,0.2222,0.2,1,12.481,35.866,0.002874,4.004874,26.09576,0.07499,74.99,0.830895,NA,NA,NA,NA,NA,3.191577,3.157754,3.096533,20.575928,23.672461,8.8983,59.128,0.068026,68.0263,0.1308,0.8692,0.016814,"Combined",0.016814,12.390358,2.818107,66.8155,"Combined",-74.2414464537667,12.0523102919797,1.8121543653793,FALSE
"YEP2C_INC-H5","Wet_HighBurn_DOC",113,6.012,0.1556,0.2,1,14.4603,36.7963,0.002545,4.983955,29.96354,0.076247,76.2465,0.307074,NA,NA,NA,NA,NA,3.926104,3.940483,3.7997,23.690182,27.489883,9.6689,60.2831,0.069952,69.9519,0.1382,0.8618,0.008436,"Combined",0.008436,15.723211,3.528354,69.0006,"Combined",-75.0298841629741,11.6804889758794,1.3786836636203,FALSE
"YEP2C_INC-S4","Wet_Control",112,5.992,0.1542,0.2,1,14.1651,36.6576,0.002588,4.960362,29.722488,0.076918,76.9183,0.249304,NA,NA,NA,NA,NA,3.762163,3.972551,3.640646,23.803524,27.444171,9.4216,61.6007,0.071022,71.0223,0.1327,0.8673,0.003169,"Combined",0.003169,15.219874,3.569294,70.1055,"Combined",-75.2812474006027,11.2979485578941,1.30774332969595,FALSE
"YEP2C_INC-S5","Wet_Control",113,6.288,0.1556,0.2,1,13.9882,36.5745,0.002615,5.043463,31.713296,0.08292,82.9197,0.308633,NA,NA,NA,NA,NA,3.926803,4.039939,3.805755,25.403138,29.208893,9.9508,66.4208,0.076372,76.3716,0.1303,0.8697,0.002432,"Combined",0.002432,15.352252,3.639338,75.331,"Combined",-74.4219740530575,11.0075238958294,1.38137021943157,FALSE
"YEP2C_INC-U4","Wet_Unburned_DOC",122,6.566,0.1681,0.2,1,13.912,36.5386,0.002626,5.061159,33.231567,0.08728,87.2797,0.513706,NA,NA,NA,NA,NA,4.026144,4.026076,3.907133,26.435215,30.342348,10.2617,69.4297,0.079691,79.6914,0.1288,0.8712,0.00641,"Combined",0.00641,15.430706,3.615506,78.4126,"Combined",-73.9082320666339,11.3558102240737,1.63086034642392,FALSE
"YEP2C_INC-U5","Wet_Unburned_DOC",109,6.134,0.15,0.2,1,14.014,36.5866,0.002611,5.225813,32.055134,0.083687,83.6869,0.289645,NA,NA,NA,NA,NA,4.032159,4.173576,3.904841,25.600717,29.505557,10.1944,66.8362,0.077031,77.0307,0.1323,0.8677,0.006863,"Combined",0.006863,16.024758,3.753208,76.0101,"Combined",-74.837941390441,11.2002319082769,1.34271629691318,FALSE
"YEP_INC-WH1","Unknown",4277,8.626,5.9393,0.2,1,NA,NA,NA,0.001,0.008626,NA,NA,38.298241,0.01,0.009774,NA,NA,41.769331,0.01,0.001,0.009773,0.008626,0.0184,NA,NA,NA,NA,0.5312,0.4688,67.22836,"FirstOrder",38.298241,0.01,0.001,NA,"Biotic",0,0,NA,TRUE
"YEP_INC-WH2","Unknown",4288,8.623,5.9547,0.2,1,NA,NA,NA,0.001,0.008623,NA,NA,32.176671,0.01,0.009773,NA,NA,35.118828,0.01,0.001,0.009773,0.008623,0.018397,NA,NA,NA,NA,0.5313,0.4687,57.200035,"FirstOrder",32.176671,0.01,0.001,NA,"Biotic",0,0,NA,TRUE
"YEP_INC-WS1","Unknown",4325,8.686,6.006,0.2,1,NA,NA,NA,0.001,0.008686,NA,NA,27.47984,0.01,0.009775,NA,NA,29.42459,0.01,0.001,0.009775,0.008686,0.018461,NA,NA,NA,NA,0.5295,0.4705,45.929247,"FirstOrder",27.47984,0.01,0.001,NA,"Biotic",0,0,NA,TRUE
"YEP_INC-WS2","Unknown",4349,8.664,6.0394,0.2,1,NA,NA,NA,0.001,0.008664,NA,NA,19.575479,0.01,0.009774,NA,NA,21.227896,0.01,0.001,0.009775,0.008664,0.018439,NA,NA,NA,NA,0.5301,0.4699,35.766084,"FirstOrder",19.575479,0.01,0.001,NA,"Biotic",0,0,NA,TRUE
"YEP_INC-WU1","Unknown",4253,8.886,5.9061,0.2,1,NA,NA,NA,0.001,0.008886,NA,NA,22.882379,0.01,0.00978,NA,NA,23.463022,0.01,0.001,0.00978,0.008886,0.018666,NA,NA,NA,NA,0.5239,0.4761,31.583088,"FirstOrder",22.882379,0.01,0.001,NA,"Biotic",0,0,NA,TRUE
"YEP_INC-WU2","Unknown",4361,8.434,6.056,0.2,1,NA,NA,NA,0.001,0.008434,NA,NA,57.338285,0.01,0.009768,NA,NA,62.891653,0.01,0.001,0.009768,0.008434,0.018203,NA,NA,NA,NA,0.5366,0.4634,96.836578,"FirstOrder",57.338285,0.01,0.001,NA,"Biotic",0,0,NA,TRUE
"YEP1A_INC-H2","Dry_HighBurn_DOC",399,7.899,0.5528,0.5,1,10.2596,30.4104,0.002964,2.838645,22.422459,0.066462,66.4622,150.050036,5.399559,5.078118,0.015052,15.052,235.268358,3.670683,1.392443,3.452164,10.998905,14.451069,10.2325,32.6018,0.042834,42.8343,0.2389,0.7611,1.366346,"Combined",1.366346,12.474209,0.769007,34.3223,"Combined",-70.573821554537,81.0702633396055,24.800202783613,FALSE
"YEP1A_INC-S1","Dry_Control",346,7.287,0.4792,0.5,1,10.4712,30.4188,0.002905,3.125883,22.778309,0.066171,66.1709,92.726083,5.83759,5.462761,0.015869,15.8693,170.894608,3.976554,1.544578,3.721221,11.255338,14.976559,10.8101,32.6967,0.043507,43.5069,0.2485,0.7515,0.314914,"Combined",0.314914,14.044538,0.877331,35.7701,"Combined",-71.6861174073508,76.0541916334884,21.6292378271238,FALSE
"YEP1A_INC-S2","Dry_Control",400,7.218,0.5542,0.5,1,10.0385,30.4015,0.003028,2.848189,20.558229,0.06226,62.2604,137.641658,5.20624,4.868961,0.014746,14.7456,167.995068,3.662005,1.30221,3.424767,9.399352,12.824119,10.3719,28.4658,0.038838,38.8377,0.2671,0.7329,0.305362,"Combined",0.305362,13.042738,0.646631,30.6939,"Combined",-71.9230348719724,101.383787662515,26.5323077223813,FALSE
"YEP1A_INC-U1","Dry_Unburned_DOC",291,7.892,0.4028,0.5,1,10.7596,30.4304,0.002828,3.21985,25.411056,0.071868,71.8678,69.881406,6.528374,6.13941,0.017364,17.3635,171.679183,4.528893,1.634385,4.259059,12.898569,17.157628,12.0455,36.4799,0.048525,48.5254,0.2482,0.7518,0.699911,"Combined",0.699911,14.606965,1.036724,41.3621,"Combined",-68.9949760268475,57.6489981904538,17.3185113908626,FALSE
"YEP1B_INC-H1","Dry_HighBurn_DOC",281,8.445,0.3889,0.5,1,9.2024,30.3681,0.0033,2.535347,21.411004,0.070657,70.6567,28.758765,6.049252,5.711116,0.018847,18.8468,151.789975,3.934539,1.452164,3.71461,12.263522,15.978132,12.2583,40.4699,0.052728,52.7281,0.2325,0.7675,0.213055,"Combined",0.213055,11.322772,1.141014,48.9062,"Combined",-65.2510975227621,27.269604053938,7.81475559336035,FALSE
"YEP1B_INC-H3","Dry_HighBurn_DOC",197,7.661,0.2722,0.5,1,10.0119,30.4005,0.003036,3.427421,26.257469,0.079729,79.7291,13.863298,8.151239,7.651837,0.023234,23.2343,70.69855,5.257334,1.935796,4.935233,14.830131,19.765364,14.9855,45.0308,0.060016,60.0163,0.2497,0.7503,0.060801,"Combined",0.060801,15.867736,1.508766,55.9973,"Combined",-66.8677749617211,28.3032624011941,7.17713175456674,FALSE
"YEP1B_INC-S3","Dry_Control",269,8.088,0.3722,0.5,1,10.1401,30.4056,0.002999,2.581856,20.882055,0.062616,62.6159,26.106794,6.166699,5.807669,0.017415,17.4146,115.32828,4.091309,1.424735,3.85311,11.523254,15.376364,11.5537,34.5531,0.046107,46.1068,0.2506,0.7494,0.133963,"Combined",0.133963,11.97277,1.096797,42.6528,"Combined",-65.8282168620962,29.8996076758051,8.09794433190787,FALSE
"YEP1B_INC-U2","Dry_Unburned_DOC",241,8.217,0.3334,0.5,1,9.7119,30.3885,0.003129,2.949828,24.238739,0.075843,75.8429,19.683783,6.965134,6.565619,0.020544,20.5438,127.20467,4.375442,1.75185,4.12447,14.394955,18.519425,12.9055,45.0418,0.057947,57.9472,0.2227,0.7773,0.273368,"Combined",0.273368,12.891914,1.394696,54.0543,"Combined",-66.0605709904674,25.6080178045968,7.20183223166335,FALSE
"YEP1B_INC-U3","Dry_Unburned_DOC",246,8.469,0.3403,0.5,1,10.3641,30.4146,0.002935,2.768431,23.445843,0.068804,68.8044,23.312456,6.803358,6.424087,0.018852,18.8522,120.083018,4.435548,1.574068,4.188277,13.330778,17.519055,12.291,39.1206,0.051412,51.4116,0.2391,0.7609,0.151318,"Combined",0.151318,12.581656,1.245375,47.8824,"Combined",-64.7459126207234,26.393094449463,7.3705578667736,FALSE
"YEP1C_INC-H4","Dry_HighBurn_DOC",233,8.43,0.3222,0.5,1,10.0044,30.4002,0.003039,3.008684,25.363208,0.077071,77.0707,21.68355,7.243747,6.838162,0.020779,20.779,122.881173,4.660568,1.74302,4.399618,14.693657,19.093275,13.369,44.6494,0.058018,58.0184,0.2304,0.7696,0.124597,"Combined",0.124597,13.382182,1.384152,54.0567,"Combined",-65.1733327195819,25.9269213207798,7.32878625591277,FALSE
"YEP1C_INC-H5","Dry_HighBurn_DOC",185,7.182,0.2556,0.5,1,9.9662,30.3987,0.00305,3.18123,22.847596,0.069689,69.6893,6.289447,7.996642,7.476163,0.022804,22.8036,43.028845,4.851693,1.874282,4.53591,13.461091,17.997001,13.8353,41.0587,0.054894,54.8941,0.252,0.748,0.014364,"Combined",0.014364,14.844197,1.525541,52.3449,"Combined",-67.3158945546196,22.8601525622713,4.87000643806751,FALSE
"YEP1C_INC-S4","Dry_Control",265,7.848,0.3667,0.5,1,9.4465,30.3779,0.003216,2.534423,19.890148,0.063962,63.9624,19.862172,6.102038,5.736559,0.018448,18.4475,100.310315,3.953477,1.42904,3.716685,11.215109,14.931794,11.9521,36.0654,0.048017,48.0174,0.2489,0.7511,0.054888,"Combined",0.054888,11.717824,1.119839,44.8312,"Combined",-66.2609969222955,27.6112012530373,7.10710398115598,FALSE
"YEP1C_INC-S5","Dry_Control",257,8.469,0.3556,0.5,1,10.1333,30.4053,0.003001,2.625702,22.237071,0.066723,66.7231,29.714498,6.504986,6.142349,0.01843,18.4303,113.871432,4.410768,1.413496,4.164878,11.970897,16.135775,12.4969,35.9191,0.048416,48.4159,0.2581,0.7419,0.545844,"Combined",0.545844,12.457104,1.077484,44.5202,"Combined",-64.5923482697102,31.1848714226847,8.75040992628065,FALSE
"YEP1C_INC-U4","Dry_Unburned_DOC",256,8.502,0.3542,0.5,1,10.0779,30.4031,0.003017,2.642106,22.463189,0.067767,67.7672,22.18491,6.524028,6.161663,0.018589,18.5886,128.248939,4.183963,1.533147,3.951573,13.034816,16.986389,11.9211,39.3236,0.051245,51.2447,0.2326,0.7674,0.116252,"Combined",0.116252,11.837972,1.230072,47.9607,"Combined",-64.6564208801981,24.638801631124,6.84727287133007,FALSE
"YEP1C_INC-U5","Dry_Unburned_DOC",233,8.709,0.3223,0.5,1,10.2784,30.4111,0.002959,2.879086,25.073959,0.074187,74.1873,23.543982,7.21943,6.827453,0.020201,20.2006,119.32226,4.722081,1.636451,4.465697,14.251852,18.717549,13.2128,42.1675,0.05538,55.3803,0.2386,0.7614,0.420809,"Combined",0.420809,13.141297,1.296716,51.5127,"Combined",-64.0668573277052,26.1996458746557,7.50805141256427,FALSE
"YEP2A_INC-H1","Wet_HighBurn_DOC",180,4.151,0.2486,0.5,1,14.1633,36.6567,0.002588,7.308888,30.339196,0.078522,78.5223,7.724402,10.305397,9.197528,0.023805,23.8046,28.809237,5.7998,4.186578,5.1763,17.378486,22.554786,13.397,44.9781,0.058375,58.3751,0.2295,0.7705,0.00166,"Combined",0.00166,33.485725,2.360188,50.7787,"Combined",-82.6797836988747,77.3832423518805,14.9598158282902,FALSE
"YEP2A_INC-H2","Wet_HighBurn_DOC",179,4.646,0.2473,0.5,1,14.0408,36.5992,0.002607,6.970979,32.387168,0.084421,84.4214,6.933116,10.396042,9.385933,0.024466,24.4657,44.861658,5.454203,4.357573,4.924257,20.245283,25.16954,12.8357,52.772,0.065608,65.6077,0.1956,0.8044,0.005699,"Combined",0.005699,29.067062,2.883066,58.9499,"Combined",-81.2357953480128,51.1437129777813,11.2939971060171,FALSE
"YEP2A_INC-S1","Wet_Control",183,4.771,0.2528,0.5,1,13.4762,36.3338,0.002696,8.334817,39.765411,0.107213,107.2133,7.749864,12.07713,10.931509,0.029473,29.4729,53.202368,5.634225,5.506675,5.09977,26.272346,31.372116,13.7497,70.8341,0.084584,84.5838,0.1626,0.8374,0.080264,"Combined",0.080264,31.781744,3.76611,76.1217,"Combined",-82.2721339647063,46.2165204946218,11.1165410126153,FALSE
"YEP2A_INC-S2","Wet_Control",144,5.4,0.1986,0.5,1,13.6735,36.4265,0.002664,6.572803,35.493134,0.094554,94.5545,2.246018,11.208787,10.25889,0.02733,27.3299,53.128395,5.156341,4.730547,4.719363,25.544954,30.264317,12.5725,68.0523,0.080625,80.6248,0.1559,0.8441,0.01759,"Combined",0.01759,23.17113,3.852596,77.0674,"Combined",-77.7467003119831,22.788556080108,4.61595953671719,FALSE
"YEP2A_INC-U1","Wet_Unburned_DOC",132,3.847,0.182,0.5,1,13.4082,36.3018,0.002707,9.226015,35.49248,0.096094,96.0935,2.5077,12.767403,11.298873,0.030591,30.5909,20.743859,6.413604,5.911838,5.675899,22.742839,28.418738,15.3671,61.5747,0.076942,76.9418,0.1997,0.8003,0.066532,"Combined",0.066532,39.059648,3.997532,71.0163,"Combined",-83.5799749142645,47.8871964001789,8.34385908587183,FALSE
"YEP2A_INC-U2","Wet_Unburned_DOC",152,4.792,0.2097,0.5,1,13.966,36.564,0.002618,6.935335,33.234126,0.087009,87.0094,4.169814,10.917433,9.885929,0.025882,25.8821,39.301476,5.777048,4.451622,5.231219,21.332172,26.563391,13.6957,55.8492,0.069545,69.5449,0.1969,0.8031,0.002082,"Combined",0.002082,28.607925,3.178943,64.1461,"Combined",-79.8061271483339,40.0346593191511,8.41641190968741,FALSE
"YEP2B_INC-H3","Wet_HighBurn_DOC",114,5.191,0.157,0.5,1,14.7227,36.9196,0.002508,6.134512,31.844253,0.079855,79.8547,0.806293,12.13854,11.072072,0.027765,27.765,20.223669,5.482897,4.374572,5.001181,22.708402,27.709583,12.5413,56.9451,0.069486,69.4864,0.1805,0.8195,0.004353,"Combined",0.004353,23.038575,3.668285,67.4931,"Combined",-76.2012320640491,19.2538747670914,2.95333893390584,FALSE
"YEP2B_INC-S3","Wet_Control",88,5.694,0.1208,0.5,1,14.2743,36.7089,0.002572,5.763865,32.819447,0.084401,84.401,0.110233,14.162767,13.019502,0.033482,33.482,10.81343,4.53468,4.646628,4.168626,26.457902,30.626527,10.7204,68.0412,0.078762,78.7616,0.1361,0.8639,0.00247,"Combined",0.00247,17.261847,4.230478,78.0535,"Combined",-73.7300417504569,9.83694986713085,0.907198267854743,FALSE
"YEP2B_INC-U3","Wet_Unburned_DOC",93,4.936,0.1278,0.5,1,14.6663,36.8932,0.002516,7.436452,36.706328,0.092335,92.3351,0.497913,14.506569,13.172263,0.033135,33.1349,14.114818,6.30037,5.374766,5.720866,26.529844,32.25071,14.3909,66.736,0.081127,81.1269,0.1774,0.8226,0.000802,"Combined",0.000802,27.654548,4.505287,78.9298,"Combined",-77.2175990726733,19.2990812793946,2.78361277996398,FALSE
"YEP2C_INC-H4","Wet_HighBurn_DOC",161,6.516,0.2222,0.5,1,12.481,35.866,0.002874,4.004874,26.09576,0.07499,74.99,0.830895,9.070475,8.424061,0.024208,24.2078,51.13943,3.472344,3.132408,3.224885,20.410768,23.635653,9.2672,58.6534,0.067921,67.9205,0.1364,0.8636,0.018677,"Combined",0.018677,12.390358,2.818107,66.8155,"Combined",-71.9754344466883,11.1529122208632,1.65380787392148,FALSE
"YEP2C_INC-H5","Wet_HighBurn_DOC",113,6.012,0.1556,0.5,1,14.4603,36.7963,0.002545,4.983955,29.96354,0.076247,76.2465,0.307074,11.827153,10.919049,0.027785,27.7851,20.599461,4.282047,3.909428,3.953266,23.50348,27.456745,10.0596,59.808,0.069868,69.8676,0.144,0.856,0.009125,"Combined",0.009125,15.723211,3.528354,69.0006,"Combined",-72.7660781248817,10.8003335266246,1.25651081294944,FALSE
"YEP2C_INC-S4","Wet_Control",112,5.992,0.1542,0.5,1,14.1651,36.6576,0.002588,4.960362,29.722488,0.076918,76.9183,0.249304,11.841631,10.929614,0.028285,28.2845,19.873551,4.106698,3.942341,3.790409,23.622508,27.412918,9.8091,61.1323,0.070941,70.9414,0.1383,0.8617,0.003449,"Combined",0.003449,15.219874,3.569294,70.1055,"Combined",-73.0175295800741,10.4515626899885,1.1923458216545,FALSE
"YEP2C_INC-S5","Wet_Control",113,6.288,0.1556,0.5,1,13.9882,36.5745,0.002615,5.043463,31.713296,0.08292,82.9197,0.308633,12.110306,11.218268,0.029332,29.332,24.563241,4.271609,4.010438,3.956965,25.217637,29.174602,10.3461,65.9358,0.076282,76.2819,0.1356,0.8644,0.002723,"Combined",0.002723,15.352252,3.639338,75.331,"Combined",-72.1760103989955,10.1969094379252,1.26229573482363,FALSE
"YEP2C_INC-U4","Wet_Unburned_DOC",122,6.566,0.1681,0.5,1,13.912,36.5386,0.002626,5.061159,33.231567,0.08728,87.2797,0.513706,11.802975,10.96778,0.028806,28.8059,36.094836,4.372876,3.995912,4.063445,26.237157,30.300602,10.6723,68.9095,0.079582,79.5818,0.1341,0.8659,0.007198,"Combined",0.007198,15.430706,3.615506,78.4126,"Combined",-71.6612059098268,10.5215148308425,1.49108689164752,FALSE
"YEP2C_INC-U5","Wet_Unburned_DOC",109,6.134,0.15,0.5,1,14.014,36.5866,0.002611,5.225813,32.055134,0.083687,83.6869,0.289645,12.423402,11.487059,0.029989,29.9895,21.910733,4.393768,4.142268,4.062613,25.408674,29.471287,10.6063,66.3349,0.076941,76.9412,0.1378,0.8622,0.007437,"Combined",0.007437,16.024758,3.753208,76.0101,"Combined",-72.5813768919319,10.3660655098252,1.22496878704278,FALSE
"YEP_INC-WH1","Unknown",4277,8.626,5.9393,0.5,1,NA,NA,NA,0.001,0.008626,NA,NA,38.298241,0.01,0.009452,NA,NA,40.918815,0.01,0.001,0.009452,0.008626,0.018078,NA,NA,NA,NA,0.5228,0.4772,66.088287,"FirstOrder",38.298241,0.01,0.001,NA,"Biotic",0,0,NA,TRUE
"YEP_INC-WH2","Unknown",4288,8.623,5.9547,0.5,1,NA,NA,NA,0.001,0.008623,NA,NA,32.176671,0.01,0.009452,NA,NA,34.400389,0.01,0.001,0.009452,0.008623,0.018075,NA,NA,NA,NA,0.5229,0.4771,56.188426,"FirstOrder",32.176671,0.01,0.001,NA,"Biotic",0,0,NA,TRUE
"YEP_INC-WS1","Unknown",4325,8.686,6.006,0.5,1,NA,NA,NA,0.001,0.008686,NA,NA,27.47984,0.01,0.009456,NA,NA,28.93576,0.01,0.001,0.009456,0.008686,0.018142,NA,NA,NA,NA,0.5212,0.4788,45.140532,"FirstOrder",27.47984,0.01,0.001,NA,"Biotic",0,0,NA,TRUE
"YEP_INC-WS2","Unknown",4349,8.664,6.0394,0.5,1,NA,NA,NA,0.001,0.008664,NA,NA,19.575479,0.01,0.009455,NA,NA,20.815703,0.01,0.001,0.009455,0.008664,0.018119,NA,NA,NA,NA,0.5218,0.4782,35.047889,"FirstOrder",19.575479,0.01,0.001,NA,"Biotic",0,0,NA,TRUE
"YEP_INC-WU1","Unknown",4253,8.886,5.9061,0.5,1,NA,NA,NA,0.001,0.008886,NA,NA,22.882379,0.01,0.009467,NA,NA,23.304418,0.01,0.001,0.009467,0.008886,0.018354,NA,NA,NA,NA,0.5158,0.4842,31.138483,"FirstOrder",22.882379,0.01,0.001,NA,"Biotic",0,0,NA,TRUE
"YEP_INC-WU2","Unknown",4361,8.434,6.056,0.5,1,NA,NA,NA,0.001,0.008434,NA,NA,57.338285,0.01,0.00944,NA,NA,61.660407,0.01,0.001,0.00944,0.008434,0.017875,NA,NA,NA,NA,0.5281,0.4719,95.298428,"FirstOrder",57.338285,0.01,0.001,NA,"Biotic",0,0,NA,TRUE
"YEP1A_INC-H2","Dry_HighBurn_DOC",399,7.899,0.5528,1,1,10.2596,30.4104,0.002964,2.838645,22.422459,0.066462,66.4622,150.050036,5.872149,5.212283,0.01545,15.4497,195.129247,4.208211,1.295831,3.735325,10.235767,13.971092,11.0718,30.3398,0.041412,41.4116,0.2674,0.7326,0.601051,"Combined",0.601051,12.474209,0.769007,34.3223,"Combined",-66.2647066439243,68.507048700467,20.6550843037908,FALSE
"YEP1A_INC-S1","Dry_Control",346,7.287,0.4792,1,1,10.4712,30.4188,0.002905,3.125883,22.778309,0.066171,66.1709,92.726083,6.394687,5.623035,0.016335,16.3349,139.351491,4.578244,1.441606,4.025783,10.504986,14.53077,11.6949,30.5169,0.042212,42.2118,0.2771,0.7229,0.096413,"Combined",0.096413,14.044538,0.877331,35.7701,"Combined",-67.4019608192167,64.3172303269804,18.0086161347047,FALSE
"YEP1A_INC-S2","Dry_Control",400,7.218,0.5542,1,1,10.0385,30.4015,0.003028,2.848189,20.558229,0.06226,62.2604,137.641658,5.708525,5.013889,0.015185,15.1845,135.240412,4.232073,1.196854,3.717097,8.638895,12.355992,11.2572,26.1628,0.03742,37.42,0.3008,0.6992,0.225345,"Combined",0.225345,13.042738,0.646631,30.6939,"Combined",-67.552265482907,85.0907240760187,21.913474664347,FALSE
"YEP1A_INC-U1","Dry_Unburned_DOC",291,7.892,0.4028,1,1,10.7596,30.4304,0.002828,3.21985,25.411056,0.071868,71.8678,69.881406,7.12621,6.324792,0.017888,17.8878,141.175396,5.111711,1.551579,4.536845,12.24506,16.781905,12.8311,34.6316,0.047463,47.4627,0.2703,0.7297,0.379518,"Combined",0.379518,14.606965,1.036724,41.3621,"Combined",-65.0049753662037,49.6617228886377,14.7492511260308,FALSE
"YEP1B_INC-H1","Dry_HighBurn_DOC",281,8.445,0.3889,1,1,9.2024,30.3681,0.0033,2.535347,21.411004,0.070657,70.6567,28.758765,6.550046,5.856552,0.019327,19.3267,134.605834,4.338559,1.41555,3.879209,11.954316,15.833525,12.8015,39.4495,0.052251,52.2509,0.245,0.755,0.149524,"Combined",0.149524,11.322772,1.141014,48.9062,"Combined",-61.6828900202177,24.0607039002151,6.83901018684748,FALSE
"YEP1B_INC-H3","Dry_HighBurn_DOC",197,7.661,0.2722,1,1,10.0119,30.4005,0.003036,3.427421,26.257469,0.079729,79.7291,13.863298,8.867344,7.843519,0.023816,23.8163,62.529369,5.833529,1.884296,5.159989,14.435591,19.595581,15.668,43.8328,0.059501,59.5007,0.2633,0.7367,0.036001,"Combined",0.036001,15.867736,1.508766,55.9973,"Combined",-63.2365385963064,24.889876892772,6.25637307513041,FALSE
"YEP1B_INC-S3","Dry_Control",269,8.088,0.3722,1,1,10.1401,30.4056,0.002999,2.581856,20.882055,0.062616,62.6159,26.106794,6.690076,5.953932,0.017853,17.8532,101.783532,4.521582,1.385549,4.024049,11.206317,15.230366,12.0663,33.6027,0.045669,45.669,0.2642,0.7358,0.088302,"Combined",0.088302,11.97277,1.096797,42.6528,"Combined",-62.2344536811448,26.3268407918694,7.07151699302273,FALSE
"YEP1B_INC-U2","Dry_Unburned_DOC",241,8.217,0.3334,1,1,9.7119,30.3885,0.003129,2.949828,24.238739,0.075843,75.8429,19.683783,7.555464,6.735732,0.021076,21.0761,112.991516,4.839848,1.709717,4.314748,14.048742,18.36349,13.5008,43.9585,0.057459,57.4593,0.235,0.765,0.206869,"Combined",0.206869,12.891914,1.394696,54.0543,"Combined",-62.4582664761803,22.5870727384319,6.29922133854291,FALSE
"YEP1B_INC-U3","Dry_Unburned_DOC",246,8.469,0.3403,1,1,10.3641,30.4146,0.002935,2.768431,23.445843,0.068804,68.8044,23.312456,7.353167,6.576615,0.0193,19.2998,107.179745,4.879133,1.535861,4.363859,13.007205,17.371064,12.8062,38.1711,0.050977,50.9773,0.2512,0.7488,0.102549,"Combined",0.102549,12.581656,1.245375,47.8824,"Combined",-61.2202638507999,23.3251831777577,6.46354401617296,FALSE
"YEP1C_INC-H4","Dry_HighBurn_DOC",233,8.43,0.3222,1,1,10.0044,30.4002,0.003039,3.008684,25.363208,0.077071,77.0707,21.68355,7.839542,7.008201,0.021296,21.2957,109.409574,5.136361,1.701015,4.591678,14.339554,18.931232,13.9527,43.5734,0.057526,57.526,0.2425,0.7575,0.080491,"Combined",0.080491,13.382182,1.384152,54.0567,"Combined",-61.6179110402175,22.892211260035,6.41789084424318,FALSE
"YEP1C_INC-H5","Dry_HighBurn_DOC",185,7.182,0.2556,1,1,9.9662,30.3987,0.00305,3.18123,22.847596,0.069689,69.6893,6.289447,8.701508,7.638014,0.023297,23.2973,38.736764,5.386846,1.832655,4.728468,13.162126,17.890594,14.4227,40.1468,0.05457,54.5695,0.2643,0.7357,0.00831,"Combined",0.00831,14.844197,1.525541,52.3449,"Combined",-63.7107618552893,20.1314812253489,4.24988871886276,FALSE
"YEP1C_INC-S4","Dry_Control",265,7.848,0.3667,1,1,9.4465,30.3779,0.003216,2.534423,19.890148,0.063962,63.9624,19.862172,6.625704,5.876868,0.018899,18.8987,89.013446,4.375176,1.392111,3.880694,10.92529,14.805984,12.4795,35.1334,0.047613,47.6128,0.2621,0.7379,0.028164,"Combined",0.028164,11.717824,1.119839,44.8312,"Combined",-62.662214417967,24.3134950649156,6.20460750548724,FALSE
"YEP1C_INC-S5","Dry_Control",257,8.469,0.3556,1,1,10.1333,30.4053,0.003001,2.625702,22.237071,0.066723,66.7231,29.714498,7.029167,6.286832,0.018864,18.8638,100.907622,4.849911,1.374274,4.337723,11.638727,15.97645,13.0155,34.9224,0.047938,47.9379,0.2715,0.7285,0.436221,"Combined",0.436221,12.457104,1.077484,44.5202,"Combined",-61.0671067689569,27.5447245620352,7.67673999667566,FALSE
"YEP1C_INC-U4","Dry_Unburned_DOC",256,8.502,0.3542,1,1,10.0779,30.4031,0.003017,2.642106,22.463189,0.067767,67.7672,22.18491,7.047764,6.30605,0.019024,19.0241,114.930072,4.600075,1.498122,4.115959,12.737036,16.852995,12.4171,38.4252,0.050842,50.8423,0.2442,0.7558,0.07506,"Combined",0.07506,11.837972,1.230072,47.9607,"Combined",-61.1413593476991,21.7914073322537,6.00825259014151,FALSE
"YEP1C_INC-U5","Dry_Unburned_DOC",233,8.709,0.3223,1,1,10.2784,30.4111,0.002959,2.879086,25.073959,0.074187,74.1873,23.543982,7.785328,6.983461,0.020662,20.6622,106.906479,5.180213,1.597586,4.646666,13.913377,18.560042,13.7483,41.166,0.054914,54.9143,0.2504,0.7496,0.340288,"Combined",0.340288,13.141297,1.296716,51.5127,"Combined",-60.5806565364134,23.2024591352308,6.6034201274637,FALSE
"YEP2A_INC-H1","Wet_HighBurn_DOC",180,4.151,0.2486,1,1,14.1633,36.6567,0.002588,7.308888,30.339196,0.078522,78.5223,7.724402,11.955042,9.634125,0.024935,24.9345,21.721661,7.39318,3.849595,5.95789,15.979671,21.93756,15.4199,41.3577,0.056778,56.7776,0.2716,0.7284,0.032143,"Combined",0.032143,33.485725,2.360188,50.7787,"Combined",-77.9213978493821,63.1054390582445,11.8138116966366,FALSE
"YEP2A_INC-H2","Wet_HighBurn_DOC",179,4.646,0.2473,1,1,14.0408,36.5992,0.002607,6.970979,32.387168,0.084421,84.4214,6.933116,11.897438,9.790205,0.025519,25.5195,35.393872,6.801924,4.104139,5.597191,19.067831,24.665022,14.5898,49.7028,0.064293,64.2926,0.2269,0.7731,0.04016,"Combined",0.04016,29.067062,2.883066,58.9499,"Combined",-76.5992035934007,42.3532794601303,9.06311969994859,FALSE
"YEP2A_INC-S1","Wet_Control",183,4.771,0.2528,1,1,13.4762,36.3338,0.002696,8.334817,39.765411,0.107213,107.2133,7.749864,13.747499,11.36533,0.030643,30.6426,43.655767,7.166385,5.19413,5.924593,24.781195,30.705788,15.9736,66.8137,0.082787,82.7873,0.1929,0.8071,0.198316,"Combined",0.198316,31.781744,3.76611,76.1217,"Combined",-77.4512531470897,37.9176391555212,8.75650438705388,FALSE
"YEP2A_INC-S2","Wet_Control",144,5.4,0.1986,1,1,13.6735,36.4265,0.002664,6.572803,35.493134,0.094554,94.5545,2.246018,12.72269,10.734769,0.028598,28.5977,44.240411,6.132837,4.605466,5.174581,24.869515,30.044097,13.7852,66.2529,0.080038,80.0381,0.1722,0.8278,0.027859,"Combined",0.027859,23.17113,3.852596,77.0674,"Combined",-73.5324215953214,19.5418881190761,3.85467785341142,FALSE
"YEP2A_INC-U1","Wet_Unburned_DOC",132,3.847,0.182,1,1,13.4082,36.3018,0.002707,9.226015,35.49248,0.096094,96.0935,2.5077,14.995365,11.901623,0.032223,32.2228,15.787486,8.224272,5.569937,6.527496,21.427549,27.955045,17.6728,58.0136,0.075686,75.6864,0.2335,0.7665,0.104264,"Combined",0.104264,39.059648,3.997532,71.0163,"Combined",-78.9443263800022,39.3343943212962,6.57609591037551,FALSE
"YEP2A_INC-U2","Wet_Unburned_DOC",152,4.792,0.2097,1,1,13.966,36.564,0.002618,6.935335,33.234126,0.087009,87.0094,4.169814,12.526262,10.363578,0.027133,27.1326,31.0437,7.043691,4.249132,5.827584,20.36184,26.189424,15.257,53.3088,0.068566,68.5658,0.2225,0.7775,0.01155,"Combined",0.01155,28.607925,3.178943,64.1461,"Combined",-75.3785323472429,33.6649320230026,6.89005255190883,FALSE
"YEP2B_INC-H3","Wet_HighBurn_DOC",114,5.191,0.157,1,1,14.7227,36.9196,0.002508,6.134512,31.844253,0.079855,79.8547,0.806293,13.649455,11.44473,0.0287,28.6995,17.589928,6.409806,4.279163,5.374463,22.213135,27.587599,13.4774,55.7031,0.06918,69.1805,0.1948,0.8052,0.006053,"Combined",0.006053,23.038575,3.668285,67.4931,"Combined",-72.1779406929465,16.6529590803332,2.50010741838795,FALSE
"YEP2B_INC-S3","Wet_Control",88,5.694,0.1208,1,1,14.2743,36.7089,0.002572,5.763865,32.819447,0.084401,84.401,0.110233,15.63049,13.29549,0.034192,34.1917,9.924366,5.189466,4.596776,4.414224,26.17404,30.588265,11.352,67.3112,0.078663,78.6632,0.1443,0.8557,0.002704,"Combined",0.002704,17.261847,4.230478,78.0535,"Combined",-69.9367860229557,8.65854875028308,0.78113089099144,FALSE
"YEP2B_INC-U3","Wet_Unburned_DOC",93,4.936,0.1278,1,1,14.6663,36.8932,0.002516,7.436452,36.706328,0.092335,92.3351,0.497913,16.382675,13.62279,0.034268,34.2682,12.235569,7.422371,5.255761,6.171972,25.942439,32.11441,15.5256,65.2584,0.080784,80.7841,0.1922,0.8078,0.001099,"Combined",0.001099,27.654548,4.505287,78.9298,"Combined",-73.1603966190299,16.6576291366122,2.34930279818268,FALSE
"YEP2C_INC-H4","Wet_HighBurn_DOC",161,6.516,0.2222,1,1,12.481,35.866,0.002874,4.004874,26.09576,0.07499,74.99,0.830895,9.971174,8.644514,0.024841,24.8413,46.439557,3.940164,3.095064,3.415927,20.16744,23.583367,9.8162,57.9541,0.06777,67.7703,0.1448,0.8552,0.021527,"Combined",0.021527,12.390358,2.818107,66.8155,"Combined",-68.1997566172019,9.82776736298515,1.42900973576491,FALSE
"YEP2C_INC-H5","Wet_HighBurn_DOC",113,6.012,0.1556,1,1,14.4603,36.7963,0.002545,4.983955,29.96354,0.076247,76.2465,0.307074,13.030658,11.172321,0.02843,28.4296,18.81065,4.876773,3.863686,4.181283,23.22848,27.409763,10.6399,59.1082,0.069748,69.7481,0.1525,0.8475,0.010153,"Combined",0.010153,15.723211,3.528354,69.0006,"Combined",-68.9836064656259,9.50392165865442,1.08332391312538,FALSE
"YEP2C_INC-S4","Wet_Control",112,5.992,0.1542,1,1,14.1651,36.6576,0.002588,4.960362,29.722488,0.076918,76.9183,0.249304,13.045493,11.179719,0.028932,28.9318,18.172967,4.682804,3.897777,4.013067,23.355478,27.368545,10.3853,60.4412,0.070827,70.8266,0.1466,0.8534,0.003893,"Combined",0.003893,15.219874,3.569294,70.1055,"Combined",-69.2323077050441,9.20302446366144,1.02859262112101,FALSE
"YEP2C_INC-S5","Wet_Control",113,6.288,0.1556,1,1,13.9882,36.5745,0.002615,5.043463,31.713296,0.08292,82.9197,0.308633,13.299217,11.474407,0.030002,30.0018,22.509297,4.847681,3.966783,4.182522,24.943131,29.125653,10.9359,65.218,0.076154,76.1539,0.1436,0.8564,0.003197,"Combined",0.003197,15.352252,3.639338,75.331,"Combined",-68.4236488562069,8.99737809458753,1.09237896749013,FALSE
"YEP2C_INC-U4","Wet_Unburned_DOC",122,6.566,0.1681,1,1,13.912,36.5386,0.002626,5.061159,33.231567,0.08728,87.2797,0.513706,12.948475,11.237072,0.029513,29.5131,32.957985,4.951161,3.951299,4.296765,25.944231,30.240996,11.2851,68.1402,0.079425,79.4252,0.1421,0.8579,0.008432,"Combined",0.008432,15.430706,3.615506,78.4126,"Combined",-67.9135808821709,9.2875796638147,1.29137409038854,FALSE
"YEP2C_INC-U5","Wet_Unburned_DOC",109,6.134,0.15,1,1,14.014,36.5866,0.002611,5.225813,32.055134,0.083687,83.6869,0.289645,13.669688,11.753556,0.030685,30.6852,20.037756,4.998024,4.096045,4.297432,25.125139,29.422571,11.2194,65.5946,0.076814,76.814,0.1461,0.8539,0.008301,"Combined",0.008301,16.024758,3.753208,76.0101,"Combined",-68.810611679752,9.13450573482739,1.05762260541691,FALSE
"YEP_INC-WH1","Unknown",4277,8.626,5.9393,1,1,NA,NA,NA,0.001,0.008626,NA,NA,38.298241,0.01,0.008961,NA,NA,39.644019,0.01,0.001,0.008961,0.008626,0.017587,NA,NA,NA,NA,0.5095,0.4905,64.371869,"FirstOrder",38.298241,0.01,0.001,NA,"Biotic",0,0,NA,TRUE
"YEP_INC-WH2","Unknown",4288,8.623,5.9547,1,1,NA,NA,NA,0.001,0.008623,NA,NA,32.176671,0.01,0.008961,NA,NA,33.327228,0.01,0.001,0.008961,0.008623,0.017584,NA,NA,NA,NA,0.5096,0.4904,54.670008,"FirstOrder",32.176671,0.01,0.001,NA,"Biotic",0,0,NA,TRUE
"YEP_INC-WS1","Unknown",4325,8.686,6.006,1,1,NA,NA,NA,0.001,0.008686,NA,NA,27.47984,0.01,0.008968,NA,NA,28.212925,0.01,0.001,0.008968,0.008686,0.017654,NA,NA,NA,NA,0.508,0.492,43.959534,"FirstOrder",27.47984,0.01,0.001,NA,"Biotic",0,0,NA,TRUE
"YEP_INC-WS2","Unknown",4349,8.664,6.0394,1,1,NA,NA,NA,0.001,0.008664,NA,NA,19.575479,0.01,0.008965,NA,NA,20.210021,0.01,0.001,0.008965,0.008664,0.01763,NA,NA,NA,NA,0.5085,0.4915,33.976937,"FirstOrder",19.575479,0.01,0.001,NA,"Biotic",0,0,NA,TRUE
"YEP_INC-WU1","Unknown",4253,8.886,5.9061,1,1,NA,NA,NA,0.001,0.008886,NA,NA,22.882379,0.01,0.008989,NA,NA,23.082763,0.01,0.001,0.008989,0.008886,0.017875,NA,NA,NA,NA,0.5029,0.4971,30.480139,"FirstOrder",22.882379,0.01,0.001,NA,"Biotic",0,0,NA,TRUE
"YEP_INC-WU2","Unknown",4361,8.434,6.056,1,1,NA,NA,NA,0.001,0.008434,NA,NA,57.338285,0.01,0.00894,NA,NA,59.811173,0.01,0.001,0.00894,0.008434,0.017374,NA,NA,NA,NA,0.5146,0.4854,92.981461,"FirstOrder",57.338285,0.01,0.001,NA,"Biotic",0,0,NA,TRUE
"YEP1A_INC-H2","Dry_HighBurn_DOC",399,7.899,0.5528,5.28,1,10.2596,30.4104,0.002964,2.838645,22.422459,0.066462,66.4622,150.050036,9.912582,5.941231,0.01761,17.6104,76.968087,8.251202,0.926489,4.945462,7.31834,12.263802,14.6588,21.6922,0.036351,36.351,0.4033,0.5967,2.195451,"Combined",2.195451,12.474209,0.769007,34.3223,"Combined",-33.8539060873519,20.4786172297521,5.91073442047882,FALSE
"YEP1A_INC-S1","Dry_Control",346,7.287,0.4792,5.28,1,10.4712,30.4188,0.002905,3.125883,22.778309,0.066171,66.1709,92.726083,11.129761,6.453614,0.018748,18.7477,54.161135,9.188625,1.044836,5.328042,7.613719,12.941761,15.4779,22.1178,0.037596,37.5958,0.4117,0.5883,1.6761,"Combined",1.6761,14.044538,0.877331,35.7701,"Combined",-34.5750995867575,19.0925659756694,5.10398349459464,FALSE
"YEP1A_INC-S2","Dry_Control",400,7.218,0.5542,5.28,1,10.0385,30.4015,0.003028,2.848189,20.558229,0.06226,62.2604,137.641658,9.970593,5.75834,0.017439,17.4391,49.152233,8.532867,0.807058,4.928007,5.825343,10.75335,14.9244,17.642,0.032566,32.5664,0.4583,0.5417,3.846213,"Combined",3.846213,13.042738,0.646631,30.6939,"Combined",-34.577640062999,24.8096673373222,6.10056069772822,FALSE
"YEP1A_INC-U1","Dry_Unburned_DOC",291,7.892,0.4028,5.28,1,10.7596,30.4304,0.002828,3.21985,25.411056,0.071868,71.8678,69.881406,12.05492,7.222702,0.020427,20.4273,59.275317,9.719819,1.19683,5.823627,9.445381,15.269008,16.4704,26.7135,0.043184,43.184,0.3814,0.6186,0.366551,"Combined",0.366551,14.606965,1.036724,41.3621,"Combined",-33.457641611382,15.4434545742165,4.40475701185385,FALSE
"YEP1B_INC-H1","Dry_HighBurn_DOC",281,8.445,0.3889,5.28,1,9.2024,30.3681,0.0033,2.535347,21.411004,0.070657,70.6567,28.758765,10.629414,6.540284,0.021583,21.5831,75.843478,7.69309,1.23327,4.733563,10.414963,15.148526,15.6208,34.3696,0.04999,49.9904,0.3125,0.6875,0.052929,"Combined",0.052929,11.322772,1.141014,48.9062,"Combined",-32.0564787491968,8.08543979302621,2.2168968351661,FALSE
"YEP1B_INC-H3","Dry_HighBurn_DOC",197,7.661,0.2722,5.28,1,10.0119,30.4005,0.003036,3.427421,26.257469,0.079729,79.7291,13.863298,14.761098,8.738488,0.026534,26.5339,34.922262,10.643235,1.632611,6.300736,12.507434,18.80817,19.1318,37.978,0.05711,57.1098,0.335,0.665,0.012008,"Combined",0.012008,15.867736,1.508766,55.9973,"Combined",-32.9253083111542,8.20836365612693,1.98670293031985,FALSE
"YEP1B_INC-S3","Dry_Control",269,8.088,0.3722,5.28,1,10.1401,30.4056,0.002999,2.581856,20.882055,0.062616,62.6159,26.106794,10.973951,6.639536,0.019909,19.909,56.089214,8.098394,1.192805,4.899746,9.647408,14.547154,14.6921,28.9282,0.04362,43.6204,0.3368,0.6632,0.057528,"Combined",0.057528,11.97277,1.096797,42.6528,"Combined",-32.3598966655168,8.75348856716419,2.26854977867806,FALSE
"YEP1B_INC-U2","Dry_Unburned_DOC",241,8.217,0.3334,5.28,1,9.7119,30.3885,0.003129,2.949828,24.238739,0.075843,75.8429,19.683783,12.37125,7.531641,0.023566,23.5665,64.328006,8.704252,1.500243,5.299165,12.327494,17.62666,16.5811,38.5727,0.055154,55.1538,0.3006,0.6994,0.034943,"Combined",0.034943,12.891914,1.394696,54.0543,"Combined",-32.4828570839055,7.56774236105933,2.03406574500086,FALSE
"YEP1B_INC-U3","Dry_Unburned_DOC",246,8.469,0.3403,5.28,1,10.3641,30.4146,0.002935,2.768431,23.445843,0.068804,68.8044,23.312456,11.863881,7.307819,0.021446,21.4456,61.643035,8.575172,1.343575,5.282067,11.378734,16.6608,15.5008,33.3922,0.048893,48.893,0.317,0.683,0.018365,"Combined",0.018365,12.581656,1.245375,47.8824,"Combined",-31.8438526693148,7.88517514804778,2.11058760630211,FALSE
"YEP1C_INC-H4","Dry_HighBurn_DOC",233,8.43,0.3222,5.28,1,10.0044,30.4002,0.003039,3.008684,25.363208,0.077071,77.0707,21.68355,12.707372,7.813504,0.023743,23.7428,62.655168,9.094605,1.490886,5.592088,12.56817,18.160257,16.9926,38.1907,0.055183,55.1833,0.3079,0.6921,0.018953,"Combined",0.018953,13.382182,1.384152,54.0567,"Combined",-32.0394461829917,7.71114733063998,2.08410798291424,FALSE
"YEP1C_INC-H5","Dry_HighBurn_DOC",185,7.182,0.2556,5.28,1,9.9662,30.3987,0.00305,3.18123,22.847596,0.069689,69.6893,6.289447,14.591579,8.409302,0.02565,25.6499,23.357942,9.904095,1.62696,5.707849,11.684825,17.392674,17.41,35.6408,0.053051,53.0508,0.3282,0.6718,0.00782,"Combined",0.00782,14.844197,1.525541,52.3449,"Combined",-33.2796849839705,6.64806780020989,1.34855544666242,FALSE
"YEP1C_INC-S4","Dry_Control",265,7.848,0.3667,5.28,1,9.4465,30.3779,0.003216,2.534423,19.890148,0.063962,63.9624,19.862172,10.936665,6.538006,0.021025,21.0248,50.292124,7.895201,1.210205,4.7198,9.497691,14.217491,15.1779,30.5425,0.04572,45.7204,0.332,0.668,0.029537,"Combined",0.029537,11.717824,1.119839,44.8312,"Combined",-32.6222940368451,8.06955285536581,1.98344010421313,FALSE
"YEP1C_INC-S5","Dry_Control",257,8.469,0.3556,5.28,1,10.1333,30.4053,0.003001,2.625702,22.237071,0.066723,66.7231,29.714498,11.330228,6.979104,0.020941,20.941,55.666339,8.502497,1.177572,5.237301,9.972861,15.210162,15.7147,29.9239,0.045639,45.6386,0.3443,0.6557,0.115745,"Combined",0.115745,12.457104,1.077484,44.5202,"Combined",-31.7457974180837,9.2890474475723,2.51211809470756,FALSE
"YEP1C_INC-U4","Dry_Unburned_DOC",256,8.502,0.3542,5.28,1,10.0779,30.4031,0.003017,2.642106,22.463189,0.067767,67.7672,22.18491,11.349869,7.001639,0.021123,21.1226,67.342696,8.071798,1.320978,4.979424,11.230957,16.210381,15.022,33.8817,0.048904,48.9036,0.3072,0.6928,0.014004,"Combined",0.014004,11.837972,1.230072,47.9607,"Combined",-31.814351309498,7.39029910444266,1.96598464993212,FALSE
"YEP1C_INC-U5","Dry_Unburned_DOC",233,8.709,0.3223,5.28,1,10.2784,30.4111,0.002959,2.879086,25.073959,0.074187,74.1873,23.543982,12.434583,7.741281,0.022904,22.9044,62.050721,9.000289,1.399405,5.603225,12.187414,17.790639,16.5785,36.0594,0.052638,52.6379,0.315,0.685,0.095527,"Combined",0.095527,13.141297,1.296716,51.5127,"Combined",-31.5114101751144,7.91915885976575,2.18431571243596,FALSE
"YEP2A_INC-H1","Wet_HighBurn_DOC",180,4.151,0.2486,5.28,1,14.1633,36.6567,0.002588,7.308888,30.339196,0.078522,78.5223,7.724402,25.980064,11.434974,0.029595,29.5954,7.438377,19.957415,2.742777,8.78414,11.385268,20.169408,22.7346,29.4667,0.052201,52.2014,0.4355,0.5645,0.3063,"Combined",0.3063,33.485725,2.360188,50.7787,"Combined",-40.4002302473666,16.2101069914769,2.80176530710711,FALSE
"YEP2A_INC-H2","Wet_HighBurn_DOC",179,4.646,0.2473,5.28,1,14.0408,36.5992,0.002607,6.970979,32.387168,0.084421,84.4214,6.933116,24.706942,11.564422,0.030144,30.1442,14.230274,17.519901,3.211373,8.200429,14.92004,23.120469,21.3755,38.8911,0.060267,60.2666,0.3547,0.6453,0.291864,"Combined",0.291864,29.067062,2.883066,58.9499,"Combined",-39.7259310211675,11.3874257474508,2.23359157521895,FALSE
"YEP2A_INC-S1","Wet_Control",183,4.771,0.2528,5.28,1,13.4762,36.3338,0.002696,8.334817,39.765411,0.107213,107.2133,7.749864,28.127462,13.351519,0.035998,35.9976,19.531733,19.049456,4.146435,9.042379,19.782641,28.82502,24.3796,53.3369,0.077716,77.7165,0.3137,0.6863,0.718333,"Combined",0.718333,31.781744,3.76611,76.1217,"Combined",-40.0616404184742,10.0986163441854,2.09506619006143,FALSE
"YEP2A_INC-S2","Wet_Control",144,5.4,0.1986,5.28,1,13.6735,36.4265,0.002664,6.572803,35.493134,0.094554,94.5545,2.246018,24.839734,12.559416,0.033459,33.4586,22.445924,14.275492,4.07642,7.217945,22.012666,29.230612,19.2288,58.6422,0.077871,77.871,0.2469,0.7531,0.087739,"Combined",0.087739,23.17113,3.852596,77.0674,"Combined",-38.3910409203177,5.80969299661837,1.04272364190305,FALSE
"YEP2A_INC-U1","Wet_Unburned_DOC",132,3.847,0.182,5.28,1,13.4082,36.3018,0.002707,9.226015,35.49248,0.096094,96.0935,2.5077,33.668162,14.191018,0.038421,38.4212,6.262433,22.986356,4.403483,9.688672,16.940199,26.628871,26.2314,45.8644,0.072096,72.0959,0.3638,0.6362,0.250549,"Combined",0.250549,39.059648,3.997532,71.0163,"Combined",-41.1506319770214,10.1550406600873,1.52021437331993,FALSE
"YEP2A_INC-U2","Wet_Unburned_DOC",152,4.792,0.2097,5.28,1,13.966,36.564,0.002618,6.935335,33.234126,0.087009,87.0094,4.169814,25.688552,12.221956,0.031998,31.998,13.251974,17.387022,3.476999,8.272301,16.66178,24.934081,21.6575,43.6217,0.065279,65.2792,0.3318,0.6682,0.107676,"Combined",0.107676,28.607925,3.178943,64.1461,"Combined",-39.2230579463558,9.37594665899956,1.76643630711766,FALSE
"YEP2B_INC-H3","Wet_HighBurn_DOC",114,5.191,0.157,5.28,1,14.7227,36.9196,0.002508,6.134512,31.844253,0.079855,79.8547,0.806293,26.155648,12.966667,0.032516,32.5161,9.964606,14.317219,3.853838,7.097764,20.005275,27.103039,17.7988,50.1665,0.067965,67.9653,0.2619,0.7381,0.016681,"Combined",0.016681,23.038575,3.668285,67.4931,"Combined",-37.8554489589743,5.05830381227195,0.699627072989685,FALSE
"YEP2B_INC-S3","Wet_Control",88,5.694,0.1208,5.28,1,14.2743,36.7089,0.002572,5.763865,32.819447,0.084401,84.401,0.110233,28.025494,14.541385,0.037396,37.3958,6.75487,10.892941,4.350136,5.651941,24.769676,30.421618,14.535,63.6996,0.078235,78.2346,0.1858,0.8142,0.003876,"Combined",0.003876,17.261847,4.230478,78.0535,"Combined",-36.8958547715085,2.82847470191312,0.232020345019763,FALSE
"YEP2B_INC-U3","Wet_Unburned_DOC",93,4.936,0.1278,5.28,1,14.6663,36.8932,0.002516,7.436452,36.706328,0.092335,92.3351,0.497913,31.942229,15.433324,0.038823,38.8227,6.891075,17.032422,4.730863,8.229447,23.351538,31.580985,20.7012,58.741,0.079442,79.4422,0.2606,0.7394,0.004686,"Combined",0.004686,27.654548,4.505287,78.9298,"Combined",-38.4100510339203,5.00691742834586,0.649184465182985,FALSE
"YEP2C_INC-H4","Wet_HighBurn_DOC",161,6.516,0.2222,5.28,1,12.481,35.866,0.002874,4.004874,26.09576,0.07499,74.99,0.830895,17.466263,9.6482,0.027726,27.7255,30.116309,7.952205,2.909628,4.392723,18.959138,23.351861,12.6231,54.4819,0.067105,67.105,0.1881,0.8119,0.036384,"Combined",0.036384,12.390358,2.818107,66.8155,"Combined",-35.8194089307186,3.24760557352862,0.433282696380337,FALSE
"YEP2C_INC-H5","Wet_HighBurn_DOC",113,6.012,0.1556,5.28,1,14.4603,36.7963,0.002545,4.983955,29.96354,0.076247,76.2465,0.307074,23.144487,12.32241,0.031356,31.3561,12.504332,10.01479,3.638052,5.331998,21.871966,27.203964,13.568,55.6563,0.069224,69.2244,0.196,0.804,0.015215,"Combined",0.015215,15.723211,3.528354,69.0006,"Combined",-36.3056948100487,3.10904177982141,0.324345005695598,FALSE
"YEP2C_INC-S4","Wet_Control",112,5.992,0.1542,5.28,1,14.1651,36.6576,0.002588,4.960362,29.722488,0.076918,76.9183,0.249304,23.169757,12.316642,0.031874,31.874,12.146587,9.670676,3.677024,5.140764,22.032727,27.173492,13.3037,57.0181,0.070322,70.3218,0.1892,0.8108,0.006376,"Combined",0.006376,15.219874,3.569294,70.1055,"Combined",-36.4602098545625,3.01824394404046,0.30853499368807,FALSE
"YEP2C_INC-S5","Wet_Control",113,6.288,0.1556,5.28,1,13.9882,36.5745,0.002615,5.043463,31.713296,0.08292,82.9197,0.308633,23.28267,12.655725,0.033091,33.0905,15.11097,9.823707,3.747909,5.339857,23.566854,28.906711,13.962,61.6195,0.075581,75.5815,0.1847,0.8153,0.005996,"Combined",0.005996,15.352252,3.639338,75.331,"Combined",-36.0112965837194,2.98326234056853,0.332532423570645,FALSE
"YEP2C_INC-U4","Wet_Unburned_DOC",122,6.566,0.1681,5.28,1,13.912,36.5386,0.002626,5.061159,33.231567,0.08728,87.2797,0.513706,22.515131,12.479685,0.032777,32.7768,21.779882,9.922813,3.727297,5.500016,24.47343,29.973446,14.4453,64.2772,0.078723,78.7225,0.1835,0.8165,0.015242,"Combined",0.015242,15.430706,3.615506,78.4126,"Combined",-35.6943680995542,3.09198767752011,0.395217095211738,FALSE
"YEP2C_INC-U5","Wet_Unburned_DOC",109,6.134,0.15,5.28,1,14.014,36.5866,0.002611,5.225813,32.055134,0.083687,83.6869,0.289645,24.136424,12.97116,0.033864,33.864,13.380481,10.220441,3.866135,5.492569,23.714874,29.207443,14.3395,61.9128,0.076252,76.2524,0.1881,0.8119,0.012629,"Combined",0.012629,16.024758,3.753208,76.0101,"Combined",-36.2209338824337,3.0088127276719,0.318773426163102,FALSE
"YEP_INC-WH1","Unknown",4277,8.626,5.9393,5.28,1,NA,NA,NA,0.001,0.008626,NA,NA,38.298241,0.01,0.006203,NA,NA,33.034267,0.01,0.001,0.006203,0.008626,0.014829,NA,NA,NA,NA,0.4183,0.5817,55.306571,"Biotic",33.034267,0.01,0.001,NA,"Biotic",0,0,NA,FALSE
"YEP_INC-WH2","Unknown",4288,8.623,5.9547,5.28,1,NA,NA,NA,0.001,0.008623,NA,NA,32.176671,0.01,0.006202,NA,NA,27.845808,0.01,0.001,0.006202,0.008623,0.014825,NA,NA,NA,NA,0.4184,0.5816,46.713229,"Biotic",27.845808,0.01,0.001,NA,"Biotic",0,0,NA,FALSE
"YEP_INC-WS1","Unknown",4325,8.686,6.006,5.28,1,NA,NA,NA,0.001,0.008686,NA,NA,27.47984,0.01,0.00622,NA,NA,24.683987,0.01,0.001,0.006219,0.008686,0.014906,NA,NA,NA,NA,0.4173,0.5827,37.879208,"Biotic",24.683987,0.01,0.001,NA,"Biotic",0,0,NA,FALSE
"YEP_INC-WS2","Unknown",4349,8.664,6.0394,5.28,1,NA,NA,NA,0.001,0.008664,NA,NA,19.575479,0.01,0.006214,NA,NA,17.347672,0.01,0.001,0.006213,0.008664,0.014878,NA,NA,NA,NA,0.4176,0.5824,28.522445,"Biotic",17.347672,0.01,0.001,NA,"Biotic",0,0,NA,FALSE
"YEP_INC-WU1","Unknown",4253,8.886,5.9061,5.28,1,NA,NA,NA,0.001,0.008886,NA,NA,22.882379,0.01,0.006273,NA,NA,22.306099,0.01,0.001,0.006273,0.008886,0.015159,NA,NA,NA,NA,0.4138,0.5862,27.248511,"Biotic",22.306099,0.01,0.001,NA,"Biotic",0,0,NA,FALSE
"YEP_INC-WU2","Unknown",4361,8.434,6.056,5.28,1,NA,NA,NA,0.001,0.008434,NA,NA,57.338285,0.01,0.00615,NA,NA,50.116919,0.01,0.001,0.00615,0.008434,0.014584,NA,NA,NA,NA,0.4217,0.5783,80.715105,"Biotic",50.116919,0.01,0.001,NA,"Biotic",0,0,NA,FALSE
"YEP1A_INC-H2","Dry_HighBurn_DOC",399,7.899,0.5528,10,1,10.2596,30.4104,0.002964,2.838645,22.422459,0.066462,66.4622,150.050036,14.311335,6.315729,0.01872,18.7204,48.754733,12.474209,0.769007,5.504988,6.074383,11.579371,16.3173,18.005,0.034322,34.3223,0.4754,0.5246,3.97404,"Combined",3.97404,12.474209,0.769007,34.3223,"Combined",0,0,0,FALSE
"YEP1A_INC-S1","Dry_Control",346,7.287,0.4792,10,1,10.4712,30.4188,0.002905,3.125883,22.778309,0.066171,66.1709,92.726083,16.265655,6.856472,0.019918,19.918,34.962729,14.044538,0.877331,5.920203,6.393109,12.313312,17.1982,18.572,0.03577,35.7701,0.4808,0.5192,2.91014,"Combined",2.91014,14.044538,0.877331,35.7701,"Combined",0,0,0,FALSE
"YEP1A_INC-S2","Dry_Control",400,7.218,0.5542,10,1,10.0385,30.4015,0.003028,2.848189,20.558229,0.06226,62.2604,137.641658,14.602771,6.121663,0.018539,18.5394,31.406085,13.042738,0.646631,5.467678,4.667384,10.135063,16.5588,14.1351,0.030694,30.6939,0.5395,0.4605,6.136115,"Combined",6.136115,13.042738,0.646631,30.6939,"Combined",0,0,0,FALSE
"YEP1A_INC-U1","Dry_Unburned_DOC",291,7.892,0.4028,10,1,10.7596,30.4304,0.002828,3.21985,25.411056,0.071868,71.8678,69.881406,17.354282,7.654817,0.021649,21.6494,38.972655,14.606965,1.036724,6.443001,8.181825,14.624826,18.2222,23.1399,0.041362,41.3621,0.4406,0.5594,0.794092,"Combined",0.794092,14.606965,1.036724,41.3621,"Combined",0,0,0,FALSE
"YEP1B_INC-H1","Dry_HighBurn_DOC",281,8.445,0.3889,10,1,9.2024,30.3681,0.0033,2.535347,21.411004,0.070657,70.6567,28.758765,15.0263,6.879756,0.022703,22.7033,56.854074,11.322772,1.141014,5.184105,9.635859,14.819964,17.1076,31.7985,0.048906,48.9062,0.3498,0.6502,0.100192,"Combined",0.100192,11.322772,1.141014,48.9062,"Combined",0,0,0,FALSE
"YEP1B_INC-H3","Dry_HighBurn_DOC",197,7.661,0.2722,10,1,10.0119,30.4005,0.003036,3.427421,26.257469,0.079729,79.7291,13.863298,21.14055,9.170361,0.027845,27.8452,26.228829,15.867736,1.508766,6.883117,11.558657,18.441773,20.9001,35.0971,0.055997,55.9973,0.3732,0.6268,0.041097,"Combined",0.041097,15.867736,1.508766,55.9973,"Combined",0,0,0,FALSE
"YEP1B_INC-S3","Dry_Control",269,8.088,0.3722,10,1,10.1401,30.4056,0.002999,2.581856,20.882055,0.062616,62.6159,26.106794,15.600633,6.975781,0.020917,20.9172,41.65615,11.97277,1.096797,5.353592,8.870892,14.224484,16.053,26.5998,0.042653,42.6528,0.3764,0.6236,0.124614,"Combined",0.124614,11.97277,1.096797,42.6528,"Combined",0,0,0,FALSE
"YEP1B_INC-U2","Dry_Unburned_DOC",241,8.217,0.3334,10,1,9.7119,30.3885,0.003129,2.949828,24.238739,0.075843,75.8429,19.683783,17.564218,7.922555,0.02479,24.7896,48.606229,12.891914,1.394696,5.815055,11.460215,17.27527,18.1953,35.859,0.054054,54.0543,0.3366,0.6634,0.01951,"Combined",0.01951,12.891914,1.394696,54.0543,"Combined",0,0,0,FALSE
"YEP1B_INC-U3","Dry_Unburned_DOC",246,8.469,0.3403,10,1,10.3641,30.4146,0.002935,2.768431,23.445843,0.068804,68.8044,23.312456,16.73595,7.674306,0.022521,22.5211,46.537981,12.581656,1.245375,5.769346,10.547079,16.316425,16.9308,30.9516,0.047882,47.8824,0.3536,0.6464,0.048676,"Combined",0.048676,12.581656,1.245375,47.8824,"Combined",0,0,0,FALSE
"YEP1C_INC-H4","Dry_HighBurn_DOC",233,8.43,0.3222,10,1,10.0044,30.4002,0.003039,3.008684,25.363208,0.077071,77.0707,21.68355,17.958585,8.214372,0.024961,24.9609,47.344302,13.382182,1.384152,6.121096,11.668405,17.7895,18.6001,35.4566,0.054057,54.0567,0.3441,0.6559,0.058332,"Combined",0.058332,13.382182,1.384152,54.0567,"Combined",0,0,0,FALSE
"YEP1C_INC-H5","Dry_HighBurn_DOC",185,7.182,0.2556,10,1,9.9662,30.3987,0.00305,3.18123,22.847596,0.069689,69.6893,6.289447,21.004894,8.779953,0.02678,26.7804,18.249292,14.844197,1.525541,6.204809,10.956434,17.161243,18.9258,33.4191,0.052345,52.3449,0.3616,0.6384,0.020216,"Combined",0.020216,14.844197,1.525541,52.3449,"Combined",0,0,0,FALSE
"YEP1C_INC-S4","Dry_Control",265,7.848,0.3667,10,1,9.4465,30.3779,0.003216,2.534423,19.890148,0.063962,63.9624,19.862172,15.602169,6.860479,0.022062,22.0618,37.905958,11.717824,1.119839,5.152481,8.7885,13.940981,16.5693,28.2619,0.044831,44.8312,0.3696,0.6304,0.086794,"Combined",0.086794,11.717824,1.119839,44.8312,"Combined",0,0,0,FALSE
"YEP1C_INC-S5","Dry_Control",257,8.469,0.3556,10,1,10.1333,30.4053,0.003001,2.625702,22.237071,0.066723,66.7231,29.714498,15.976119,7.325884,0.021982,21.9816,40.930801,12.457104,1.077484,5.712232,9.125212,14.837444,17.1397,27.3805,0.04452,44.5202,0.385,0.615,0.060553,"Combined",0.060553,12.457104,1.077484,44.5202,"Combined",0,0,0,FALSE
"YEP1C_INC-U4","Dry_Unburned_DOC",256,8.502,0.3542,10,1,10.0779,30.4031,0.003017,2.642106,22.463189,0.067767,67.7672,22.18491,15.998124,7.351424,0.022178,22.1778,51.337542,11.837972,1.230072,5.43976,10.458073,15.897833,16.4107,31.55,0.047961,47.9607,0.3422,0.6578,0.049837,"Combined",0.049837,11.837972,1.230072,47.9607,"Combined",0,0,0,FALSE
"YEP1C_INC-U5","Dry_Unburned_DOC",233,8.709,0.3223,10,1,10.2784,30.4111,0.002959,2.879086,25.073959,0.074187,74.1873,23.543982,17.45655,8.125987,0.024043,24.0427,46.820742,13.141297,1.296716,6.117246,11.293096,17.410342,18.0993,33.4133,0.051513,51.5127,0.3514,0.6486,0.04903,"Combined",0.04903,13.141297,1.296716,51.5127,"Combined",0,0,0,FALSE
"YEP2A_INC-H1","Wet_HighBurn_DOC",180,4.151,0.2486,10,1,14.1633,36.6567,0.002588,7.308888,30.339196,0.078522,78.5223,7.724402,41.306721,12.116755,0.03136,31.3599,4.988106,33.485725,2.360188,9.822574,9.797141,19.619715,25.4223,25.3564,0.050779,50.7787,0.5006,0.4994,0.420189,"Combined",0.420189,33.485725,2.360188,50.7787,"Combined",0,0,0,FALSE
"YEP2A_INC-H2","Wet_HighBurn_DOC",179,4.646,0.2473,10,1,14.0408,36.5992,0.002607,6.970979,32.387168,0.084421,84.4214,6.933116,38.682931,12.270988,0.031986,31.986,10.052496,29.067062,2.883066,9.220645,13.394725,22.61537,24.0348,34.9151,0.05895,58.9499,0.4077,0.5923,0.398797,"Combined",0.398797,29.067062,2.883066,58.9499,"Combined",0,0,0,FALSE
"YEP2A_INC-S1","Wet_Control",183,4.771,0.2528,10,1,13.4762,36.3338,0.002696,8.334817,39.765411,0.107213,107.2133,7.749864,43.938586,14.192065,0.038264,38.2639,14.290405,31.781744,3.76611,10.265432,17.968109,28.233541,27.6771,48.4446,0.076122,76.1217,0.3636,0.6364,0.90218,"Combined",0.90218,31.781744,3.76611,76.1217,"Combined",0,0,0,FALSE
"YEP2A_INC-S2","Wet_Control",144,5.4,0.1986,10,1,13.6735,36.4265,0.002664,6.572803,35.493134,0.094554,94.5545,2.246018,37.915882,13.29518,0.035419,35.4186,17.21734,23.17113,3.852596,8.124942,20.804019,28.928961,21.645,55.4224,0.077067,77.0674,0.2809,0.7191,0.115339,"Combined",0.115339,23.17113,3.852596,77.0674,"Combined",0,0,0,FALSE
"YEP2A_INC-U1","Wet_Unburned_DOC",132,3.847,0.182,10,1,13.4082,36.3018,0.002707,9.226015,35.49248,0.096094,96.0935,2.5077,49.999996,13.891094,0.037609,37.6092,6.898011,39.059648,3.997532,10.851626,15.378504,26.23013,29.38,41.6363,0.071016,71.0163,0.4137,0.5863,0.299317,"Combined",0.299317,39.059648,3.997532,71.0163,"Combined",0,0,0,FALSE
"YEP2A_INC-U2","Wet_Unburned_DOC",152,4.792,0.2097,10,1,13.966,36.564,0.002618,6.935335,33.234126,0.087009,87.0094,4.169814,39.946616,12.941062,0.033881,33.8806,9.585039,28.607925,3.178943,9.267792,15.233493,24.501285,24.2638,39.8824,0.064146,64.1461,0.3783,0.6217,0.154662,"Combined",0.154662,28.607925,3.178943,64.1461,"Combined",0,0,0,FALSE
"YEP2B_INC-H3","Wet_HighBurn_DOC",114,5.191,0.157,10,1,14.7227,36.9196,0.002508,6.134512,31.844253,0.079855,79.8547,0.806293,39.762531,13.587473,0.034073,34.0728,7.9061,23.038575,3.668285,7.872638,19.042069,26.914707,19.7419,47.7511,0.067493,67.4931,0.2925,0.7075,0.022007,"Combined",0.022007,23.038575,3.668285,67.4931,"Combined",0,0,0,FALSE
"YEP2B_INC-S3","Wet_Control",88,5.694,0.1208,10,1,14.2743,36.7089,0.002572,5.763865,32.819447,0.084401,84.401,0.110233,41.597375,15.092102,0.038812,38.812,5.703773,17.261847,4.230478,6.262836,24.088343,30.351179,16.106,61.9475,0.078053,78.0535,0.2063,0.7937,0.004428,"Combined",0.004428,17.261847,4.230478,78.0535,"Combined",0,0,0,FALSE
"YEP2B_INC-U3","Wet_Unburned_DOC",93,4.936,0.1278,10,1,14.6663,36.8932,0.002516,7.436452,36.706328,0.092335,92.3351,0.497913,48.887159,16.156067,0.040641,40.6407,5.476538,27.654548,4.505287,9.139184,22.238098,31.377282,22.9897,55.9401,0.07893,78.9298,0.2913,0.7087,0.00681,"Combined",0.00681,27.654548,4.505287,78.9298,"Combined",0,0,0,FALSE
"YEP2C_INC-H4","Wet_HighBurn_DOC",161,6.516,0.2222,10,1,12.481,35.866,0.002874,4.004874,26.09576,0.07499,74.99,0.830895,25.618337,10.107113,0.029044,29.0443,24.796253,12.390358,2.818107,4.888325,18.362783,23.251108,14.0473,52.7682,0.066815,66.8155,0.2102,0.7898,0.043649,"Combined",0.043649,12.390358,2.818107,66.8155,"Combined",0,0,0,FALSE
"YEP2C_INC-H5","Wet_HighBurn_DOC",113,6.012,0.1556,10,1,14.4603,36.7963,0.002545,4.983955,29.96354,0.076247,76.2465,0.307074,34.192792,12.838313,0.032669,32.6689,10.431909,15.723211,3.528354,5.903569,21.212463,27.116032,15.0225,53.9781,0.069001,69.0006,0.2177,0.7823,0.017574,"Combined",0.017574,15.723211,3.528354,69.0006,"Combined",0,0,0,FALSE
"YEP2C_INC-S4","Wet_Control",112,5.992,0.1542,10,1,14.1651,36.6576,0.002588,4.960362,29.722488,0.076918,76.9183,0.249304,34.232759,12.826582,0.033194,33.1937,10.15631,15.219874,3.569294,5.702694,21.38721,27.089904,14.7579,55.3476,0.070105,70.1055,0.2105,0.7895,0.007645,"Combined",0.007645,15.219874,3.569294,70.1055,"Combined",0,0,0,FALSE
"YEP2C_INC-S5","Wet_Control",113,6.288,0.1556,10,1,13.9882,36.5745,0.002615,5.043463,31.713296,0.08292,82.9197,0.308633,34.181871,13.195948,0.034503,34.503,12.621354,15.352252,3.639338,5.926753,22.884156,28.810909,15.4965,59.8345,0.075331,75.331,0.2057,0.7943,0.007491,"Combined",0.007491,15.352252,3.639338,75.331,"Combined",0,0,0,FALSE
"YEP2C_INC-U4","Wet_Unburned_DOC",122,6.566,0.1681,10,1,13.912,36.5386,0.002626,5.061159,33.231567,0.08728,87.2797,0.513706,32.933539,13.053339,0.034283,34.2834,18.045881,15.430706,3.615506,6.116022,23.739416,29.855438,16.0632,62.3494,0.078413,78.4126,0.2049,0.7951,0.018728,"Combined",0.018728,15.430706,3.615506,78.4126,"Combined",0,0,0,FALSE
"YEP2C_INC-U5","Wet_Unburned_DOC",109,6.134,0.15,10,1,14.014,36.5866,0.002611,5.225813,32.055134,0.083687,83.6869,0.289645,35.565822,13.521802,0.035302,35.3016,11.171854,16.024758,3.753208,6.092467,23.02218,29.114648,15.9057,60.1044,0.07601,76.0101,0.2093,0.7907,0.014681,"Combined",0.014681,16.024758,3.753208,76.0101,"Combined",0,0,0,FALSE
"YEP_INC-WH1","Unknown",4277,8.626,5.9393,10,1,NA,NA,NA,0.001,0.008626,NA,NA,38.298241,0.01,0.004631,NA,NA,29.673397,0.01,0.001,0.004631,0.008626,0.013257,NA,NA,NA,NA,0.3493,0.6507,50.566127,"Biotic",29.673397,0.01,0.001,NA,"Biotic",0,0,NA,FALSE
"YEP_INC-WH2","Unknown",4288,8.623,5.9547,10,1,NA,NA,NA,0.001,0.008623,NA,NA,32.176671,0.01,0.00463,NA,NA,25.125625,0.01,0.001,0.00463,0.008623,0.013254,NA,NA,NA,NA,0.3494,0.6506,42.601725,"Biotic",25.125625,0.01,0.001,NA,"Biotic",0,0,NA,FALSE
"YEP_INC-WS1","Unknown",4325,8.686,6.006,10,1,NA,NA,NA,0.001,0.008686,NA,NA,27.47984,0.01,0.004648,NA,NA,23.068288,0.01,0.001,0.004648,0.008686,0.013335,NA,NA,NA,NA,0.3486,0.6514,34.823473,"Biotic",23.068288,0.01,0.001,NA,"Biotic",0,0,NA,FALSE
"YEP_INC-WS2","Unknown",4349,8.664,6.0394,10,1,NA,NA,NA,0.001,0.008664,NA,NA,19.575479,0.01,0.004642,NA,NA,16.116829,0.01,0.001,0.004642,0.008664,0.013306,NA,NA,NA,NA,0.3489,0.6511,25.829935,"Biotic",16.116829,0.01,0.001,NA,"Biotic",0,0,NA,FALSE
"YEP_INC-WU1","Unknown",4253,8.886,5.9061,10,1,NA,NA,NA,0.001,0.008886,NA,NA,22.882379,0.010562,0.00497,NA,NA,22.216409,0.01,0.001,0.004705,0.008886,0.013591,NA,NA,NA,NA,0.3462,0.6538,25.76175,"Biotic",22.216409,0.01,0.001,NA,"Biotic",0,0,NA,FALSE
"YEP_INC-WU2","Unknown",4361,8.434,6.056,10,1,NA,NA,NA,0.001,0.008434,NA,NA,57.338285,0.01,0.004575,NA,NA,45.095151,0.01,0.001,0.004575,0.008434,0.01301,NA,NA,NA,NA,0.3517,0.6483,74.263705,"Biotic",45.095151,0.01,0.001,NA,"Biotic",0,0,NA,FALSE
